config_id,desc,status,trades,per_week,pf0,pf1,pf2,net0,net1,net2,mdd1,mdd2,posyr0,posyr1,posyr2
BENCH,RB-K1 benchmark,EVALUATED,2150,5.164722031571722,1.48615804879205,1.3514820637900458,1.2295607889638893,459.4424,349.5419324833029,239.64146496660578,-21.441724631451265,-26.107251297285522,8,8,8
V00,AMD tf1m w3.00 gate=True wait30m,EVALUATED,1670,4.011667810569664,1.4688421989686866,1.3616253896195285,1.262902149340476,361.82169999999996,291.0861945085043,220.35068901700865,-24.237067569136684,-29.74544362576634,8,8,7
V00_K1,AMD tf1m w3.00 gate=True wait30m +K1 VWAP state,EVALUATED,383,0.920041180507893,1.73465,1.5778625947035165,1.4353842201867992,110.19749999999999,91.03197271976359,71.86644543952717,-10.716358605193705,-11.891317210387328,7,7,7
V01,AMD tf1m w3.00 gate=True wait60m,EVALUATED,2333,5.604323953328758,1.359665862480188,1.2577925571622097,1.1641403232383754,403.2929,301.7509242193567,200.20894843871338,-39.986041722558866,-43.92028344511701,8,8,6
V01_K1,AMD tf1m w3.00 gate=True wait60m +K1 VWAP state,EVALUATED,601,1.4437199725463281,1.73685368852459,1.5828937224824489,1.4432993628639665,179.7923,149.54428560395706,119.29627120791412,-13.580756773035063,-15.537113546070046,8,8,8
V02,AMD tf1m w3.00 gate=False wait30m,EVALUATED,1980,4.756348661633494,1.475221475534005,1.3652687788109494,1.2642229483363947,436.5547,350.33938534178054,264.124070683561,-28.601908348331904,-33.012116696664066,8,8,7
V02_K1,AMD tf1m w3.00 gate=False wait30m +K1 VWAP state,EVALUATED,508,1.2203157172271792,1.76752333027346,1.606973596196092,1.4611475640641503,152.006,126.27817605631151,100.55035211262302,-14.94379615468317,-16.346192309366245,8,8,8
V03,AMD tf1m w3.00 gate=False wait60m,EVALUATED,2747,6.598833218943033,1.418763095310652,1.3111489488318115,1.2124145791766696,547.6049,425.179051798386,302.75320359677215,-20.919777063647132,-22.485254127294326,8,8,7
V03_K1,AMD tf1m w3.00 gate=False wait60m +K1 VWAP state,EVALUATED,769,1.8472889498970488,1.835477071052598,1.6722048203650397,1.5241346288384785,251.51819999999998,212.75373700895153,173.98927401790306,-12.366783974696233,-13.799167949392398,8,8,8
V04,AMD tf1m w4.50 gate=True wait30m,EVALUATED,3115,7.482841455044612,1.3515280607243636,1.2503045652954323,1.1575033512208739,542.0414000000001,403.47313153708944,264.9048630741788,-19.773249304082725,-30.743248472465584,8,7,7
V04_K1,AMD tf1m w4.50 gate=True wait30m +K1 VWAP state,EVALUATED,826,1.9842141386410432,1.452490633608815,1.3206878601304348,1.201126361879404,164.2541,122.36898244157034,80.48386488314065,-21.34338936893525,-25.923678737870475,7,7,6
V05,AMD tf1m w4.50 gate=True wait60m,EVALUATED,3448,8.28277282086479,1.3300527896628362,1.228560476654815,1.1355952326003222,567.6269000000001,411.10703622048646,254.5871724409729,-30.29244564123826,-35.36539128247625,8,7,7
V05_K1,AMD tf1m w4.50 gate=True wait60m +K1 VWAP state,EVALUATED,998,2.397391901166781,1.4653376391982182,1.3358737508200769,1.2185250345090608,208.9366,158.59204588588415,108.24749177176834,-34.082561739786335,-40.3368234795726,7,7,7
V06,AMD tf1m w4.50 gate=False wait30m,EVALUATED,3346,8.037748798901854,1.3555542057046182,1.2515937385457134,1.1565065613240444,587.6804,435.2515302453903,282.82266049078066,-31.65739811942558,-37.602654447686064,8,7,6
V06_K1,AMD tf1m w4.50 gate=False wait30m +K1 VWAP state,EVALUATED,979,2.3517501715854494,1.471870310110002,1.3371254403259236,1.2150533243549708,202.9266,152.5053674974361,102.08413499487222,-27.507123587263614,-33.9220471745272,7,6,6
V07,AMD tf1m w4.50 gate=False wait60m,EVALUATED,3583,8.607069320521619,1.3103683281100431,1.2068962874435623,1.1124131262252728,554.8251,387.4484328453043,220.07176569060854,-40.82349866845624,-52.91667856603101,8,8,6
V07_K1,AMD tf1m w4.50 gate=False wait60m +K1 VWAP state,EVALUATED,1116,2.6808510638297873,1.479036787312563,1.3472084958063864,1.227751908989628,239.5411,182.6113529612964,125.6816059225928,-26.250313349331595,-33.15492669866313,7,7,7
V08,AMD tf3m w2.00 gate=True wait30m,EVALUATED,1977,4.749142072752231,1.4318767520588926,1.3296371697353733,1.2353958934980291,407.8134,324.48118047744913,241.14896095489814,-19.406405938868005,-21.32436242373285,8,8,7
V08_K1,AMD tf3m w2.00 gate=True wait30m +K1 VWAP state,EVALUATED,418,1.004118050789293,1.4104134730231679,1.2858400250605833,1.172668874733425,77.58760000000001,56.759515858626074,35.93143171725216,-16.14818448677361,-20.34886897354726,8,7,7
V09,AMD tf3m w2.00 gate=True wait60m,EVALUATED,2638,6.336993822923816,1.3684000170660229,1.2690755144020485,1.1776616574895082,476.63550000000004,363.1937789681826,249.7520579363652,-25.131155391941036,-31.89903904311211,8,7,7
V09_K1,AMD tf3m w2.00 gate=True wait60m +K1 VWAP state,EVALUATED,649,1.559025394646534,1.5388576923076922,1.4060731361848335,1.285587471893309,154.1133,122.06440793950247,90.01551587900495,-12.96952712565551,-14.38095632719461,8,8,8
V10,AMD tf3m w2.00 gate=False wait30m,EVALUATED,2248,5.400137268359643,1.452474293680196,1.3469109707417122,1.2497809617542355,482.2595,385.80095839390225,289.34241678780444,-24.127918364121285,-27.13733672824307,8,8,7
V10_K1,AMD tf3m w2.00 gate=False wait30m +K1 VWAP state,EVALUATED,536,1.2875772134522994,1.535894821489058,1.3986443930091499,1.274142090254917,124.35300000000001,97.24028185199106,70.12756370398213,-10.163917965017063,-11.222235930034124,8,8,6
V11,AMD tf3m w2.00 gate=False wait60m,EVALUATED,3030,7.278654770075498,1.3546290720537943,1.2535884004016207,1.1608388972325832,530.664,396.4295040278994,262.19500805579884,-26.963238088379683,-39.33436618591624,8,8,7
V11_K1,AMD tf3m w2.00 gate=False wait60m +K1 VWAP state,EVALUATED,795,1.9097460535346602,1.5075678223377371,1.3745209656494815,1.2539832891290508,179.1955,139.0846179206101,98.97373584122016,-15.153915923691684,-17.485631847383374,8,8,8
V12,AMD tf3m w3.00 gate=True wait30m,EVALUATED,3024,7.264241592312972,1.360883259051591,1.2585726727100297,1.1647524876847553,534.9802,400.65835582286206,266.3365116457241,-26.00746362105795,-35.936920451448486,8,7,7
V12_K1,AMD tf3m w3.00 gate=True wait30m +K1 VWAP state,EVALUATED,750,1.8016472203157172,1.375620760233918,1.2490538131096613,1.1347167405499057,128.4623,89.73178019413578,51.001260388271575,-21.280896858445047,-26.28006598994419,7,7,7
V13,AMD tf3m w3.00 gate=True wait60m,EVALUATED,3401,8.169869595058339,1.3475877202740232,1.2449133994398323,1.150875370003159,585.8817999999999,431.7746740673749,277.66754813474995,-35.911513351886754,-42.54274937524423,8,7,6
V13_K1,AMD tf3m w3.00 gate=True wait60m +K1 VWAP state,EVALUATED,915,2.198009608785175,1.4147645083932852,1.2866458200291113,1.170894839134721,172.9568,125.91711995537327,78.87743991074653,-32.61751357098174,-38.74762714196347,7,7,6
V14,AMD tf3m w3.00 gate=False wait30m,EVALUATED,3233,7.766300617707619,1.3595615227785403,1.255104644065121,1.1595310181187561,571.7071000000001,424.47090870101727,277.23471740203445,-43.929623013332275,-50.263156898761565,8,7,6
V14_K1,AMD tf3m w3.00 gate=False wait30m +K1 VWAP state,EVALUATED,903,2.1691832532601234,1.469865070989088,1.3322831078233097,1.20819313271979,187.9683,140.15550939028796,92.34271878057591,-28.183953236991112,-34.3588064739822,7,7,7
V15,AMD tf3m w3.00 gate=False wait60m,EVALUATED,3586,8.614275909402883,1.296561836525215,1.194176308731555,1.1006837001739433,532.5102,365.2482817709176,197.98636354183517,-49.5283331358398,-70.78266627167903,8,7,6
V15_K1,AMD tf3m w3.00 gate=False wait60m +K1 VWAP state,EVALUATED,1068,2.565545641729581,1.4592067366680876,1.3252155809396815,1.2042212373672654,220.44099999999997,164.50378166149335,108.56656332298674,-24.406506946125145,-31.055513892250215,8,7,6
V16,AMD tf5m w1.50 gate=True wait30m,EVALUATED,1819,4.369595058339053,1.3942694423044364,1.295986250709049,1.2053117327905283,346.05920000000003,270.6952900954982,195.33138019099638,-21.187273937275506,-26.7448577916673,7,7,7
V16_K1,AMD tf5m w1.50 gate=True wait30m +K1 VWAP state,EVALUATED,373,0.8960192175703501,1.50150245398773,1.3702886678798603,1.2509912199808513,81.7449,63.371514061572654,44.99812812314532,-11.954442714830336,-12.933212553812389,8,7,7
V17,AMD tf5m w1.50 gate=True wait60m,EVALUATED,2469,5.931022649279341,1.348549288572348,1.2510065274208795,1.1612081569157617,421.98350000000005,316.9950036076749,212.00650721534979,-30.775307322007322,-35.57091464401455,8,7,7
V17_K1,AMD tf5m w1.50 gate=True wait60m +K1 VWAP state,EVALUATED,611,1.467741935483871,1.6237828793774318,1.4821664623562094,1.3537446242676907,160.3122,130.28263639195706,100.25307278391409,-19.536670998601984,-23.427141997203954,8,7,7
V18,AMD tf5m w1.50 gate=False wait30m,EVALUATED,2074,4.982155113246397,1.4291441181138447,1.325963596017248,1.2309776944270296,423.4462,335.51157161939796,247.57694323879585,-21.043905746596693,-24.855695554068053,7,7,7
V18_K1,AMD tf5m w1.50 gate=False wait30m +K1 VWAP state,EVALUATED,468,1.1242278654770075,1.6545341968911917,1.5066337961696512,1.372418902712937,126.32509999999999,102.76551201516503,79.20592403033004,-9.672982825153404,-10.655365650306795,8,8,7
V19,AMD tf5m w1.50 gate=False wait60m,EVALUATED,2846,6.836650652024709,1.351917497103591,1.251375934048525,1.1590877960815673,493.6295,368.3690949332622,243.10868986652446,-31.964411923813657,-40.32645262085868,8,7,7
V19_K1,AMD tf5m w1.50 gate=False wait60m +K1 VWAP state,EVALUATED,757,1.8184625943719972,1.6326761006289305,1.4875411146636024,1.3560951422752856,201.19100000000003,163.1110426480396,125.03108529607917,-18.770575824384515,-23.223051648769008,8,8,7
V20,AMD tf5m w2.25 gate=True wait30m,EVALUATED,2863,6.877487989018531,1.3557985994667716,1.2552137323361434,1.1628738916734385,500.24019999999996,374.8420885481123,249.44397709622453,-24.582695082778855,-31.527622671587224,8,7,7
V20_K1,AMD tf5m w2.25 gate=True wait30m +K1 VWAP state,EVALUATED,678,1.6286890871654085,1.3802434083601285,1.2550289274112474,1.1417553356025325,118.2557,83.49449261757019,48.73328523514038,-18.033419810822693,-23.10587705933152,7,6,5
V21,AMD tf5m w2.25 gate=True wait60m,EVALUATED,3342,8.028140013726835,1.3436764376781447,1.2421736331904476,1.1491065908119837,566.8339,417.5259647826344,268.2180295652688,-29.97295332660991,-35.928937799220506,8,8,7
V21_K1,AMD tf5m w2.25 gate=True wait60m +K1 VWAP state,EVALUATED,882,2.1187371310912835,1.3977373464373462,1.2724460966228377,1.1591163829846405,161.8791,116.73734375150522,71.59558750301045,-25.144254621196104,-31.536243000938434,6,6,6
V22,AMD tf5m w2.25 gate=False wait30m,EVALUATED,3119,7.49245024021963,1.34269082328751,1.2411317368797257,1.1480528243674082,529.4614,389.523387652133,249.585375304266,-36.88807693671504,-46.901726121492764,8,7,6
V22_K1,AMD tf5m w2.25 gate=False wait30m +K1 VWAP state,EVALUATED,812,1.9505833905284833,1.4663966743736492,1.3319872367423016,1.21049989254561,169.3241,126.93708146554843,84.55006293109682,-25.533467972992952,-31.110135945985867,7,6,6
V23,AMD tf5m w2.25 gate=False wait60m,EVALUATED,3543,8.510981468771448,1.315339146010976,1.213470341306767,1.1202790095922746,558.2674999999999,395.51751556022776,232.76753112045546,-41.221385943214955,-60.91138374733069,8,8,6
V23_K1,AMD tf5m w2.25 gate=False wait60m +K1 VWAP state,EVALUATED,997,2.394989704873027,1.462541056786463,1.3300004451345264,1.2101252863797165,208.1654,156.36158962852141,104.55777925704288,-20.480176680587306,-26.5365406050788,7,6,6
V24,AMD tf15m w1.00 gate=True wait30m,EVALUATED,368,0.8840082361015786,1.5001707192993954,1.3877385812107519,1.2844797531900187,80.12960000000001,64.87666192818449,49.623723856368976,-16.94276388762583,-20.176746877229046,7,7,7
V24_K1,AMD tf15m w1.00 gate=True wait30m +K1 VWAP state,TOO_FEW,57,,,,,,,,,,,,
V25,AMD tf15m w1.00 gate=True wait60m,EVALUATED,592,1.4221002059025394,1.3288713882978913,1.2294216057681535,1.1383353533066305,93.2084,68.00761896312035,42.80683792624071,-28.95373317264454,-40.38166634528902,6,5,4
V25_K1,AMD tf15m w1.00 gate=True wait60m +K1 VWAP state,TOO_FEW,116,,,,,,,,,,,,
V26,AMD tf15m w1.00 gate=False wait30m,EVALUATED,370,0.8888126286890872,1.4816734430918994,1.3706991789953769,1.2687690668115492,78.1296,62.79666984819241,47.46373969638482,-17.760629482570568,-21.264658965141138,7,7,7
V26_K1,AMD tf15m w1.00 gate=False wait30m +K1 VWAP state,TOO_FEW,57,,,,,,,,,,,,
V27,AMD tf15m w1.00 gate=False wait60m,EVALUATED,602,1.4461221688400825,1.3266127152345528,1.2267626078861595,1.1353416169578687,93.8747,68.18052617867033,42.4863523573407,-30.54088401644931,-42.25066803289855,6,5,4
V27_K1,AMD tf15m w1.00 gate=False wait60m +K1 VWAP state,TOO_FEW,120,,,,,,,,,,,,
V28,AMD tf15m w1.50 gate=True wait30m,EVALUATED,1025,2.4622512010981468,1.4587397232773847,1.3503879605600568,1.2509329275217125,219.3714,175.05149255141816,130.73158510283628,-25.80278821031513,-31.538176420630254,7,7,6
V28_K1,AMD tf15m w1.50 gate=True wait30m +K1 VWAP state,TOO_FEW,194,,,,,,,,,,,,
V29,AMD tf15m w1.50 gate=True wait60m,EVALUATED,1704,4.09334248455731,1.3393710484017582,1.2389708216847541,1.1469166104590762,282.25109999999995,207.7590752022557,133.26705040451142,-32.12512514976235,-39.177450299524644,7,6,6
V29_K1,AMD tf15m w1.50 gate=True wait60m +K1 VWAP state,EVALUATED,420,1.0089224433768016,1.2515633663366337,1.1377575729048761,1.0352277319352068,50.815799999999996,29.357200169813172,7.89860033962638,-26.894090530150812,-35.19885159693322,4,4,3
V30,AMD tf15m w1.50 gate=False wait30m,EVALUATED,1056,2.53671928620453,1.4521735969685252,1.3445305984648401,1.2456621791148987,223.9184,178.18406516686065,132.44973033372133,-26.846744254271172,-32.626088508542324,7,7,5
V30_K1,AMD tf15m w1.50 gate=False wait30m +K1 VWAP state,TOO_FEW,207,,,,,,,,,,,,
V31,AMD tf15m w1.50 gate=False wait60m,EVALUATED,1811,4.350377487989019,1.3674013989981522,1.264815461449034,1.1707680556247857,324.3011,244.36066680370385,164.4202336074077,-31.365328665322203,-38.978057330644354,7,7,6
V31_K1,AMD tf15m w1.50 gate=False wait60m +K1 VWAP state,EVALUATED,453,1.0881949210706932,1.3260403755868544,1.206029760123127,1.0976327388996687,69.44659999999999,46.23521026692853,23.023820533857073,-16.01461232777318,-18.57529483546893,7,5,4
