amd,tpo,vwap,n,wk,pf1,pf2,net1,net2,mdd1,mdd2,py1,py2
none,none,none,6141,14.751887439945094,1.2208237505311574,1.126583306438327,711.1963469930961,426.1569939861919,-35.052621456325426,-53.18012766992283,7,6
none,none,K1_930,2150,5.164722031571722,1.3514820637900458,1.2295607889638893,349.5419324833029,239.64146496660578,-21.441724631451265,-26.107251297285522,8,8
none,none,K3_LON_EMA,928,2.229238160603981,1.6539817735129223,1.5080037860147324,227.97779172277131,185.0145834455426,-11.6753482154501,-13.339396430900024,8,7
none,none,930_and_EMA,1010,2.4262182566918327,1.4427991119420949,1.3217089112195328,199.48291666689113,151.51243333378227,-17.608685217955603,-21.51985744877954,7,7
none,in_value,none,2373,5.70041180507893,1.2527957765068065,1.1519583411416876,306.1389571113358,192.60441422267164,-32.59438222415053,-38.145046748058874,7,6
none,in_value,K1_930,991,2.380576527110501,1.280599265109264,1.163642807814799,130.60338389517332,80.00316779034667,-21.594005184399975,-31.940537412198893,7,5
none,in_value,K3_LON_EMA,466,1.119423472889499,1.5118749179796307,1.3753399335265237,91.1080309292953,69.8048618585906,-8.219335838729315,-8.438671677458629,7,6
none,in_value,930_and_EMA,439,1.0545641729581332,1.4905594876162762,1.360648768711053,90.46642643106075,69.54375286212151,-17.421752643820973,-21.588360567145063,6,6
none,below_POC,none,3261,7.8335621139327385,1.256261340214002,1.1611455048707422,429.1187740315719,281.88584806314356,-55.50344528581061,-74.21759057162168,7,5
none,below_POC,K1_930,1096,2.6328071379547016,1.3673125745123194,1.2498264450176417,187.83834822006168,133.84979644012333,-16.750251890026583,-20.964403780053196,8,7
none,below_POC,K3_LON_EMA,468,1.1242278654770075,1.758946553699559,1.6130192188020087,130.67721672701947,109.95403345403889,-10.854015960045873,-11.890131920091743,7,7
none,below_POC,930_and_EMA,526,1.2635552505147565,1.6203973904452205,1.4903351504170845,139.48455539941722,115.06301079883445,-13.21294282340304,-15.174965232042364,6,6
none,above_POC,none,2949,7.0840768702814,1.1712164278534896,1.078870123574536,272.24628394436036,131.18156788872068,-64.83684545454676,-96.2594176492148,6,5
none,above_POC,K1_930,1069,2.567947838023336,1.3426947169446675,1.2156430249548182,167.32781737848873,110.73143475697745,-18.909189999880084,-23.176279999760055,8,7
none,above_POC,K3_LON_EMA,469,1.1266300617707619,1.5573642833177475,1.412415286339354,100.66324464525754,78.03378929051507,-11.083175960980405,-12.73665192196082,7,7
none,above_POC,930_and_EMA,489,1.1746739876458476,1.2679528344734812,1.1559871056325726,61.02962619868251,37.19945239736502,-17.870024361309998,-20.256648722620017,6,6
none,gt1ATR_POC,none,5487,13.180851063829788,1.18550008059037,1.0941197953060546,564.4986241942718,299.8518483885432,-40.72688020326933,-73.78542733668795,7,6
none,gt1ATR_POC,K1_930,1744,4.189430336307481,1.338444355755179,1.218000916419501,281.5574537594484,190.49640751889675,-20.905512027851387,-24.537024055702773,8,8
none,gt1ATR_POC,K3_LON_EMA,695,1.6695264241592314,1.655274476521211,1.5097773456003905,179.95596076751116,146.43542153502233,-12.882206073818082,-14.487812147636163,8,7
none,gt1ATR_POC,930_and_EMA,809,1.9433768016472204,1.4027238951424346,1.2861616298182388,153.74844506084585,114.33379012169172,-16.65900053166932,-18.943701063338608,7,7
AMD0,none,none,1670,4.011667810569664,1.3616253896195285,1.262902149340476,291.0861945085043,220.35068901700865,-24.237067569136684,-29.74544362576634,8,7
AMD0,in_value,none,584,1.4028826355525053,1.442477655911816,1.3319405340609518,119.48209886964811,93.5320977392962,-14.291112400725652,-15.96672480145125,8,8
AMD0,below_POC,none,929,2.231640356897735,1.5852671301152244,1.4714534651512252,236.25859839701542,198.04709679403084,-11.939816175634121,-12.5290277382297,8,7
AMD0,above_POC,none,751,1.8040494166094716,1.117729329393931,1.0354887333471807,48.23559765134376,15.152895302687536,-33.737228601550086,-41.89581570132253,5,4
AMD0,gt1ATR_POC,none,1494,3.5888812628689086,1.2925931106744744,1.198419041434909,226.89919618333215,160.5090923666643,-27.655535992952167,-34.39117198590458,8,7
AMD1,none,none,2333,5.604323953328758,1.2577925571622097,1.1641403232383754,301.7509242193567,200.20894843871338,-39.986041722558866,-43.92028344511701,8,6
AMD1,none,K1_930,601,1.4437199725463281,1.5828937224824489,1.4432993628639665,149.54428560395706,119.29627120791412,-13.580756773035063,-15.537113546070046,8,8
AMD1,in_value,none,838,2.013040494166095,1.286128534299688,1.185081519877383,117.71441369240966,79.49662738481932,-19.4127593149979,-22.668229241354904,8,7
AMD1,below_POC,none,1303,3.1300617707618397,1.3911938737472316,1.2881644499286848,239.16087719738053,183.52715439476106,-21.713736399767924,-25.922372799535708,7,7
AMD1,above_POC,none,1045,2.5102951269732325,1.0916686174208878,1.0095661362023023,52.41738724452354,5.703074489047072,-57.982668779540546,-70.82153755908108,5,5
AMD1,gt1ATR_POC,none,2085,5.008579272477694,1.1947059836267349,1.1056134405994478,218.19051978243107,123.53103956486208,-40.12334746968351,-51.49826884162283,6,5
AMD1,gt1ATR_POC,K1_930,477,1.1458476321207962,1.5281749418359372,1.393279283874674,113.99832168252742,89.14414336505484,-13.865175827514093,-15.649984842738533,8,8
AMD2,none,none,1980,4.756348661633494,1.3652687788109494,1.2642229483363947,350.33938534178054,264.124070683561,-28.601908348331904,-33.012116696664066,8,7
AMD2,none,K1_930,508,1.2203157172271792,1.606973596196092,1.4611475640641503,126.27817605631151,100.55035211262302,-14.94379615468317,-16.346192309366245,8,8
AMD2,in_value,none,704,1.6911461908030199,1.4743426834621174,1.360295746661286,152.42337286448003,120.83824572896003,-12.72275758136476,-13.681315162729547,7,7
AMD2,below_POC,none,1088,2.613589567604667,1.5044856149541403,1.3941356987360534,247.2135067912394,201.1982135824788,-10.922194809722782,-12.91748961944569,8,7
AMD2,above_POC,none,907,2.178792038435141,1.2127495324655575,1.1218250144342923,101.82253486036693,60.809969720733875,-31.521755902527573,-40.361755971323,6,5
AMD2,gt1ATR_POC,none,1772,4.256691832532601,1.2873313442170844,1.1915223441516898,265.69607982652724,184.9223596530545,-34.65979504723725,-39.02999009447447,8,7
AMD2,gt1ATR_POC,K1_930,408,0.9800960878517502,1.5265470442911144,1.3863283036838272,93.06140742777283,71.65541485554567,-16.758708739736555,-18.212617479473032,7,7
AMD3,none,none,2747,6.598833218943033,1.3111489488318115,1.2124145791766696,425.179051798386,302.75320359677215,-20.919777063647132,-22.485254127294326,8,7
AMD3,none,K1_930,769,1.8472889498970488,1.6722048203650397,1.5241346288384785,212.75373700895153,173.98927401790306,-12.366783974696233,-13.799167949392398,8,8
AMD3,none,930_and_EMA,406,0.9752916952642416,1.6572963700357768,1.5190589510055794,112.25144494365335,92.65598988730676,-10.532407692767194,-11.064815385534281,8,8
AMD3,in_value,none,1010,2.4262182566918327,1.4576199679329631,1.3430320726456713,212.75337462506874,166.5557492501375,-11.560715906391295,-12.61297744472178,8,8
AMD3,below_POC,none,1520,3.65133836650652,1.4072631641874065,1.3016290188361923,291.7086654904561,225.29013098091224,-19.27160396801505,-24.496407936030177,8,7
AMD3,above_POC,none,1247,2.9955387783115994,1.1936697081872087,1.1032201694044768,128.58267459362563,71.51174918725124,-56.43799150041954,-68.61648300083876,6,4
AMD3,gt1ATR_POC,none,2452,5.890185312285518,1.2306068914777135,1.1376045749896562,302.44933299204797,188.54146598409585,-29.285339900288648,-45.2282220127145,7,6
AMD3,gt1ATR_POC,K1_930,615,1.477350720658888,1.5795316708442362,1.438823279431142,157.40285226382633,125.15550452765274,-13.782635863549231,-14.856271727098473,8,7
AMD4,none,none,3115,7.482841455044612,1.2503045652954323,1.1575033512208739,403.47313153708944,264.9048630741788,-19.773249304082725,-30.743248472465584,7,7
AMD4,none,K1_930,826,1.9842141386410432,1.3206878601304348,1.201126361879404,122.36898244157034,80.48386488314065,-21.34338936893525,-25.923678737870475,7,6
AMD4,none,930_and_EMA,441,1.0593685655456417,1.2507846865839212,1.1429167581755444,52.268541873086505,31.132983746172997,-26.746454518495447,-34.35856803268629,5,5
AMD4,in_value,none,1113,2.6736444749485244,1.2643726466868621,1.1657631935983501,148.4256165284972,97.22373305699436,-33.1101293541135,-35.78744803428671,7,6
AMD4,in_value,K1_930,427,1.0257378174330818,1.34883466003631,1.2275817926169594,67.89365707765779,46.48581415531561,-16.6206338345829,-20.996942918083583,6,5
AMD4,below_POC,none,1671,4.014070006863418,1.2841561855821506,1.189819485682297,238.59396550634938,166.24923101269871,-22.606653511625012,-27.814507023250073,7,6
AMD4,below_POC,K1_930,406,0.9752916952642416,1.4308430378817802,1.3088099759460983,80.08249684397106,60.14009368794214,-14.424103925957183,-17.967509364219207,7,7
AMD4,above_POC,none,1464,3.51681537405628,1.2021130455535107,1.1115983081679344,158.6321340780099,91.42876815601977,-21.27257370478941,-30.939605987558085,6,5
AMD4,above_POC,K1_930,425,1.020933424845573,1.24230493805627,1.1226693215264576,47.42122921790195,25.19845843580392,-13.782997585849152,-17.943095171698303,6,6
AMD4,gt1ATR_POC,none,2739,6.579615648592999,1.252664813973589,1.1599148655583946,375.3711830643596,248.31566612871924,-27.89294907132939,-42.13610747151481,7,7
AMD4,gt1ATR_POC,K1_930,646,1.551818805765271,1.3672361251557572,1.2437750937994634,110.8798556327956,77.24291126559122,-20.884523043796,-24.969755372744764,7,6
AMD5,none,none,3448,8.28277282086479,1.228560476654815,1.1355952326003222,411.10703622048646,254.5871724409729,-30.29244564123826,-35.36539128247625,7,7
AMD5,none,K1_930,998,2.397391901166781,1.3358737508200769,1.2185250345090608,158.59204588588415,108.24749177176834,-34.082561739786335,-40.3368234795726,7,7
AMD5,none,K3_LON_EMA,469,1.1266300617707619,1.4668885298747147,1.3330422648696685,86.6129758266255,64.617551653251,-17.201751126269908,-19.695602252539807,7,6
AMD5,none,930_and_EMA,528,1.268359643102265,1.3339939007793398,1.2240616138368374,83.97208043305987,58.891460866119736,-18.860064632340762,-26.36692926468142,6,6
AMD5,in_value,none,1230,2.954701441317776,1.2716980634231176,1.1708114503265796,168.28600437872956,110.59810875745914,-43.833030869288386,-48.21690710428098,7,7
AMD5,in_value,K1_930,498,1.1962937542896364,1.3640811074681576,1.2431538674977574,83.5649746105777,58.611249221155404,-27.54300210220474,-32.64680420440946,6,5
AMD5,below_POC,none,1871,4.494509265614276,1.2632827992335518,1.1689386002838047,252.41630571494352,169.05061142988697,-21.53172317189547,-25.20447565883844,8,6
AMD5,below_POC,K1_930,509,1.2227179135209334,1.4440468924429704,1.3248733099968388,106.34930401107331,81.54330802214659,-24.139538114825243,-27.389776229650494,7,7
AMD5,above_POC,none,1602,3.848318462594372,1.1784120812282903,1.0876197753746337,152.6702683019152,78.28113660383039,-35.45589343377026,-49.958132123615854,6,5
AMD5,above_POC,K1_930,495,1.1890871654083734,1.2410537755786788,1.1241903647304723,56.338269808839065,30.480439617678122,-17.754587683136336,-20.545170898515323,8,6
AMD5,gt1ATR_POC,none,3045,7.314687714481812,1.2180188144007758,1.1263059825554294,361.9982430243441,219.19228604868815,-34.050927681209146,-38.91245536241806,7,7
AMD5,gt1ATR_POC,K1_930,796,1.9121482498284146,1.3808407554259507,1.2602652156566712,145.05410380813555,104.04290761627104,-22.557138987821507,-26.77787797564299,7,7
AMD5,gt1ATR_POC,930_and_EMA,414,0.9945092656142759,1.372366879994779,1.2603415564919909,75.35596887347822,55.12483774695643,-18.397668089502087,-24.51003115751864,7,7
AMD6,none,none,3346,8.037748798901854,1.2515937385457134,1.1565065613240444,435.2515302453903,282.82266049078066,-31.65739811942558,-37.602654447686064,7,6
AMD6,none,K1_930,979,2.3517501715854494,1.3371254403259236,1.2150533243549708,152.5053674974361,102.08413499487222,-27.507123587263614,-33.9220471745272,6,6
AMD6,none,K3_LON_EMA,410,0.9849004804392588,1.4982027406307747,1.360113240754318,78.76260766765019,59.48601533530036,-11.177636500951973,-12.474653767397909,7,6
AMD6,none,930_and_EMA,462,1.1098146877144819,1.3627057733243388,1.2467617398902102,76.72369850941823,54.538197018836456,-21.604119626618512,-25.730639253236987,6,5
AMD6,in_value,none,1245,2.9907343857240907,1.2617853756327888,1.1615667145604087,164.42385157811566,106.12400315623128,-42.18858540623434,-47.227051349763585,7,6
AMD6,in_value,K1_930,512,1.2299245024021963,1.3791610322568195,1.2545412794220752,88.6199180957681,62.477836191536184,-24.383438129748516,-31.267976259497033,6,5
AMD6,below_POC,none,1840,4.420041180507893,1.2465214516161525,1.1523646821637772,231.63108523904992,149.5309704780998,-24.73101117720998,-28.883922354419525,8,5
AMD6,below_POC,K1_930,502,1.2059025394646534,1.28394371309898,1.1726138825086658,68.91593623696644,43.916372473932874,-22.209669718091984,-25.68553943618394,6,5
AMD6,above_POC,none,1532,3.680164722031572,1.254429079215175,1.1582470850661257,204.5731777882894,132.9327555765788,-20.329116786574986,-23.82373357314995,6,6
AMD6,above_POC,K1_930,484,1.1626630061770762,1.435967035830246,1.297903066553662,91.4048259230422,65.6198518460844,-11.631631313378435,-14.144662626756833,8,6
AMD6,gt1ATR_POC,none,2958,7.105696636925189,1.2294378337173588,1.1359566395306213,368.64017916349746,228.55265832699487,-38.19985838052065,-43.19741676104135,8,6
AMD6,gt1ATR_POC,K1_930,783,1.8809196980096088,1.3477928181300858,1.224460515678108,128.15885128921096,86.8626025784219,-18.689516855926307,-23.373333711852627,6,6
AMD7,none,none,3583,8.607069320521619,1.2068962874435623,1.1124131262252728,387.4484328453043,220.07176569060854,-40.82349866845624,-52.91667856603101,8,6
AMD7,none,K1_930,1116,2.6808510638297873,1.3472084958063864,1.227751908989628,182.6113529612964,125.6816059225928,-26.250313349331595,-33.15492669866313,7,7
AMD7,none,K3_LON_EMA,489,1.1746739876458476,1.4891380012688096,1.3567552344273464,94.80366677773657,72.2913335554731,-12.684382390686263,-14.337596800159652,7,7
AMD7,none,930_and_EMA,528,1.268359643102265,1.3909312787948467,1.2775437028001364,97.05137124246905,72.01324248493809,-22.621232253911764,-24.646049917013396,6,5
AMD7,in_value,none,1329,3.192518874399451,1.2603395763065564,1.1575214836047885,173.1635611098653,109.63562221973062,-38.96086720919274,-43.384834418385466,7,7
AMD7,in_value,K1_930,555,1.3332189430336308,1.4087790695657614,1.2831882819738114,102.37052126238429,74.43884252476859,-23.34550030893184,-29.73741572326309,6,5
AMD7,below_POC,none,1986,4.77076183939602,1.1909498096171445,1.0980251476508804,197.73054947772013,106.10729895544026,-26.129042070863846,-48.498963043415536,7,6
AMD7,below_POC,K1_930,587,1.410089224433768,1.280576223463068,1.1727075259362112,81.0214014374303,52.2502028748606,-28.448126097319648,-36.79595219463928,6,5
AMD7,above_POC,none,1626,3.905971173644475,1.2228974776498727,1.1265725652130512,190.12235858063426,112.88431716126848,-35.87063535832837,-49.5881477368045,7,6
AMD7,above_POC,K1_930,537,1.2899794097460535,1.4549130862180537,1.3187379984393093,108.36613050016412,79.80506100032824,-17.177835315963733,-19.06517063192757,8,8
AMD7,gt1ATR_POC,none,3171,7.617364447494853,1.163208366002608,1.0722735709883475,284.91761682978677,132.06453365957344,-47.56938214386548,-72.14186428773104,6,5
AMD7,gt1ATR_POC,K1_930,907,2.178792038435141,1.344760838230766,1.2259228698442377,151.69060316816007,104.37090633632005,-16.11520613779847,-20.281012275596872,8,7
AMD7,gt1ATR_POC,930_and_EMA,418,1.004118050789293,1.3827869918864637,1.2714022873312227,79.0538758350757,58.63475167015139,-20.273642892984654,-22.97013339309496,7,6
AMD8,none,none,1977,4.749142072752231,1.3296371697353733,1.2353958934980291,324.48118047744913,241.14896095489814,-19.406405938868005,-21.32436242373285,8,7
AMD8,none,K1_930,418,1.004118050789293,1.2858400250605833,1.172668874733425,56.759515858626074,35.93143171725216,-16.14818448677361,-20.34886897354726,7,7
AMD8,in_value,none,696,1.6719286204529855,1.3483666840130484,1.2475223954841794,118.39611630660606,87.73073261321213,-13.578683572054771,-15.172167144109594,8,7
AMD8,below_POC,none,1096,2.6328071379547016,1.3444308442181443,1.2501431734744006,182.380798947304,137.76679789460795,-18.757801374736772,-23.695874884903816,7,7
AMD8,above_POC,none,896,2.1523678792038434,1.2880312064471158,1.1952998590574757,134.34923334882862,94.8918666976572,-24.834356078710627,-29.332847316897755,6,5
AMD8,gt1ATR_POC,none,1741,4.182223747426218,1.2769443451415412,1.1859601261516575,256.9468650539968,179.9296301079937,-21.849093124161527,-23.422886248323238,8,6
AMD9,none,none,2638,6.336993822923816,1.2690755144020485,1.1776616574895082,363.1937789681826,249.7520579363652,-25.131155391941036,-31.89903904311211,7,7
AMD9,none,K1_930,649,1.559025394646534,1.4060731361848335,1.285587471893309,122.06440793950247,90.01551587900495,-12.96952712565551,-14.38095632719461,8,8
AMD9,in_value,none,968,2.3253260123541524,1.27234739595992,1.17561273465616,133.9335928256952,90.1356856513904,-25.405443662458627,-28.531363728397277,6,6
AMD9,below_POC,none,1469,3.5288263555250516,1.3133578125066228,1.2194141585113738,228.39889445857648,166.51598891715292,-19.902215054372753,-29.53723010874554,7,6
AMD9,above_POC,none,1192,2.8634179821551133,1.1987979967448326,1.1112976953167935,126.57978062658054,73.84566125316104,-34.40497908162716,-50.01830964667457,5,5
AMD9,gt1ATR_POC,none,2349,5.642759094028826,1.21181200887282,1.1240314923716457,271.61121127387696,165.96232254775387,-35.006784023721536,-45.3189420675736,7,6
AMD9,gt1ATR_POC,K1_930,510,1.2251201098146878,1.3845196482066535,1.265522408888885,95.12192090149094,68.9713418029819,-13.785756288004483,-19.655177603800695,7,7
AMD10,none,none,2248,5.400137268359643,1.3469109707417122,1.2497809617542355,385.80095839390225,289.34241678780444,-24.127918364121285,-27.13733672824307,8,7
AMD10,none,K1_930,536,1.2875772134522994,1.3986443930091499,1.274142090254917,97.24028185199106,70.12756370398213,-10.163917965017063,-11.222235930034124,8,6
AMD10,in_value,none,816,1.9601921757035004,1.4052938488795799,1.2984712616005667,156.8801675661765,120.54343513235295,-11.862279393096742,-13.390943218925027,8,6
AMD10,below_POC,none,1244,2.9883321894303365,1.2948639452717188,1.2012338468155304,180.0327761512499,127.95435230249984,-21.998495372871787,-27.102490745743637,7,6
AMD10,above_POC,none,1024,2.4598490048043926,1.3953915708993472,1.2947443395162572,203.30568883130678,157.9325776626136,-30.192663083549775,-33.183544216282286,7,6
AMD10,gt1ATR_POC,none,1978,4.751544269045985,1.2823187632381134,1.1895001472337436,296.8943920598169,208.01378411963378,-26.87612928882075,-29.936658577641538,8,7
AMD10,gt1ATR_POC,K1_930,414,0.9945092656142759,1.3120641472476062,1.1948683808124845,63.08685951465687,41.37441902931375,-12.243451120013454,-14.831169453790732,7,6
AMD11,none,none,3030,7.278654770075498,1.2535884004016207,1.1608388972325832,396.4295040278994,262.19500805579884,-26.963238088379683,-39.33436618591624,8,7
AMD11,none,K1_930,795,1.9097460535346602,1.3745209656494815,1.2539832891290508,139.0846179206101,98.97373584122016,-15.153915923691684,-17.485631847383374,8,8
AMD11,in_value,none,1118,2.685655456417296,1.2724967783056031,1.1729299183744484,152.36985510676033,100.99771021352065,-27.61071001806384,-32.07502003612762,6,6
AMD11,in_value,K1_930,409,0.9824982841455044,1.401007376748258,1.2767080793484507,73.42427564102562,53.183051282051224,-16.17574761796557,-18.787995235931156,7,6
AMD11,below_POC,none,1673,4.018874399450927,1.2555757149254878,1.1620604124686582,215.9599164058055,142.79923281161095,-24.532272418049246,-32.235948730291405,8,5
AMD11,below_POC,K1_930,406,0.9752916952642416,1.5217394601415402,1.3912081003750079,95.99974498016479,75.50268996032955,-19.251129567223742,-21.364859134447414,7,7
AMD11,above_POC,none,1383,3.3222374742621827,1.2391857024175665,1.1479611746293301,175.83589701701084,113.44779403402164,-32.30850403208581,-36.96020806417161,6,5
AMD11,gt1ATR_POC,none,2692,6.466712422786548,1.1964793700394032,1.1076847876112332,289.97968593407586,166.01047186815165,-43.96191367932136,-54.58812735864256,8,5
AMD11,gt1ATR_POC,K1_930,637,1.5301990391214826,1.3180735194926012,1.20140878660143,99.52684081380292,66.22528162760585,-18.64653517426463,-21.60107034852925,8,7
AMD12,none,none,3024,7.264241592312972,1.2585726727100297,1.1647524876847553,400.65835582286206,266.3365116457241,-26.00746362105795,-35.936920451448486,7,7
AMD12,none,K1_930,750,1.8016472203157172,1.2490538131096613,1.1347167405499057,89.73178019413578,51.001260388271575,-21.280896858445047,-26.28006598994419,7,7
AMD12,in_value,none,1058,2.5415236787920383,1.2764531619158186,1.177247814917176,147.47392614811992,98.79965229623983,-32.073729592201545,-37.285859184403094,6,5
AMD12,below_POC,none,1614,3.8771448181194237,1.280564698450169,1.1864336280893775,225.95256675703735,156.55843351407475,-28.97132303396132,-35.6072242399545,6,4
AMD12,above_POC,none,1430,3.4351407000686343,1.2204380271802524,1.1278342888004604,167.0528813235765,101.13926264715299,-27.106636589325916,-32.239382246225624,5,5
AMD12,gt1ATR_POC,none,2682,6.442690459849005,1.2568941708403512,1.1636448327593685,370.7658110720706,246.7816221441411,-33.01072359274718,-45.026586757395364,7,7
AMD12,gt1ATR_POC,K1_930,588,1.4124914207275223,1.3202953229348346,1.2006085008666298,90.82564830469846,59.80879660939693,-16.602645274806456,-19.943626561965623,7,6
AMD13,none,none,3401,8.169869595058339,1.2449133994398323,1.150875370003159,431.7746740673749,277.66754813474995,-35.911513351886754,-42.54274937524423,7,6
AMD13,none,K1_930,915,2.198009608785175,1.2866458200291113,1.170894839134721,125.91711995537327,78.87743991074653,-32.61751357098174,-38.74762714196347,7,6
AMD13,none,K3_LON_EMA,420,1.0089224433768016,1.496610133676459,1.355242241161059,79.70723255693642,59.68256511387281,-10.809034906198846,-11.904569812397632,7,7
AMD13,none,930_and_EMA,465,1.1170212765957448,1.3635999006958412,1.2478793020887213,78.96393252849077,56.35416505698153,-17.04760637151235,-18.515024816872252,7,6
AMD13,in_value,none,1206,2.8970487302676733,1.3045822681362782,1.2011869991938682,184.95506986443553,127.79353972887098,-39.10458152612198,-42.59176305224397,7,7
AMD13,in_value,K1_930,459,1.102608098833219,1.2710400256047054,1.1572923674721154,59.99782469712322,36.60554939424645,-26.639545940158264,-32.308011845460605,6,6
AMD13,below_POC,none,1862,4.4728894989704875,1.2672725289860056,1.1729493545430116,253.20521140102014,170.9859228020402,-26.97622266647022,-34.84548757194851,6,5
AMD13,below_POC,K1_930,457,1.0978037062457104,1.4464367847685256,1.325217945514066,95.35515711545999,72.90841423091997,-24.7318247271981,-28.323949454396203,6,6
AMD13,above_POC,none,1569,3.7690459849004805,1.1963718957709581,1.1042466275461098,164.69715671730697,91.31241343461392,-40.71070485989634,-55.93570401780373,5,5
AMD13,above_POC,K1_930,464,1.1146190803019904,1.1535390742096343,1.0415871736616742,34.81119347664416,9.916486953288334,-24.657023070564946,-30.244338000239054,6,5
AMD13,gt1ATR_POC,none,3023,7.261839396019218,1.2328399693681564,1.1402543076386171,381.57491822184505,240.21743644369002,-34.023653681799146,-38.42150110806904,7,6
AMD13,gt1ATR_POC,K1_930,730,1.7536032944406315,1.3383304229208823,1.2184063553158162,119.48463608973486,81.09847217946968,-21.109045629111876,-25.37959125822375,7,7
AMD14,none,none,3233,7.766300617707619,1.255104644065121,1.1595310181187561,424.47090870101727,277.23471740203445,-43.929623013332275,-50.263156898761565,7,6
AMD14,none,K1_930,903,2.1691832532601234,1.3322831078233097,1.20819313271979,140.15550939028796,92.34271878057591,-28.183953236991112,-34.3588064739822,7,7
AMD14,none,930_and_EMA,413,0.9921070693205216,1.4787410780231478,1.3490267369911157,88.09407836488319,67.35395672976641,-16.293134174024075,-18.675068348048136,7,6
AMD14,in_value,none,1171,2.8129718599862734,1.2704912394439736,1.169882503269888,159.77596681651568,104.96803363303128,-39.75145485260572,-46.18905010493996,7,5
AMD14,in_value,K1_930,453,1.0881949210706932,1.3338443573372836,1.212371604698291,71.48917473869167,47.84274947738334,-27.276360778038768,-33.22662155607755,7,6
AMD14,below_POC,none,1766,4.242278654770075,1.2530825515615627,1.158633368239349,226.6382358203819,148.33457164076387,-34.336880348652755,-47.252946034693764,7,5
AMD14,below_POC,K1_930,456,1.095401509951956,1.3415094998912018,1.2231890922183957,74.06353090671946,50.82956181343892,-21.58524074728444,-25.18278149456888,7,6
AMD14,above_POC,none,1495,3.5912834591626632,1.2487734851888042,1.1524269707670214,195.3335874646893,125.03737492937856,-30.468672214872896,-34.108844429745574,7,5
AMD14,above_POC,K1_930,453,1.0881949210706932,1.3538103847836698,1.2208148846044775,72.50438029328816,47.65216058657636,-16.492714381723992,-18.795328763447912,7,6
AMD14,gt1ATR_POC,none,2885,6.9303363074811255,1.2241843816008326,1.1308664676386389,350.8638692595732,214.24113851914646,-52.451498914260185,-58.548397828520194,7,5
AMD14,gt1ATR_POC,K1_930,732,1.75840768702814,1.3574156332936205,1.2308098276923942,123.71953057463199,84.08416114926398,-17.744716373630098,-21.02612947821796,7,6
AMD15,none,none,3586,8.614275909402883,1.194176308731555,1.1006837001739433,365.2482817709176,197.98636354183517,-49.5283331358398,-70.78266627167903,7,6
AMD15,none,K1_930,1068,2.565545641729581,1.3252155809396815,1.2042212373672654,164.50378166149335,108.56656332298674,-24.406506946125145,-31.055513892250215,7,6
AMD15,none,K3_LON_EMA,454,1.0905971173644475,1.5401393828853243,1.3968858747612325,93.54425216359274,71.98350432718551,-11.030938635923924,-12.824777271847843,8,7
AMD15,none,930_and_EMA,479,1.1506520247083047,1.414134922615197,1.293987872591475,91.73447133790674,68.19634267581348,-21.221239564011086,-22.651579128022153,6,5
AMD15,in_value,none,1303,3.1300617707618397,1.272086900052205,1.1684184310821308,178.58458357148027,115.77366714296056,-37.99712707699171,-43.54255415398343,7,7
AMD15,in_value,K1_930,524,1.2587508579272477,1.3545073692640144,1.2317231788358547,86.36447428038227,59.375948560764535,-23.54687961974147,-29.37085085084844,7,5
AMD15,below_POC,none,1987,4.773164035689773,1.199003087008093,1.1055840724721306,204.08758921877114,113.18747843754223,-33.63559581879201,-58.78183928067668,7,4
AMD15,below_POC,K1_930,558,1.3404255319148937,1.3202953046013335,1.2062505094576783,86.25010920835996,58.27941841671995,-28.040877066816954,-35.59435413363385,6,5
AMD15,above_POC,none,1628,3.9107755662319836,1.1847750350740152,1.0914139841517145,161.17178184828128,83.3693636965626,-50.92962779750715,-67.71652496683681,7,4
AMD15,above_POC,K1_930,518,1.2443376801647221,1.3585376502604032,1.227214647538252,85.18355413213413,56.83200826426827,-24.0689449362431,-25.82848987248626,7,6
AMD15,gt1ATR_POC,none,3194,7.672614962251202,1.154488259476213,1.064295140932922,272.1915302999285,118.55626059985693,-58.86649412764049,-82.39438300326412,6,4
AMD15,gt1ATR_POC,K1_930,873,2.0971173644474947,1.3271543408074515,1.2057520919924904,138.7100073640151,91.76111472803015,-21.094277466363224,-23.44805493272648,7,7
AMD16,none,none,1819,4.369595058339053,1.295986250709049,1.2053117327905283,270.6952900954982,195.33138019099638,-21.187273937275506,-26.7448577916673,7,7
AMD16,in_value,none,650,1.5614275909402884,1.2637624096494795,1.1708443257022598,84.97962193703799,57.345643874075975,-14.305940586612522,-16.86171455587671,6,5
AMD16,below_POC,none,1001,2.404598490048044,1.328907836151439,1.237835980567829,160.30842049486319,120.53264098972642,-16.58903465313489,-21.279187100698394,6,6
AMD16,above_POC,none,831,1.9962251201098147,1.230842140276142,1.1423017730223177,101.29060380832414,65.01200761664832,-35.200003680243796,-40.001307360487544,5,5
AMD16,gt1ATR_POC,none,1599,3.841111873713109,1.2417148782939957,1.1539415037373684,207.89065405014986,138.04000810029973,-20.94546756207265,-25.01163512414533,7,6
AMD17,none,none,2469,5.931022649279341,1.2510065274208795,1.1612081569157617,316.9950036076749,212.00650721534979,-30.775307322007322,-35.57091464401455,7,7
AMD17,none,K1_930,611,1.467741935483871,1.4821664623562094,1.3537446242676907,130.28263639195706,100.25307278391409,-19.536670998601984,-23.427141997203954,7,7
AMD17,in_value,none,923,2.217227179135209,1.2295571873000972,1.1366471395084687,107.53755321611621,66.7635064322324,-31.80260292801391,-36.60510585602783,5,5
AMD17,below_POC,none,1371,3.293411118737131,1.2877360768160189,1.1963678763001915,196.69785506340077,139.75021012680156,-21.663060296801156,-27.311529944326182,6,5
AMD17,above_POC,none,1118,2.685655456417296,1.1881309959652544,1.1011777370471372,111.77040267635682,62.63640535271365,-28.98492145655041,-40.79844291310083,5,5
AMD17,gt1ATR_POC,none,2181,5.239190116678106,1.2055659545388142,1.1187878505129056,244.18958807135837,147.2052761427167,-28.972792759936766,-35.65437038965611,8,6
AMD17,gt1ATR_POC,K1_930,480,1.1530542210020591,1.4885882120790603,1.3585609107886722,107.04623368806163,82.53566737612324,-16.04886269544274,-18.116325390885486,8,7
AMD18,none,none,2074,4.982155113246397,1.325963596017248,1.2309776944270296,335.51157161939796,247.57694323879585,-21.043905746596693,-24.855695554068053,7,7
AMD18,none,K1_930,468,1.1242278654770075,1.5066337961696512,1.372418902712937,102.76551201516503,79.20592403033004,-9.672982825153404,-10.655365650306795,8,7
AMD18,in_value,none,760,1.82566918325326,1.3627645085338231,1.2604465598916361,131.36269273656447,98.32548547312894,-13.521850786782595,-15.112601573565183,7,7
AMD18,below_POC,none,1133,2.72168840082361,1.3261587187844264,1.2323513764311433,179.8950107159254,133.39522143185076,-19.35547298771712,-23.805233488873554,6,6
AMD18,above_POC,none,959,2.3037062457103636,1.3095509189295056,1.2140984931141796,151.80894988113272,109.42979976226538,-27.363858488485192,-35.28131697697039,5,5
AMD18,gt1ATR_POC,none,1823,4.37920384351407,1.2526903810469199,1.1622266425505026,245.83733525006028,164.71397050012052,-22.02124985333782,-27.665691017266113,7,6
AMD19,none,none,2846,6.836650652024709,1.251375934048525,1.1590877960815673,368.3690949332622,243.10868986652446,-31.964411923813657,-40.32645262085868,7,7
AMD19,none,K1_930,757,1.8184625943719972,1.4875411146636024,1.3560951422752856,163.1110426480396,125.03108529607917,-18.770575824384515,-23.223051648769008,8,7
AMD19,in_value,none,1075,2.582361015785861,1.2933816663157003,1.1932446662112939,155.67454816450427,107.04069632900857,-32.32149045154738,-36.02473061312702,6,6
AMD19,in_value,K1_930,400,0.9608785175017158,1.550194597709153,1.4139537958446802,93.13846193644113,73.50392387288225,-18.27259145108768,-22.37968290217534,8,7
AMD19,below_POC,none,1555,3.7354152367879205,1.2745202669386289,1.1802866450776883,214.70558581784172,147.05787163568334,-24.641821426860833,-35.6198428537216,6,5
AMD19,above_POC,none,1313,3.1540837336993826,1.218176379427153,1.12834538007952,152.08131431133378,93.30292862266757,-30.885721658208354,-37.23164331641655,5,4
AMD19,gt1ATR_POC,none,2527,6.07035003431709,1.2094391635069397,1.1198709724540388,288.1775759670169,172.29625193403373,-40.94866173671694,-51.723423473433805,8,4
AMD19,gt1ATR_POC,K1_930,608,1.460535346602608,1.4669658154955112,1.3354887686110228,129.94813483264878,98.15186966529753,-17.588677100882734,-20.35685420176546,8,5
AMD20,none,none,2863,6.877487989018531,1.2552137323361434,1.1628738916734385,374.8420885481123,249.44397709622453,-24.582695082778855,-31.527622671587224,7,7
AMD20,none,K1_930,678,1.6286890871654085,1.2550289274112474,1.1417553356025325,83.49449261757019,48.73328523514038,-18.033419810822693,-23.10587705933152,6,5
AMD20,in_value,none,1027,2.4670555936856555,1.232550255212478,1.1381664805333978,122.71914584861861,76.12009169723723,-30.065396976305752,-35.17849395261148,7,5
AMD20,below_POC,none,1551,3.7258064516129035,1.2440250563605144,1.1535122891243028,190.8058781038764,125.09375620775283,-37.210409954282156,-47.93781990856435,5,4
AMD20,above_POC,none,1331,3.1973232669869596,1.253628530611587,1.159957448874058,177.40683211375236,116.75846422750475,-26.50468551000091,-30.05045598447495,7,5
AMD20,gt1ATR_POC,none,2531,6.0799588194921075,1.2534859263617057,1.1615638129447095,346.4892701443283,230.67364028865666,-23.09742242651481,-26.339897875157455,7,7
AMD20,gt1ATR_POC,K1_930,529,1.2707618393960192,1.3255232806957638,1.2071818230610372,83.64892858610405,55.925657172208105,-16.0587542394875,-20.923308478975084,7,5
AMD21,none,none,3342,8.028140013726835,1.2421736331904476,1.1491065908119837,417.5259647826344,268.2180295652688,-29.97295332660991,-35.928937799220506,8,7
AMD21,none,K1_930,882,2.1187371310912835,1.2724460966228377,1.1591163829846405,116.73734375150522,71.59558750301045,-25.144254621196104,-31.536243000938434,6,6
AMD21,none,930_and_EMA,444,1.0665751544269046,1.2599457596013377,1.1539410497188416,55.873820692144015,34.61954138428803,-17.33309099536557,-19.722749325146868,7,6
AMD21,in_value,none,1209,2.904255319148936,1.250242522712811,1.1522496922237426,154.93397063040933,98.50324126081867,-38.488009892541484,-42.18623377238152,7,7
AMD21,in_value,K1_930,459,1.102608098833219,1.2443450966909084,1.1335567729681668,55.099286215691684,31.652372431383345,-27.887369804096252,-33.052439608192515,6,6
AMD21,below_POC,none,1830,4.39601921757035,1.2555398470125576,1.1627669827545977,236.035702137049,156.75200427409786,-32.06660180852022,-45.83428982796265,7,4
AMD21,below_POC,K1_930,438,1.0521619766643788,1.4889173832806084,1.3650883227718307,99.23316244424183,77.73832488848362,-17.743523183437382,-20.42164636687477,6,6
AMD21,above_POC,none,1538,3.6945778997940977,1.2054365840029846,1.113522625990062,168.52851521057403,97.25153042114802,-45.017996042571355,-62.548033099553265,5,5
AMD21,above_POC,K1_930,449,1.078586135895676,1.089147943580732,0.9845464904267491,20.196716388438745,-3.6795672231225076,-28.587863174097155,-34.77210356022684,6,4
AMD21,gt1ATR_POC,none,2973,7.141729581331504,1.2367232090277889,1.144281755086852,379.63944076897474,241.7946815379495,-38.32720130661812,-43.23340261323585,8,7
AMD21,gt1ATR_POC,K1_930,697,1.67433081674674,1.3373431371255755,1.2183514007429534,114.46868651808347,77.87467303616694,-14.142578873947812,-17.759445492821502,7,6
AMD22,none,none,3119,7.49245024021963,1.2411317368797257,1.1480528243674082,389.523387652133,249.585375304266,-36.88807693671504,-46.901726121492764,7,6
AMD22,none,K1_930,812,1.9505833905284833,1.3319872367423016,1.21049989254561,126.93708146554843,84.55006293109682,-25.533467972992952,-31.110135945985867,6,6
AMD22,in_value,none,1130,2.7144818119423473,1.251782855860538,1.1544946632323585,145.09370086004662,93.01200172009324,-35.40240473138141,-38.89972146153008,6,6
AMD22,in_value,K1_930,418,1.004118050789293,1.3185999170997902,1.199618080235883,63.48213247843383,41.82136495686766,-26.63105699708143,-31.515513994162866,7,5
AMD22,below_POC,none,1715,4.119766643788607,1.2237391151329233,1.1325563923798136,196.18348368239654,121.25416736479308,-45.23737707897786,-58.32985415795563,6,5
AMD22,below_POC,K1_930,425,1.020933424845573,1.3597372037686706,1.2403716361215782,72.3114865659162,50.72417313183239,-16.098235864722554,-19.164571729445115,7,5
AMD22,above_POC,none,1429,3.43273850377488,1.253477100818605,1.1585248763675389,190.94440761531143,124.68581523062286,-34.00706015387877,-38.271920307757554,7,6
AMD22,gt1ATR_POC,none,2774,6.6636925188744,1.204819557221301,1.1143509987208875,311.30499648611055,181.67609297222106,-46.33673301095587,-52.08036602191157,7,5
AMD22,gt1ATR_POC,K1_930,656,1.575840768702814,1.3614759439405844,1.2377107326460426,113.13407026686573,78.19644053373148,-16.229755680022894,-20.22821136004578,6,6
AMD23,none,none,3543,8.510981468771448,1.213470341306767,1.1202790095922746,395.51751556022776,232.76753112045546,-41.221385943214955,-60.91138374733069,8,6
AMD23,none,K1_930,997,2.394989704873027,1.3300004451345264,1.2101252863797165,156.36158962852141,104.55777925704288,-20.480176680587306,-26.5365406050788,6,6
AMD23,none,K3_LON_EMA,420,1.0089224433768016,1.513984936848041,1.3736988940971386,82.49375704878068,62.78021409756134,-10.794932281250766,-12.351564562501437,7,7
AMD23,none,930_and_EMA,452,1.085792724776939,1.3588812617814228,1.2459413293566315,76.37250206795511,54.738404135910244,-19.078867467143567,-20.465549360381942,6,6
AMD23,in_value,none,1280,3.074811256005491,1.250345161578941,1.1500886036607054,162.4920658017678,101.88893160353554,-36.26497466313053,-41.826022549146856,7,7
AMD23,in_value,K1_930,499,1.1986959505833905,1.3497067834397132,1.228021992299712,81.44191622475714,55.81353244951427,-24.201273378390418,-29.55694675678084,6,6
AMD23,below_POC,none,1952,4.689087165408374,1.2006532733925637,1.1088545640805898,202.21255726070638,114.54091452141277,-39.19795258867624,-57.07657826668463,6,5
AMD23,below_POC,K1_930,514,1.2347288949897048,1.3786447300129618,1.2603911427471222,92.35457960128336,66.61235920256672,-16.753154327967277,-23.557808655934522,6,4
AMD23,above_POC,none,1616,3.881949210706932,1.226920269625271,1.1320696716549532,194.86125847888644,118.51661695777288,-40.015285442611145,-53.35921312668515,6,5
AMD23,above_POC,K1_930,490,1.177076183939602,1.3004078892911741,1.1770819842621996,69.38019615068325,43.005992301366504,-22.314556872702433,-23.989613745404853,7,6
AMD23,gt1ATR_POC,none,3163,7.598146877144818,1.1753976072075547,1.0850131258358369,305.3203027239051,154.79710544781028,-52.61650787752197,-73.00771575504365,7,6
AMD23,gt1ATR_POC,K1_930,812,1.9505833905284833,1.3468137980417485,1.22495808614005,136.3516770227198,92.97755404543959,-19.428571235180755,-24.46999868969214,7,7
AMD25,none,none,592,1.4221002059025394,1.2294216057681535,1.1383353533066305,68.00761896312035,42.80683792624071,-28.95373317264454,-40.38166634528902,5,4
AMD25,gt1ATR_POC,none,500,1.201098146877145,1.2376095159569631,1.144898263118421,62.122287383980165,39.65567476796033,-28.916422029559772,-32.23604405911953,5,5
AMD27,none,none,602,1.4461221688400825,1.2267626078861595,1.1353416169578687,68.18052617867033,42.4863523573407,-30.54088401644931,-42.25066803289855,5,4
AMD27,gt1ATR_POC,none,507,1.2179135209334249,1.2103063602654478,1.1193594201033183,56.3112146554296,33.45662931085919,-29.453060948686623,-35.08521725611028,5,5
AMD28,none,none,1025,2.4622512010981468,1.3503879605600568,1.2509329275217125,175.05149255141816,130.73158510283628,-25.80278821031513,-31.538176420630254,7,6
AMD28,in_value,none,410,0.9849004804392588,1.3687792924706463,1.2675551400001694,73.6600283490734,55.72525669814679,-20.736449924123228,-24.85199984824647,5,5
AMD28,below_POC,none,596,1.4317089910775567,1.4262571048747907,1.3235555908975731,119.7388754931693,94.67585098633859,-22.1404739433029,-24.327447886605768,6,6
AMD28,above_POC,none,437,1.0497597803706247,1.2166478938284015,1.1242215265460735,48.97160342813326,29.326806856266515,-21.945749080207307,-24.890798160414615,5,5
AMD28,gt1ATR_POC,none,872,2.0947151681537406,1.293004066442531,1.196991427769188,134.47414549202574,94.53609098405141,-30.638888699506683,-36.62791337944345,6,6
AMD29,none,none,1704,4.09334248455731,1.2389708216847541,1.1469166104590762,207.7590752022557,133.26705040451142,-32.12512514976235,-39.177450299524644,6,6
AMD29,none,K1_930,420,1.0089224433768016,1.1377575729048761,1.0352277319352068,29.357200169813172,7.89860033962638,-26.894090530150812,-35.19885159693322,4,3
AMD29,in_value,none,683,1.64070006863418,1.3053305763273637,1.2041509464065543,102.89889635242294,71.81169270484587,-37.35900623771281,-44.87691247542561,5,5
AMD29,below_POC,none,946,2.272477693891558,1.2922656943935869,1.1987413833789131,137.4646616355928,97.42472327118558,-21.856612302529847,-27.711277788788884,5,4
AMD29,above_POC,none,779,1.8713109128345917,1.1339418600659128,1.04663792262533,55.85338677571229,20.323873551424555,-23.540739088052852,-28.89687905243867,4,4
AMD29,gt1ATR_POC,none,1453,3.490391214824983,1.201901772409605,1.1126974032415853,160.43399031093006,93.65308062186013,-34.41342729398309,-40.69095458796623,6,5
AMD30,none,none,1056,2.53671928620453,1.3445305984648401,1.2456621791148987,178.18406516686065,132.44973033372133,-26.846744254271172,-32.626088508542324,7,5
AMD30,in_value,none,420,1.0089224433768016,1.4241756185421257,1.3189743810865893,85.13731219517678,66.73592439035355,-18.180658724461093,-20.449069118320665,6,6
AMD30,below_POC,none,607,1.458133150308854,1.4241262371487493,1.3214438120076317,121.80230496600163,96.1643099320032,-22.1404739433029,-24.327447886605768,6,6
AMD30,above_POC,none,457,1.0978037062457104,1.2108294415758962,1.1193220209068964,50.040746570743465,29.556493141486918,-21.935104834620414,-24.315809669240842,5,5
AMD30,gt1ATR_POC,none,900,2.161976664378861,1.291982694344562,1.1962204602707955,138.54101879733054,97.3189375946611,-30.332361661186724,-36.81605930280352,6,5
AMD31,none,none,1811,4.350377487989019,1.264815461449034,1.1707680556247857,244.36066680370385,164.4202336074077,-31.365328665322203,-38.978057330644354,7,6
AMD31,none,K1_930,453,1.0881949210706932,1.206029760123127,1.0976327388996687,46.23521026692853,23.023820533857073,-16.01461232777318,-18.57529483546893,5,4
AMD31,in_value,none,698,1.6767330130404943,1.3854238347190468,1.2786025710229383,128.95933117413364,97.21096234826726,-26.581203221654413,-30.84310644330884,6,5
AMD31,below_POC,none,992,2.382978723404255,1.336210925650244,1.2389377557967725,163.40679523957658,121.03989047915323,-23.216702042889153,-26.514704085778355,6,5
AMD31,above_POC,none,842,2.022649279341112,1.1411898088449952,1.0540689691155265,64.48297120336694,25.80214240673387,-30.304714785733722,-32.97622957146751,6,4
AMD31,gt1ATR_POC,none,1563,3.7546328071379547,1.2321372588161636,1.1405273756966354,197.35246732876467,124.94203465752932,-34.25147211719059,-41.03434423438124,7,6
