bucket_open_et,open,high,low,close,volume,n_source_minutes,source_first_ts,source_last_ts,bucket_close_et,availability_et,tf,complete
2026-07-05 20:00:00-04:00,29987.75,30004.75,29879.75,29882.75,6259,30,2026-07-05 20:00:00-04:00,2026-07-05 20:29:00-04:00,2026-07-05 20:30:00-04:00,2026-07-05 20:30:00-04:00,30m,True
2026-07-05 20:30:00-04:00,29882.25,29969.75,29845.0,29928.25,5393,30,2026-07-05 20:30:00-04:00,2026-07-05 20:59:00-04:00,2026-07-05 21:00:00-04:00,2026-07-05 21:00:00-04:00,30m,True
2026-07-05 21:00:00-04:00,29926.5,29932.0,29773.75,29814.25,6172,30,2026-07-05 21:00:00-04:00,2026-07-05 21:29:00-04:00,2026-07-05 21:30:00-04:00,2026-07-05 21:30:00-04:00,30m,True
2026-07-05 21:30:00-04:00,29813.25,29855.25,29750.0,29792.75,5187,30,2026-07-05 21:30:00-04:00,2026-07-05 21:59:00-04:00,2026-07-05 22:00:00-04:00,2026-07-05 22:00:00-04:00,30m,True
2026-07-05 22:00:00-04:00,29793.25,29818.75,29735.0,29736.25,5484,30,2026-07-05 22:00:00-04:00,2026-07-05 22:29:00-04:00,2026-07-05 22:30:00-04:00,2026-07-05 22:30:00-04:00,30m,True
2026-07-05 22:30:00-04:00,29737.0,29747.5,29683.0,29725.25,4569,30,2026-07-05 22:30:00-04:00,2026-07-05 22:59:00-04:00,2026-07-05 23:00:00-04:00,2026-07-05 23:00:00-04:00,30m,True
2026-07-05 23:00:00-04:00,29726.5,29790.5,29716.75,29788.0,3876,30,2026-07-05 23:00:00-04:00,2026-07-05 23:29:00-04:00,2026-07-05 23:30:00-04:00,2026-07-05 23:30:00-04:00,30m,True
2026-07-05 23:30:00-04:00,29789.5,29806.5,29693.25,29730.25,4732,30,2026-07-05 23:30:00-04:00,2026-07-05 23:59:00-04:00,2026-07-06 00:00:00-04:00,2026-07-06 00:00:00-04:00,30m,True
2026-07-06 00:00:00-04:00,29730.25,29801.0,29703.0,29794.75,3466,30,2026-07-06 00:00:00-04:00,2026-07-06 00:29:00-04:00,2026-07-06 00:30:00-04:00,2026-07-06 00:30:00-04:00,30m,True
2026-07-06 00:30:00-04:00,29795.5,29840.5,29788.5,29828.25,2430,30,2026-07-06 00:30:00-04:00,2026-07-06 00:59:00-04:00,2026-07-06 01:00:00-04:00,2026-07-06 01:00:00-04:00,30m,True
2026-07-06 01:00:00-04:00,29829.5,29830.5,29767.75,29769.5,2028,30,2026-07-06 01:00:00-04:00,2026-07-06 01:29:00-04:00,2026-07-06 01:30:00-04:00,2026-07-06 01:30:00-04:00,30m,True
2026-07-06 01:30:00-04:00,29770.0,29801.5,29752.5,29790.5,1994,30,2026-07-06 01:30:00-04:00,2026-07-06 01:59:00-04:00,2026-07-06 02:00:00-04:00,2026-07-06 02:00:00-04:00,30m,True
2026-07-06 02:00:00-04:00,29791.5,29807.5,29754.75,29790.5,1960,30,2026-07-06 02:00:00-04:00,2026-07-06 02:29:00-04:00,2026-07-06 02:30:00-04:00,2026-07-06 02:30:00-04:00,30m,True
2026-07-06 02:30:00-04:00,29789.0,29858.25,29784.5,29847.25,3197,30,2026-07-06 02:30:00-04:00,2026-07-06 02:59:00-04:00,2026-07-06 03:00:00-04:00,2026-07-06 03:00:00-04:00,30m,True
2026-07-06 03:00:00-04:00,29846.25,29863.75,29817.75,29820.25,2130,30,2026-07-06 03:00:00-04:00,2026-07-06 03:29:00-04:00,2026-07-06 03:30:00-04:00,2026-07-06 03:30:00-04:00,30m,True
2026-07-06 03:30:00-04:00,29822.0,29876.25,29816.25,29852.5,1452,30,2026-07-06 03:30:00-04:00,2026-07-06 03:59:00-04:00,2026-07-06 04:00:00-04:00,2026-07-06 04:00:00-04:00,30m,True
2026-07-06 04:00:00-04:00,29852.75,29884.0,29780.0,29833.25,3003,30,2026-07-06 04:00:00-04:00,2026-07-06 04:29:00-04:00,2026-07-06 04:30:00-04:00,2026-07-06 04:30:00-04:00,30m,True
2026-07-06 04:30:00-04:00,29831.0,29870.75,29807.75,29867.0,1664,30,2026-07-06 04:30:00-04:00,2026-07-06 04:59:00-04:00,2026-07-06 05:00:00-04:00,2026-07-06 05:00:00-04:00,30m,True
2026-07-06 05:00:00-04:00,29869.75,29875.0,29844.0,29863.5,1558,30,2026-07-06 05:00:00-04:00,2026-07-06 05:29:00-04:00,2026-07-06 05:30:00-04:00,2026-07-06 05:30:00-04:00,30m,True
2026-07-06 05:30:00-04:00,29864.75,29888.5,29827.5,29877.0,1884,30,2026-07-06 05:30:00-04:00,2026-07-06 05:59:00-04:00,2026-07-06 06:00:00-04:00,2026-07-06 06:00:00-04:00,30m,True
2026-07-06 06:00:00-04:00,29878.0,29891.5,29852.25,29864.75,1626,30,2026-07-06 06:00:00-04:00,2026-07-06 06:29:00-04:00,2026-07-06 06:30:00-04:00,2026-07-06 06:30:00-04:00,30m,True
2026-07-06 06:30:00-04:00,29864.0,29885.0,29847.25,29884.5,1465,30,2026-07-06 06:30:00-04:00,2026-07-06 06:59:00-04:00,2026-07-06 07:00:00-04:00,2026-07-06 07:00:00-04:00,30m,True
2026-07-06 07:00:00-04:00,29884.25,29896.0,29841.75,29880.75,2660,30,2026-07-06 07:00:00-04:00,2026-07-06 07:29:00-04:00,2026-07-06 07:30:00-04:00,2026-07-06 07:30:00-04:00,30m,True
2026-07-06 07:30:00-04:00,29879.5,29915.0,29871.0,29877.75,3183,30,2026-07-06 07:30:00-04:00,2026-07-06 07:59:00-04:00,2026-07-06 08:00:00-04:00,2026-07-06 08:00:00-04:00,30m,True
2026-07-06 08:00:00-04:00,29879.0,29936.0,29865.5,29893.25,5425,30,2026-07-06 08:00:00-04:00,2026-07-06 08:29:00-04:00,2026-07-06 08:30:00-04:00,2026-07-06 08:30:00-04:00,30m,True
2026-07-06 08:30:00-04:00,29893.5,29935.0,29886.75,29934.0,3839,30,2026-07-06 08:30:00-04:00,2026-07-06 08:59:00-04:00,2026-07-06 09:00:00-04:00,2026-07-06 09:00:00-04:00,30m,True
2026-07-06 09:00:00-04:00,29934.75,29938.0,29820.25,29834.75,10233,30,2026-07-06 09:00:00-04:00,2026-07-06 09:29:00-04:00,2026-07-06 09:30:00-04:00,2026-07-06 09:30:00-04:00,30m,True
2026-07-06 09:30:00-04:00,29835.75,30009.0,29776.25,29932.5,59189,30,2026-07-06 09:30:00-04:00,2026-07-06 09:59:00-04:00,2026-07-06 10:00:00-04:00,2026-07-06 10:00:00-04:00,30m,True
2026-07-06 10:00:00-04:00,29935.5,30042.5,29903.25,30012.75,35089,30,2026-07-06 10:00:00-04:00,2026-07-06 10:29:00-04:00,2026-07-06 10:30:00-04:00,2026-07-06 10:30:00-04:00,30m,True
2026-07-06 10:30:00-04:00,30013.25,30067.5,29986.75,30025.25,27396,30,2026-07-06 10:30:00-04:00,2026-07-06 10:59:00-04:00,2026-07-06 11:00:00-04:00,2026-07-06 11:00:00-04:00,30m,True
2026-07-06 11:00:00-04:00,30025.75,30062.75,29941.25,30061.25,25702,30,2026-07-06 11:00:00-04:00,2026-07-06 11:29:00-04:00,2026-07-06 11:30:00-04:00,2026-07-06 11:30:00-04:00,30m,True
2026-07-06 11:30:00-04:00,30061.0,30083.75,30031.5,30074.25,18873,30,2026-07-06 11:30:00-04:00,2026-07-06 11:59:00-04:00,2026-07-06 12:00:00-04:00,2026-07-06 12:00:00-04:00,30m,True
2026-07-06 12:00:00-04:00,30074.0,30094.0,30024.75,30032.25,15440,30,2026-07-06 12:00:00-04:00,2026-07-06 12:29:00-04:00,2026-07-06 12:30:00-04:00,2026-07-06 12:30:00-04:00,30m,True
2026-07-06 12:30:00-04:00,30033.75,30044.25,29981.0,29990.0,16002,30,2026-07-06 12:30:00-04:00,2026-07-06 12:59:00-04:00,2026-07-06 13:00:00-04:00,2026-07-06 13:00:00-04:00,30m,True
2026-07-06 13:00:00-04:00,29989.0,30036.75,29948.0,29954.75,16876,30,2026-07-06 13:00:00-04:00,2026-07-06 13:29:00-04:00,2026-07-06 13:30:00-04:00,2026-07-06 13:30:00-04:00,30m,True
2026-07-06 13:30:00-04:00,29955.5,29960.5,29882.25,29896.75,22571,30,2026-07-06 13:30:00-04:00,2026-07-06 13:59:00-04:00,2026-07-06 14:00:00-04:00,2026-07-06 14:00:00-04:00,30m,True
2026-07-06 14:00:00-04:00,29896.25,30000.0,29895.5,29971.75,18866,30,2026-07-06 14:00:00-04:00,2026-07-06 14:29:00-04:00,2026-07-06 14:30:00-04:00,2026-07-06 14:30:00-04:00,30m,True
2026-07-06 14:30:00-04:00,29971.75,30004.0,29948.5,29990.0,13253,30,2026-07-06 14:30:00-04:00,2026-07-06 14:59:00-04:00,2026-07-06 15:00:00-04:00,2026-07-06 15:00:00-04:00,30m,True
2026-07-06 15:00:00-04:00,29990.75,30052.0,29980.75,30035.5,15248,30,2026-07-06 15:00:00-04:00,2026-07-06 15:29:00-04:00,2026-07-06 15:30:00-04:00,2026-07-06 15:30:00-04:00,30m,True
2026-07-06 15:30:00-04:00,30035.75,30038.0,29931.5,29951.75,35923,30,2026-07-06 15:30:00-04:00,2026-07-06 15:59:00-04:00,2026-07-06 16:00:00-04:00,2026-07-06 16:00:00-04:00,30m,True
2026-07-06 16:00:00-04:00,29951.25,29972.75,29933.0,29959.5,11039,30,2026-07-06 16:00:00-04:00,2026-07-06 16:29:00-04:00,2026-07-06 16:30:00-04:00,2026-07-06 16:30:00-04:00,30m,True
2026-07-06 16:30:00-04:00,29960.0,29965.5,29931.25,29947.75,3200,30,2026-07-06 16:30:00-04:00,2026-07-06 16:59:00-04:00,2026-07-06 17:00:00-04:00,2026-07-06 17:00:00-04:00,30m,True
2026-07-06 18:00:00-04:00,29960.0,29973.75,29940.25,29951.75,2261,30,2026-07-06 18:00:00-04:00,2026-07-06 18:29:00-04:00,2026-07-06 18:30:00-04:00,2026-07-06 18:30:00-04:00,30m,True
2026-07-06 18:30:00-04:00,29951.25,29970.0,29889.0,29894.75,3021,30,2026-07-06 18:30:00-04:00,2026-07-06 18:59:00-04:00,2026-07-06 19:00:00-04:00,2026-07-06 19:00:00-04:00,30m,True
2026-07-06 19:00:00-04:00,29893.5,29928.75,29872.75,29897.5,2730,30,2026-07-06 19:00:00-04:00,2026-07-06 19:29:00-04:00,2026-07-06 19:30:00-04:00,2026-07-06 19:30:00-04:00,30m,True
2026-07-06 19:30:00-04:00,29897.25,29906.0,29839.25,29852.25,3697,30,2026-07-06 19:30:00-04:00,2026-07-06 19:59:00-04:00,2026-07-06 20:00:00-04:00,2026-07-06 20:00:00-04:00,30m,True
2026-07-06 20:00:00-04:00,29851.0,29914.25,29816.25,29878.75,5693,30,2026-07-06 20:00:00-04:00,2026-07-06 20:29:00-04:00,2026-07-06 20:30:00-04:00,2026-07-06 20:30:00-04:00,30m,True
2026-07-06 20:30:00-04:00,29879.5,29886.75,29808.25,29816.75,4804,30,2026-07-06 20:30:00-04:00,2026-07-06 20:59:00-04:00,2026-07-06 21:00:00-04:00,2026-07-06 21:00:00-04:00,30m,True
2026-07-06 21:00:00-04:00,29819.75,29835.75,29726.5,29740.0,5232,30,2026-07-06 21:00:00-04:00,2026-07-06 21:29:00-04:00,2026-07-06 21:30:00-04:00,2026-07-06 21:30:00-04:00,30m,True
2026-07-06 21:30:00-04:00,29739.25,29822.0,29716.5,29773.0,4948,30,2026-07-06 21:30:00-04:00,2026-07-06 21:59:00-04:00,2026-07-06 22:00:00-04:00,2026-07-06 22:00:00-04:00,30m,True
2026-07-06 22:00:00-04:00,29774.25,29819.25,29767.25,29772.75,2685,30,2026-07-06 22:00:00-04:00,2026-07-06 22:29:00-04:00,2026-07-06 22:30:00-04:00,2026-07-06 22:30:00-04:00,30m,True
2026-07-06 22:30:00-04:00,29771.5,29780.25,29738.75,29748.0,3493,30,2026-07-06 22:30:00-04:00,2026-07-06 22:59:00-04:00,2026-07-06 23:00:00-04:00,2026-07-06 23:00:00-04:00,30m,True
2026-07-06 23:00:00-04:00,29748.0,29784.75,29680.0,29684.25,4973,30,2026-07-06 23:00:00-04:00,2026-07-06 23:29:00-04:00,2026-07-06 23:30:00-04:00,2026-07-06 23:30:00-04:00,30m,True
2026-07-06 23:30:00-04:00,29685.25,29709.0,29628.25,29668.25,5623,30,2026-07-06 23:30:00-04:00,2026-07-06 23:59:00-04:00,2026-07-07 00:00:00-04:00,2026-07-07 00:00:00-04:00,30m,True
2026-07-07 00:00:00-04:00,29670.0,29680.0,29616.0,29639.0,3388,30,2026-07-07 00:00:00-04:00,2026-07-07 00:29:00-04:00,2026-07-07 00:30:00-04:00,2026-07-07 00:30:00-04:00,30m,True
2026-07-07 00:30:00-04:00,29640.0,29656.75,29607.5,29625.5,2447,30,2026-07-07 00:30:00-04:00,2026-07-07 00:59:00-04:00,2026-07-07 01:00:00-04:00,2026-07-07 01:00:00-04:00,30m,True
2026-07-07 01:00:00-04:00,29626.25,29627.0,29558.5,29590.0,3927,30,2026-07-07 01:00:00-04:00,2026-07-07 01:29:00-04:00,2026-07-07 01:30:00-04:00,2026-07-07 01:30:00-04:00,30m,True
2026-07-07 01:30:00-04:00,29591.75,29704.5,29591.75,29689.75,4856,30,2026-07-07 01:30:00-04:00,2026-07-07 01:59:00-04:00,2026-07-07 02:00:00-04:00,2026-07-07 02:00:00-04:00,30m,True
2026-07-07 02:00:00-04:00,29688.75,29701.25,29631.25,29663.0,3653,30,2026-07-07 02:00:00-04:00,2026-07-07 02:29:00-04:00,2026-07-07 02:30:00-04:00,2026-07-07 02:30:00-04:00,30m,True
2026-07-07 02:30:00-04:00,29662.0,29693.25,29647.0,29688.75,2529,30,2026-07-07 02:30:00-04:00,2026-07-07 02:59:00-04:00,2026-07-07 03:00:00-04:00,2026-07-07 03:00:00-04:00,30m,True
2026-07-07 03:00:00-04:00,29689.0,29744.0,29667.75,29717.0,4829,30,2026-07-07 03:00:00-04:00,2026-07-07 03:29:00-04:00,2026-07-07 03:30:00-04:00,2026-07-07 03:30:00-04:00,30m,True
2026-07-07 03:30:00-04:00,29715.5,29723.0,29644.0,29645.5,3436,30,2026-07-07 03:30:00-04:00,2026-07-07 03:59:00-04:00,2026-07-07 04:00:00-04:00,2026-07-07 04:00:00-04:00,30m,True
2026-07-07 04:00:00-04:00,29646.75,29709.25,29641.25,29691.75,3426,30,2026-07-07 04:00:00-04:00,2026-07-07 04:29:00-04:00,2026-07-07 04:30:00-04:00,2026-07-07 04:30:00-04:00,30m,True
2026-07-07 04:30:00-04:00,29692.25,29705.0,29658.5,29660.25,2063,30,2026-07-07 04:30:00-04:00,2026-07-07 04:59:00-04:00,2026-07-07 05:00:00-04:00,2026-07-07 05:00:00-04:00,30m,True
2026-07-07 05:00:00-04:00,29660.75,29693.5,29642.5,29655.5,2218,30,2026-07-07 05:00:00-04:00,2026-07-07 05:29:00-04:00,2026-07-07 05:30:00-04:00,2026-07-07 05:30:00-04:00,30m,True
2026-07-07 05:30:00-04:00,29658.25,29665.5,29622.5,29662.25,3312,30,2026-07-07 05:30:00-04:00,2026-07-07 05:59:00-04:00,2026-07-07 06:00:00-04:00,2026-07-07 06:00:00-04:00,30m,True
2026-07-07 06:00:00-04:00,29663.25,29689.5,29639.5,29673.5,6232,30,2026-07-07 06:00:00-04:00,2026-07-07 06:29:00-04:00,2026-07-07 06:30:00-04:00,2026-07-07 06:30:00-04:00,30m,True
2026-07-07 06:30:00-04:00,29673.25,29673.5,29625.25,29659.25,2784,30,2026-07-07 06:30:00-04:00,2026-07-07 06:59:00-04:00,2026-07-07 07:00:00-04:00,2026-07-07 07:00:00-04:00,30m,True
2026-07-07 07:00:00-04:00,29660.5,29661.75,29602.5,29632.0,3324,30,2026-07-07 07:00:00-04:00,2026-07-07 07:29:00-04:00,2026-07-07 07:30:00-04:00,2026-07-07 07:30:00-04:00,30m,True
2026-07-07 07:30:00-04:00,29632.5,29645.75,29591.25,29642.5,3610,30,2026-07-07 07:30:00-04:00,2026-07-07 07:59:00-04:00,2026-07-07 08:00:00-04:00,2026-07-07 08:00:00-04:00,30m,True
2026-07-07 08:00:00-04:00,29640.75,29716.0,29639.25,29688.0,6573,30,2026-07-07 08:00:00-04:00,2026-07-07 08:29:00-04:00,2026-07-07 08:30:00-04:00,2026-07-07 08:30:00-04:00,30m,True
2026-07-07 08:30:00-04:00,29686.5,29708.0,29622.0,29642.25,5501,30,2026-07-07 08:30:00-04:00,2026-07-07 08:59:00-04:00,2026-07-07 09:00:00-04:00,2026-07-07 09:00:00-04:00,30m,True
2026-07-07 09:00:00-04:00,29642.25,29655.75,29580.0,29592.25,10911,30,2026-07-07 09:00:00-04:00,2026-07-07 09:29:00-04:00,2026-07-07 09:30:00-04:00,2026-07-07 09:30:00-04:00,30m,True
2026-07-07 09:30:00-04:00,29593.0,29685.75,29420.25,29469.0,76334,30,2026-07-07 09:30:00-04:00,2026-07-07 09:59:00-04:00,2026-07-07 10:00:00-04:00,2026-07-07 10:00:00-04:00,30m,True
2026-07-07 10:00:00-04:00,29468.75,29505.75,29259.75,29303.25,57509,30,2026-07-07 10:00:00-04:00,2026-07-07 10:29:00-04:00,2026-07-07 10:30:00-04:00,2026-07-07 10:30:00-04:00,30m,True
2026-07-07 10:30:00-04:00,29303.5,29327.75,29210.0,29302.5,42346,30,2026-07-07 10:30:00-04:00,2026-07-07 10:59:00-04:00,2026-07-07 11:00:00-04:00,2026-07-07 11:00:00-04:00,30m,True
2026-07-07 11:00:00-04:00,29302.25,29358.0,29271.25,29314.0,28478,30,2026-07-07 11:00:00-04:00,2026-07-07 11:29:00-04:00,2026-07-07 11:30:00-04:00,2026-07-07 11:30:00-04:00,30m,True
2026-07-07 11:30:00-04:00,29315.0,29389.25,29248.25,29386.75,25607,30,2026-07-07 11:30:00-04:00,2026-07-07 11:59:00-04:00,2026-07-07 12:00:00-04:00,2026-07-07 12:00:00-04:00,30m,True
2026-07-07 12:00:00-04:00,29388.0,29548.0,29377.0,29532.0,32761,30,2026-07-07 12:00:00-04:00,2026-07-07 12:29:00-04:00,2026-07-07 12:30:00-04:00,2026-07-07 12:30:00-04:00,30m,True
2026-07-07 12:30:00-04:00,29532.25,29558.25,29486.25,29540.0,23396,30,2026-07-07 12:30:00-04:00,2026-07-07 12:59:00-04:00,2026-07-07 13:00:00-04:00,2026-07-07 13:00:00-04:00,30m,True
2026-07-07 13:00:00-04:00,29539.5,29580.75,29510.0,29533.75,20705,30,2026-07-07 13:00:00-04:00,2026-07-07 13:29:00-04:00,2026-07-07 13:30:00-04:00,2026-07-07 13:30:00-04:00,30m,True
2026-07-07 13:30:00-04:00,29533.5,29570.0,29528.25,29567.25,14487,30,2026-07-07 13:30:00-04:00,2026-07-07 13:59:00-04:00,2026-07-07 14:00:00-04:00,2026-07-07 14:00:00-04:00,30m,True
2026-07-07 14:00:00-04:00,29567.5,29574.25,29509.75,29517.0,14594,30,2026-07-07 14:00:00-04:00,2026-07-07 14:29:00-04:00,2026-07-07 14:30:00-04:00,2026-07-07 14:30:00-04:00,30m,True
2026-07-07 14:30:00-04:00,29517.5,29531.5,29385.25,29391.0,25404,30,2026-07-07 14:30:00-04:00,2026-07-07 14:59:00-04:00,2026-07-07 15:00:00-04:00,2026-07-07 15:00:00-04:00,30m,True
2026-07-07 15:00:00-04:00,29390.25,29410.0,29271.0,29321.25,27478,30,2026-07-07 15:00:00-04:00,2026-07-07 15:29:00-04:00,2026-07-07 15:30:00-04:00,2026-07-07 15:30:00-04:00,30m,True
2026-07-07 15:30:00-04:00,29320.75,29400.0,29303.75,29394.5,37980,30,2026-07-07 15:30:00-04:00,2026-07-07 15:59:00-04:00,2026-07-07 16:00:00-04:00,2026-07-07 16:00:00-04:00,30m,True
2026-07-07 16:00:00-04:00,29395.0,29437.25,29387.75,29415.75,14499,30,2026-07-07 16:00:00-04:00,2026-07-07 16:29:00-04:00,2026-07-07 16:30:00-04:00,2026-07-07 16:30:00-04:00,30m,True
2026-07-07 16:30:00-04:00,29416.0,29424.75,29412.5,29419.5,2652,30,2026-07-07 16:30:00-04:00,2026-07-07 16:59:00-04:00,2026-07-07 17:00:00-04:00,2026-07-07 17:00:00-04:00,30m,True
2026-07-07 18:00:00-04:00,29373.75,29388.0,29319.5,29372.75,3555,30,2026-07-07 18:00:00-04:00,2026-07-07 18:29:00-04:00,2026-07-07 18:30:00-04:00,2026-07-07 18:30:00-04:00,30m,True
2026-07-07 18:30:00-04:00,29374.0,29400.0,29363.75,29382.75,2156,30,2026-07-07 18:30:00-04:00,2026-07-07 18:59:00-04:00,2026-07-07 19:00:00-04:00,2026-07-07 19:00:00-04:00,30m,True
2026-07-07 19:00:00-04:00,29382.5,29406.0,29356.0,29396.25,2591,30,2026-07-07 19:00:00-04:00,2026-07-07 19:29:00-04:00,2026-07-07 19:30:00-04:00,2026-07-07 19:30:00-04:00,30m,True
2026-07-07 19:30:00-04:00,29396.25,29407.0,29292.5,29300.5,3689,30,2026-07-07 19:30:00-04:00,2026-07-07 19:59:00-04:00,2026-07-07 20:00:00-04:00,2026-07-07 20:00:00-04:00,30m,True
2026-07-07 20:00:00-04:00,29300.0,29477.5,29266.0,29454.5,9536,30,2026-07-07 20:00:00-04:00,2026-07-07 20:29:00-04:00,2026-07-07 20:30:00-04:00,2026-07-07 20:30:00-04:00,30m,True
2026-07-07 20:30:00-04:00,29452.75,29547.0,29407.25,29543.5,6874,30,2026-07-07 20:30:00-04:00,2026-07-07 20:59:00-04:00,2026-07-07 21:00:00-04:00,2026-07-07 21:00:00-04:00,30m,True
2026-07-07 21:00:00-04:00,29543.75,29558.75,29481.5,29485.25,5693,30,2026-07-07 21:00:00-04:00,2026-07-07 21:29:00-04:00,2026-07-07 21:30:00-04:00,2026-07-07 21:30:00-04:00,30m,True
2026-07-07 21:30:00-04:00,29489.0,29495.25,29427.0,29438.0,4882,30,2026-07-07 21:30:00-04:00,2026-07-07 21:59:00-04:00,2026-07-07 22:00:00-04:00,2026-07-07 22:00:00-04:00,30m,True
2026-07-07 22:00:00-04:00,29437.75,29458.75,29388.0,29421.5,4552,30,2026-07-07 22:00:00-04:00,2026-07-07 22:29:00-04:00,2026-07-07 22:30:00-04:00,2026-07-07 22:30:00-04:00,30m,True
2026-07-07 22:30:00-04:00,29422.25,29475.0,29399.75,29461.25,2934,30,2026-07-07 22:30:00-04:00,2026-07-07 22:59:00-04:00,2026-07-07 23:00:00-04:00,2026-07-07 23:00:00-04:00,30m,True
2026-07-07 23:00:00-04:00,29461.5,29519.75,29461.25,29517.5,2835,30,2026-07-07 23:00:00-04:00,2026-07-07 23:29:00-04:00,2026-07-07 23:30:00-04:00,2026-07-07 23:30:00-04:00,30m,True
2026-07-07 23:30:00-04:00,29517.25,29532.25,29465.0,29467.0,2591,30,2026-07-07 23:30:00-04:00,2026-07-07 23:59:00-04:00,2026-07-08 00:00:00-04:00,2026-07-08 00:00:00-04:00,30m,True
2026-07-08 00:00:00-04:00,29470.0,29473.5,29428.0,29442.5,3208,30,2026-07-08 00:00:00-04:00,2026-07-08 00:29:00-04:00,2026-07-08 00:30:00-04:00,2026-07-08 00:30:00-04:00,30m,True
2026-07-08 00:30:00-04:00,29442.75,29446.0,29376.75,29415.0,3581,30,2026-07-08 00:30:00-04:00,2026-07-08 00:59:00-04:00,2026-07-08 01:00:00-04:00,2026-07-08 01:00:00-04:00,30m,True
2026-07-08 01:00:00-04:00,29417.0,29447.25,29378.75,29384.5,2436,30,2026-07-08 01:00:00-04:00,2026-07-08 01:29:00-04:00,2026-07-08 01:30:00-04:00,2026-07-08 01:30:00-04:00,30m,True
2026-07-08 01:30:00-04:00,29384.0,29385.75,29311.75,29347.5,4447,30,2026-07-08 01:30:00-04:00,2026-07-08 01:59:00-04:00,2026-07-08 02:00:00-04:00,2026-07-08 02:00:00-04:00,30m,True
2026-07-08 02:00:00-04:00,29346.75,29363.5,29320.25,29324.75,4080,30,2026-07-08 02:00:00-04:00,2026-07-08 02:29:00-04:00,2026-07-08 02:30:00-04:00,2026-07-08 02:30:00-04:00,30m,True
2026-07-08 02:30:00-04:00,29320.25,29352.5,29282.25,29329.25,3624,30,2026-07-08 02:30:00-04:00,2026-07-08 02:59:00-04:00,2026-07-08 03:00:00-04:00,2026-07-08 03:00:00-04:00,30m,True
2026-07-08 03:00:00-04:00,29328.25,29355.0,29281.0,29353.0,4280,30,2026-07-08 03:00:00-04:00,2026-07-08 03:29:00-04:00,2026-07-08 03:30:00-04:00,2026-07-08 03:30:00-04:00,30m,True
2026-07-08 03:30:00-04:00,29351.0,29409.5,29346.25,29381.0,4031,30,2026-07-08 03:30:00-04:00,2026-07-08 03:59:00-04:00,2026-07-08 04:00:00-04:00,2026-07-08 04:00:00-04:00,30m,True
2026-07-08 04:00:00-04:00,29383.0,29414.75,29063.5,29079.75,12375,30,2026-07-08 04:00:00-04:00,2026-07-08 04:29:00-04:00,2026-07-08 04:30:00-04:00,2026-07-08 04:30:00-04:00,30m,True
2026-07-08 04:30:00-04:00,29080.0,29103.5,28957.25,29009.5,14391,30,2026-07-08 04:30:00-04:00,2026-07-08 04:59:00-04:00,2026-07-08 05:00:00-04:00,2026-07-08 05:00:00-04:00,30m,True
2026-07-08 05:00:00-04:00,29010.75,29034.0,28909.75,28961.25,9024,30,2026-07-08 05:00:00-04:00,2026-07-08 05:29:00-04:00,2026-07-08 05:30:00-04:00,2026-07-08 05:30:00-04:00,30m,True
2026-07-08 05:30:00-04:00,28959.25,29011.0,28947.25,28957.75,5226,30,2026-07-08 05:30:00-04:00,2026-07-08 05:59:00-04:00,2026-07-08 06:00:00-04:00,2026-07-08 06:00:00-04:00,30m,True
2026-07-08 06:00:00-04:00,28960.75,29021.75,28922.75,29020.25,4894,30,2026-07-08 06:00:00-04:00,2026-07-08 06:29:00-04:00,2026-07-08 06:30:00-04:00,2026-07-08 06:30:00-04:00,30m,True
2026-07-08 06:30:00-04:00,29018.0,29063.0,28996.0,29018.75,4792,30,2026-07-08 06:30:00-04:00,2026-07-08 06:59:00-04:00,2026-07-08 07:00:00-04:00,2026-07-08 07:00:00-04:00,30m,True
2026-07-08 07:00:00-04:00,29020.75,29028.5,28975.5,28987.25,4549,30,2026-07-08 07:00:00-04:00,2026-07-08 07:29:00-04:00,2026-07-08 07:30:00-04:00,2026-07-08 07:30:00-04:00,30m,True
2026-07-08 07:30:00-04:00,28984.75,29124.75,28973.0,29089.25,8091,30,2026-07-08 07:30:00-04:00,2026-07-08 07:59:00-04:00,2026-07-08 08:00:00-04:00,2026-07-08 08:00:00-04:00,30m,True
2026-07-08 08:00:00-04:00,29088.0,29184.25,29054.25,29177.25,8308,30,2026-07-08 08:00:00-04:00,2026-07-08 08:29:00-04:00,2026-07-08 08:30:00-04:00,2026-07-08 08:30:00-04:00,30m,True
2026-07-08 08:30:00-04:00,29176.75,29239.5,29145.75,29155.0,8753,30,2026-07-08 08:30:00-04:00,2026-07-08 08:59:00-04:00,2026-07-08 09:00:00-04:00,2026-07-08 09:00:00-04:00,30m,True
2026-07-08 09:00:00-04:00,29154.75,29230.0,29148.0,29202.25,13094,30,2026-07-08 09:00:00-04:00,2026-07-08 09:29:00-04:00,2026-07-08 09:30:00-04:00,2026-07-08 09:30:00-04:00,30m,True
2026-07-08 09:30:00-04:00,29202.75,29399.0,29201.0,29367.5,59509,30,2026-07-08 09:30:00-04:00,2026-07-08 09:59:00-04:00,2026-07-08 10:00:00-04:00,2026-07-08 10:00:00-04:00,30m,True
2026-07-08 10:00:00-04:00,29366.25,29389.25,29235.25,29292.5,38411,30,2026-07-08 10:00:00-04:00,2026-07-08 10:29:00-04:00,2026-07-08 10:30:00-04:00,2026-07-08 10:30:00-04:00,30m,True
2026-07-08 10:30:00-04:00,29292.75,29335.25,29151.0,29212.0,38867,30,2026-07-08 10:30:00-04:00,2026-07-08 10:59:00-04:00,2026-07-08 11:00:00-04:00,2026-07-08 11:00:00-04:00,30m,True
2026-07-08 11:00:00-04:00,29212.25,29224.25,29034.5,29057.75,29087,30,2026-07-08 11:00:00-04:00,2026-07-08 11:29:00-04:00,2026-07-08 11:30:00-04:00,2026-07-08 11:30:00-04:00,30m,True
2026-07-08 11:30:00-04:00,29058.0,29153.0,29034.0,29096.25,25875,30,2026-07-08 11:30:00-04:00,2026-07-08 11:59:00-04:00,2026-07-08 12:00:00-04:00,2026-07-08 12:00:00-04:00,30m,True
2026-07-08 12:00:00-04:00,29097.25,29303.25,29092.75,29277.0,27010,30,2026-07-08 12:00:00-04:00,2026-07-08 12:29:00-04:00,2026-07-08 12:30:00-04:00,2026-07-08 12:30:00-04:00,30m,True
2026-07-08 12:30:00-04:00,29275.5,29377.0,29245.5,29373.25,26124,30,2026-07-08 12:30:00-04:00,2026-07-08 12:59:00-04:00,2026-07-08 13:00:00-04:00,2026-07-08 13:00:00-04:00,30m,True
2026-07-08 13:00:00-04:00,29372.25,29445.25,29334.75,29440.25,20305,30,2026-07-08 13:00:00-04:00,2026-07-08 13:29:00-04:00,2026-07-08 13:30:00-04:00,2026-07-08 13:30:00-04:00,30m,True
2026-07-08 13:30:00-04:00,29441.5,29457.75,29324.25,29352.5,18539,30,2026-07-08 13:30:00-04:00,2026-07-08 13:59:00-04:00,2026-07-08 14:00:00-04:00,2026-07-08 14:00:00-04:00,30m,True
2026-07-08 14:00:00-04:00,29352.25,29429.25,29330.0,29372.75,15212,30,2026-07-08 14:00:00-04:00,2026-07-08 14:29:00-04:00,2026-07-08 14:30:00-04:00,2026-07-08 14:30:00-04:00,30m,True
2026-07-08 14:30:00-04:00,29371.75,29424.25,29347.5,29405.75,14336,30,2026-07-08 14:30:00-04:00,2026-07-08 14:59:00-04:00,2026-07-08 15:00:00-04:00,2026-07-08 15:00:00-04:00,30m,True
2026-07-08 15:00:00-04:00,29405.75,29438.75,29375.75,29425.25,14178,30,2026-07-08 15:00:00-04:00,2026-07-08 15:29:00-04:00,2026-07-08 15:30:00-04:00,2026-07-08 15:30:00-04:00,30m,True
2026-07-08 15:30:00-04:00,29425.0,29500.0,29381.0,29457.5,28682,30,2026-07-08 15:30:00-04:00,2026-07-08 15:59:00-04:00,2026-07-08 16:00:00-04:00,2026-07-08 16:00:00-04:00,30m,True
2026-07-08 16:00:00-04:00,29457.0,29468.5,29386.5,29394.25,11097,30,2026-07-08 16:00:00-04:00,2026-07-08 16:29:00-04:00,2026-07-08 16:30:00-04:00,2026-07-08 16:30:00-04:00,30m,True
2026-07-08 16:30:00-04:00,29394.75,29407.25,29353.25,29391.25,5046,30,2026-07-08 16:30:00-04:00,2026-07-08 16:59:00-04:00,2026-07-08 17:00:00-04:00,2026-07-08 17:00:00-04:00,30m,True
2026-07-08 18:00:00-04:00,29412.0,29449.25,29402.75,29424.25,2847,30,2026-07-08 18:00:00-04:00,2026-07-08 18:29:00-04:00,2026-07-08 18:30:00-04:00,2026-07-08 18:30:00-04:00,30m,True
2026-07-08 18:30:00-04:00,29424.5,29439.5,29405.5,29425.5,1202,30,2026-07-08 18:30:00-04:00,2026-07-08 18:59:00-04:00,2026-07-08 19:00:00-04:00,2026-07-08 19:00:00-04:00,30m,True
2026-07-08 19:00:00-04:00,29424.0,29457.5,29395.0,29424.75,2227,30,2026-07-08 19:00:00-04:00,2026-07-08 19:29:00-04:00,2026-07-08 19:30:00-04:00,2026-07-08 19:30:00-04:00,30m,True
2026-07-08 19:30:00-04:00,29421.0,29503.25,29400.75,29491.25,3636,30,2026-07-08 19:30:00-04:00,2026-07-08 19:59:00-04:00,2026-07-08 20:00:00-04:00,2026-07-08 20:00:00-04:00,30m,True
2026-07-08 20:00:00-04:00,29491.0,29567.75,29491.0,29561.75,6466,30,2026-07-08 20:00:00-04:00,2026-07-08 20:29:00-04:00,2026-07-08 20:30:00-04:00,2026-07-08 20:30:00-04:00,30m,True
2026-07-08 20:30:00-04:00,29563.25,29583.0,29486.25,29503.5,4804,30,2026-07-08 20:30:00-04:00,2026-07-08 20:59:00-04:00,2026-07-08 21:00:00-04:00,2026-07-08 21:00:00-04:00,30m,True
2026-07-08 21:00:00-04:00,29504.5,29555.25,29462.75,29529.0,4433,30,2026-07-08 21:00:00-04:00,2026-07-08 21:29:00-04:00,2026-07-08 21:30:00-04:00,2026-07-08 21:30:00-04:00,30m,True
2026-07-08 21:30:00-04:00,29531.75,29541.25,29444.5,29449.0,3874,30,2026-07-08 21:30:00-04:00,2026-07-08 21:59:00-04:00,2026-07-08 22:00:00-04:00,2026-07-08 22:00:00-04:00,30m,True
2026-07-08 22:00:00-04:00,29450.5,29579.0,29426.0,29533.75,5771,30,2026-07-08 22:00:00-04:00,2026-07-08 22:29:00-04:00,2026-07-08 22:30:00-04:00,2026-07-08 22:30:00-04:00,30m,True
2026-07-08 22:30:00-04:00,29534.0,29544.25,29419.0,29429.5,4614,30,2026-07-08 22:30:00-04:00,2026-07-08 22:59:00-04:00,2026-07-08 23:00:00-04:00,2026-07-08 23:00:00-04:00,30m,True
2026-07-08 23:00:00-04:00,29430.75,29481.5,29396.5,29480.0,3501,30,2026-07-08 23:00:00-04:00,2026-07-08 23:29:00-04:00,2026-07-08 23:30:00-04:00,2026-07-08 23:30:00-04:00,30m,True
2026-07-08 23:30:00-04:00,29480.75,29518.0,29474.25,29506.75,2213,30,2026-07-08 23:30:00-04:00,2026-07-08 23:59:00-04:00,2026-07-09 00:00:00-04:00,2026-07-09 00:00:00-04:00,30m,True
2026-07-09 00:00:00-04:00,29507.5,29518.5,29462.5,29474.5,1819,30,2026-07-09 00:00:00-04:00,2026-07-09 00:29:00-04:00,2026-07-09 00:30:00-04:00,2026-07-09 00:30:00-04:00,30m,True
2026-07-09 00:30:00-04:00,29475.0,29558.5,29475.0,29554.0,2643,30,2026-07-09 00:30:00-04:00,2026-07-09 00:59:00-04:00,2026-07-09 01:00:00-04:00,2026-07-09 01:00:00-04:00,30m,True
2026-07-09 01:00:00-04:00,29554.75,29597.0,29508.75,29515.0,4167,30,2026-07-09 01:00:00-04:00,2026-07-09 01:29:00-04:00,2026-07-09 01:30:00-04:00,2026-07-09 01:30:00-04:00,30m,True
2026-07-09 01:30:00-04:00,29513.75,29610.0,29474.75,29607.75,3715,30,2026-07-09 01:30:00-04:00,2026-07-09 01:59:00-04:00,2026-07-09 02:00:00-04:00,2026-07-09 02:00:00-04:00,30m,True
2026-07-09 02:00:00-04:00,29606.5,29644.25,29572.25,29628.5,4262,30,2026-07-09 02:00:00-04:00,2026-07-09 02:29:00-04:00,2026-07-09 02:30:00-04:00,2026-07-09 02:30:00-04:00,30m,True
2026-07-09 02:30:00-04:00,29628.5,29637.0,29597.75,29612.0,2978,30,2026-07-09 02:30:00-04:00,2026-07-09 02:59:00-04:00,2026-07-09 03:00:00-04:00,2026-07-09 03:00:00-04:00,30m,True
2026-07-09 03:00:00-04:00,29613.25,29667.75,29603.75,29651.75,4830,30,2026-07-09 03:00:00-04:00,2026-07-09 03:29:00-04:00,2026-07-09 03:30:00-04:00,2026-07-09 03:30:00-04:00,30m,True
2026-07-09 03:30:00-04:00,29653.25,29706.75,29640.5,29686.25,4039,30,2026-07-09 03:30:00-04:00,2026-07-09 03:59:00-04:00,2026-07-09 04:00:00-04:00,2026-07-09 04:00:00-04:00,30m,True
2026-07-09 04:00:00-04:00,29684.75,29735.75,29664.0,29699.25,4053,30,2026-07-09 04:00:00-04:00,2026-07-09 04:29:00-04:00,2026-07-09 04:30:00-04:00,2026-07-09 04:30:00-04:00,30m,True
2026-07-09 04:30:00-04:00,29697.0,29705.25,29643.0,29661.25,3140,30,2026-07-09 04:30:00-04:00,2026-07-09 04:59:00-04:00,2026-07-09 05:00:00-04:00,2026-07-09 05:00:00-04:00,30m,True
2026-07-09 05:00:00-04:00,29663.5,29669.0,29629.0,29650.0,1999,30,2026-07-09 05:00:00-04:00,2026-07-09 05:29:00-04:00,2026-07-09 05:30:00-04:00,2026-07-09 05:30:00-04:00,30m,True
2026-07-09 05:30:00-04:00,29647.75,29661.0,29613.75,29644.0,2156,30,2026-07-09 05:30:00-04:00,2026-07-09 05:59:00-04:00,2026-07-09 06:00:00-04:00,2026-07-09 06:00:00-04:00,30m,True
2026-07-09 06:00:00-04:00,29645.5,29669.0,29632.25,29650.5,1808,30,2026-07-09 06:00:00-04:00,2026-07-09 06:29:00-04:00,2026-07-09 06:30:00-04:00,2026-07-09 06:30:00-04:00,30m,True
2026-07-09 06:30:00-04:00,29649.5,29660.75,29564.5,29600.25,3809,30,2026-07-09 06:30:00-04:00,2026-07-09 06:59:00-04:00,2026-07-09 07:00:00-04:00,2026-07-09 07:00:00-04:00,30m,True
2026-07-09 07:00:00-04:00,29601.75,29643.75,29579.0,29641.0,3816,30,2026-07-09 07:00:00-04:00,2026-07-09 07:29:00-04:00,2026-07-09 07:30:00-04:00,2026-07-09 07:30:00-04:00,30m,True
2026-07-09 07:30:00-04:00,29641.0,29721.75,29626.75,29696.0,5984,30,2026-07-09 07:30:00-04:00,2026-07-09 07:59:00-04:00,2026-07-09 08:00:00-04:00,2026-07-09 08:00:00-04:00,30m,True
2026-07-09 08:00:00-04:00,29696.75,29755.0,29681.0,29749.25,5803,30,2026-07-09 08:00:00-04:00,2026-07-09 08:29:00-04:00,2026-07-09 08:30:00-04:00,2026-07-09 08:30:00-04:00,30m,True
2026-07-09 08:30:00-04:00,29748.0,29786.5,29715.25,29736.0,8279,30,2026-07-09 08:30:00-04:00,2026-07-09 08:59:00-04:00,2026-07-09 09:00:00-04:00,2026-07-09 09:00:00-04:00,30m,True
2026-07-09 09:00:00-04:00,29735.25,29759.5,29725.25,29745.25,8729,30,2026-07-09 09:00:00-04:00,2026-07-09 09:29:00-04:00,2026-07-09 09:30:00-04:00,2026-07-09 09:30:00-04:00,30m,True
2026-07-09 09:30:00-04:00,29746.75,29931.25,29672.0,29909.5,59463,30,2026-07-09 09:30:00-04:00,2026-07-09 09:59:00-04:00,2026-07-09 10:00:00-04:00,2026-07-09 10:00:00-04:00,30m,True
2026-07-09 10:00:00-04:00,29910.0,29922.75,29614.5,29763.75,53844,30,2026-07-09 10:00:00-04:00,2026-07-09 10:29:00-04:00,2026-07-09 10:30:00-04:00,2026-07-09 10:30:00-04:00,30m,True
2026-07-09 10:30:00-04:00,29763.25,29821.25,29694.25,29787.75,29807,30,2026-07-09 10:30:00-04:00,2026-07-09 10:59:00-04:00,2026-07-09 11:00:00-04:00,2026-07-09 11:00:00-04:00,30m,True
2026-07-09 11:00:00-04:00,29788.25,29886.25,29779.5,29873.5,22803,30,2026-07-09 11:00:00-04:00,2026-07-09 11:29:00-04:00,2026-07-09 11:30:00-04:00,2026-07-09 11:30:00-04:00,30m,True
2026-07-09 11:30:00-04:00,29874.25,29905.25,29856.25,29886.25,16954,30,2026-07-09 11:30:00-04:00,2026-07-09 11:59:00-04:00,2026-07-09 12:00:00-04:00,2026-07-09 12:00:00-04:00,30m,True
2026-07-09 12:00:00-04:00,29886.5,29924.25,29880.75,29890.75,14791,30,2026-07-09 12:00:00-04:00,2026-07-09 12:29:00-04:00,2026-07-09 12:30:00-04:00,2026-07-09 12:30:00-04:00,30m,True
2026-07-09 12:30:00-04:00,29890.5,29916.5,29864.0,29897.25,14727,30,2026-07-09 12:30:00-04:00,2026-07-09 12:59:00-04:00,2026-07-09 13:00:00-04:00,2026-07-09 13:00:00-04:00,30m,True
2026-07-09 13:00:00-04:00,29897.0,29991.0,29893.5,29988.0,19411,30,2026-07-09 13:00:00-04:00,2026-07-09 13:29:00-04:00,2026-07-09 13:30:00-04:00,2026-07-09 13:30:00-04:00,30m,True
2026-07-09 13:30:00-04:00,29988.75,29993.5,29950.75,29973.75,12412,30,2026-07-09 13:30:00-04:00,2026-07-09 13:59:00-04:00,2026-07-09 14:00:00-04:00,2026-07-09 14:00:00-04:00,30m,True
2026-07-09 14:00:00-04:00,29974.75,29985.0,29942.0,29956.75,12694,30,2026-07-09 14:00:00-04:00,2026-07-09 14:29:00-04:00,2026-07-09 14:30:00-04:00,2026-07-09 14:30:00-04:00,30m,True
2026-07-09 14:30:00-04:00,29957.25,29968.25,29929.5,29939.25,12566,30,2026-07-09 14:30:00-04:00,2026-07-09 14:59:00-04:00,2026-07-09 15:00:00-04:00,2026-07-09 15:00:00-04:00,30m,True
2026-07-09 15:00:00-04:00,29939.75,29958.25,29902.75,29932.25,17229,30,2026-07-09 15:00:00-04:00,2026-07-09 15:29:00-04:00,2026-07-09 15:30:00-04:00,2026-07-09 15:30:00-04:00,30m,True
2026-07-09 15:30:00-04:00,29932.0,29954.75,29896.75,29948.75,31767,30,2026-07-09 15:30:00-04:00,2026-07-09 15:59:00-04:00,2026-07-09 16:00:00-04:00,2026-07-09 16:00:00-04:00,30m,True
2026-07-09 16:00:00-04:00,29948.75,29973.75,29937.0,29940.0,10709,30,2026-07-09 16:00:00-04:00,2026-07-09 16:29:00-04:00,2026-07-09 16:30:00-04:00,2026-07-09 16:30:00-04:00,30m,True
2026-07-09 16:30:00-04:00,29939.5,29949.25,29926.25,29931.25,3629,30,2026-07-09 16:30:00-04:00,2026-07-09 16:59:00-04:00,2026-07-09 17:00:00-04:00,2026-07-09 17:00:00-04:00,30m,True
2026-07-09 18:00:00-04:00,29937.75,29961.0,29904.0,29907.75,3333,30,2026-07-09 18:00:00-04:00,2026-07-09 18:29:00-04:00,2026-07-09 18:30:00-04:00,2026-07-09 18:30:00-04:00,30m,True
2026-07-09 18:30:00-04:00,29908.75,29927.5,29905.5,29922.0,1194,30,2026-07-09 18:30:00-04:00,2026-07-09 18:59:00-04:00,2026-07-09 19:00:00-04:00,2026-07-09 19:00:00-04:00,30m,True
2026-07-09 19:00:00-04:00,29921.5,29964.25,29907.0,29956.0,2373,30,2026-07-09 19:00:00-04:00,2026-07-09 19:29:00-04:00,2026-07-09 19:30:00-04:00,2026-07-09 19:30:00-04:00,30m,True
2026-07-09 19:30:00-04:00,29958.75,29959.0,29926.0,29932.5,2129,30,2026-07-09 19:30:00-04:00,2026-07-09 19:59:00-04:00,2026-07-09 20:00:00-04:00,2026-07-09 20:00:00-04:00,30m,True
2026-07-09 20:00:00-04:00,29933.25,29952.0,29820.75,29837.0,7050,30,2026-07-09 20:00:00-04:00,2026-07-09 20:29:00-04:00,2026-07-09 20:30:00-04:00,2026-07-09 20:30:00-04:00,30m,True
2026-07-09 20:30:00-04:00,29838.0,29870.0,29804.25,29866.5,6117,30,2026-07-09 20:30:00-04:00,2026-07-09 20:59:00-04:00,2026-07-09 21:00:00-04:00,2026-07-09 21:00:00-04:00,30m,True
2026-07-09 21:00:00-04:00,29866.5,29877.25,29817.5,29866.25,4158,30,2026-07-09 21:00:00-04:00,2026-07-09 21:29:00-04:00,2026-07-09 21:30:00-04:00,2026-07-09 21:30:00-04:00,30m,True
2026-07-09 21:30:00-04:00,29867.25,29922.75,29854.75,29891.5,3576,30,2026-07-09 21:30:00-04:00,2026-07-09 21:59:00-04:00,2026-07-09 22:00:00-04:00,2026-07-09 22:00:00-04:00,30m,True
2026-07-09 22:00:00-04:00,29895.0,29901.25,29854.25,29882.5,3444,30,2026-07-09 22:00:00-04:00,2026-07-09 22:29:00-04:00,2026-07-09 22:30:00-04:00,2026-07-09 22:30:00-04:00,30m,True
2026-07-09 22:30:00-04:00,29883.25,29952.5,29874.0,29952.0,3304,30,2026-07-09 22:30:00-04:00,2026-07-09 22:59:00-04:00,2026-07-09 23:00:00-04:00,2026-07-09 23:00:00-04:00,30m,True
2026-07-09 23:00:00-04:00,29952.0,29963.5,29922.0,29923.5,1913,30,2026-07-09 23:00:00-04:00,2026-07-09 23:29:00-04:00,2026-07-09 23:30:00-04:00,2026-07-09 23:30:00-04:00,30m,True
2026-07-09 23:30:00-04:00,29925.25,29933.75,29912.5,29932.25,1517,30,2026-07-09 23:30:00-04:00,2026-07-09 23:59:00-04:00,2026-07-10 00:00:00-04:00,2026-07-10 00:00:00-04:00,30m,True
2026-07-10 00:00:00-04:00,29933.0,29948.75,29917.25,29927.5,1591,30,2026-07-10 00:00:00-04:00,2026-07-10 00:29:00-04:00,2026-07-10 00:30:00-04:00,2026-07-10 00:30:00-04:00,30m,True
2026-07-10 00:30:00-04:00,29928.0,29929.25,29875.25,29881.75,2628,30,2026-07-10 00:30:00-04:00,2026-07-10 00:59:00-04:00,2026-07-10 01:00:00-04:00,2026-07-10 01:00:00-04:00,30m,True
2026-07-10 01:00:00-04:00,29883.75,29897.0,29865.75,29876.5,2391,30,2026-07-10 01:00:00-04:00,2026-07-10 01:29:00-04:00,2026-07-10 01:30:00-04:00,2026-07-10 01:30:00-04:00,30m,True
2026-07-10 01:30:00-04:00,29877.25,29881.25,29840.0,29845.5,2737,30,2026-07-10 01:30:00-04:00,2026-07-10 01:59:00-04:00,2026-07-10 02:00:00-04:00,2026-07-10 02:00:00-04:00,30m,True
2026-07-10 02:00:00-04:00,29847.25,29856.75,29775.25,29789.5,5686,30,2026-07-10 02:00:00-04:00,2026-07-10 02:29:00-04:00,2026-07-10 02:30:00-04:00,2026-07-10 02:30:00-04:00,30m,True
2026-07-10 02:30:00-04:00,29788.75,29832.5,29785.5,29819.5,3601,30,2026-07-10 02:30:00-04:00,2026-07-10 02:59:00-04:00,2026-07-10 03:00:00-04:00,2026-07-10 03:00:00-04:00,30m,True
2026-07-10 03:00:00-04:00,29819.25,29827.75,29790.5,29816.0,2638,30,2026-07-10 03:00:00-04:00,2026-07-10 03:29:00-04:00,2026-07-10 03:30:00-04:00,2026-07-10 03:30:00-04:00,30m,True
2026-07-10 03:30:00-04:00,29816.0,29819.0,29761.75,29774.0,2084,30,2026-07-10 03:30:00-04:00,2026-07-10 03:59:00-04:00,2026-07-10 04:00:00-04:00,2026-07-10 04:00:00-04:00,30m,True
2026-07-10 04:00:00-04:00,29773.75,29803.75,29743.75,29768.75,3715,30,2026-07-10 04:00:00-04:00,2026-07-10 04:29:00-04:00,2026-07-10 04:30:00-04:00,2026-07-10 04:30:00-04:00,30m,True
2026-07-10 04:30:00-04:00,29768.25,29799.0,29754.0,29773.25,2352,30,2026-07-10 04:30:00-04:00,2026-07-10 04:59:00-04:00,2026-07-10 05:00:00-04:00,2026-07-10 05:00:00-04:00,30m,True
2026-07-10 05:00:00-04:00,29776.75,29817.5,29717.25,29813.5,4050,30,2026-07-10 05:00:00-04:00,2026-07-10 05:29:00-04:00,2026-07-10 05:30:00-04:00,2026-07-10 05:30:00-04:00,30m,True
2026-07-10 05:30:00-04:00,29810.0,29827.75,29800.75,29814.75,2095,30,2026-07-10 05:30:00-04:00,2026-07-10 05:59:00-04:00,2026-07-10 06:00:00-04:00,2026-07-10 06:00:00-04:00,30m,True
2026-07-10 06:00:00-04:00,29820.75,29841.75,29805.5,29839.5,2233,30,2026-07-10 06:00:00-04:00,2026-07-10 06:29:00-04:00,2026-07-10 06:30:00-04:00,2026-07-10 06:30:00-04:00,30m,True
2026-07-10 06:30:00-04:00,29838.0,29862.25,29834.75,29850.75,2357,30,2026-07-10 06:30:00-04:00,2026-07-10 06:59:00-04:00,2026-07-10 07:00:00-04:00,2026-07-10 07:00:00-04:00,30m,True
2026-07-10 07:00:00-04:00,29850.0,29887.75,29849.0,29851.75,3351,30,2026-07-10 07:00:00-04:00,2026-07-10 07:29:00-04:00,2026-07-10 07:30:00-04:00,2026-07-10 07:30:00-04:00,30m,True
2026-07-10 07:30:00-04:00,29851.5,29852.0,29806.75,29816.0,3660,30,2026-07-10 07:30:00-04:00,2026-07-10 07:59:00-04:00,2026-07-10 08:00:00-04:00,2026-07-10 08:00:00-04:00,30m,True
2026-07-10 08:00:00-04:00,29816.75,29878.75,29771.25,29851.75,7464,30,2026-07-10 08:00:00-04:00,2026-07-10 08:29:00-04:00,2026-07-10 08:30:00-04:00,2026-07-10 08:30:00-04:00,30m,True
2026-07-10 08:30:00-04:00,29852.0,29860.75,29800.0,29800.0,5030,30,2026-07-10 08:30:00-04:00,2026-07-10 08:59:00-04:00,2026-07-10 09:00:00-04:00,2026-07-10 09:00:00-04:00,30m,True
2026-07-10 09:00:00-04:00,29800.5,29851.0,29790.5,29835.0,7881,30,2026-07-10 09:00:00-04:00,2026-07-10 09:29:00-04:00,2026-07-10 09:30:00-04:00,2026-07-10 09:30:00-04:00,30m,True
2026-07-10 09:30:00-04:00,29834.75,29968.5,29798.0,29923.0,53066,30,2026-07-10 09:30:00-04:00,2026-07-10 09:59:00-04:00,2026-07-10 10:00:00-04:00,2026-07-10 10:00:00-04:00,30m,True
2026-07-10 10:00:00-04:00,29922.75,29966.0,29844.75,29907.0,36100,30,2026-07-10 10:00:00-04:00,2026-07-10 10:29:00-04:00,2026-07-10 10:30:00-04:00,2026-07-10 10:30:00-04:00,30m,True
2026-07-10 10:30:00-04:00,29907.5,29957.25,29675.0,29818.25,35845,30,2026-07-10 10:30:00-04:00,2026-07-10 10:59:00-04:00,2026-07-10 11:00:00-04:00,2026-07-10 11:00:00-04:00,30m,True
2026-07-10 11:00:00-04:00,29818.5,29987.5,29780.0,29979.0,28647,30,2026-07-10 11:00:00-04:00,2026-07-10 11:29:00-04:00,2026-07-10 11:30:00-04:00,2026-07-10 11:30:00-04:00,30m,True
2026-07-10 11:30:00-04:00,29980.0,29991.5,29834.0,29944.25,28881,30,2026-07-10 11:30:00-04:00,2026-07-10 11:59:00-04:00,2026-07-10 12:00:00-04:00,2026-07-10 12:00:00-04:00,30m,True
2026-07-10 12:00:00-04:00,29944.25,30029.0,29943.75,30013.5,21797,30,2026-07-10 12:00:00-04:00,2026-07-10 12:29:00-04:00,2026-07-10 12:30:00-04:00,2026-07-10 12:30:00-04:00,30m,True
2026-07-10 12:30:00-04:00,30013.25,30043.25,30004.0,30026.75,13282,30,2026-07-10 12:30:00-04:00,2026-07-10 12:59:00-04:00,2026-07-10 13:00:00-04:00,2026-07-10 13:00:00-04:00,30m,True
2026-07-10 13:00:00-04:00,30026.5,30051.5,29996.5,30049.75,11066,30,2026-07-10 13:00:00-04:00,2026-07-10 13:29:00-04:00,2026-07-10 13:30:00-04:00,2026-07-10 13:30:00-04:00,30m,True
2026-07-10 13:30:00-04:00,30049.75,30072.25,30031.25,30038.0,11626,30,2026-07-10 13:30:00-04:00,2026-07-10 13:59:00-04:00,2026-07-10 14:00:00-04:00,2026-07-10 14:00:00-04:00,30m,True
2026-07-10 14:00:00-04:00,30039.0,30071.0,30021.5,30046.0,15419,30,2026-07-10 14:00:00-04:00,2026-07-10 14:29:00-04:00,2026-07-10 14:30:00-04:00,2026-07-10 14:30:00-04:00,30m,True
2026-07-10 14:30:00-04:00,30045.25,30057.75,30028.25,30038.25,8951,30,2026-07-10 14:30:00-04:00,2026-07-10 14:59:00-04:00,2026-07-10 15:00:00-04:00,2026-07-10 15:00:00-04:00,30m,True
2026-07-10 15:00:00-04:00,30038.5,30077.75,30033.0,30046.0,11779,30,2026-07-10 15:00:00-04:00,2026-07-10 15:29:00-04:00,2026-07-10 15:30:00-04:00,2026-07-10 15:30:00-04:00,30m,True
2026-07-10 15:30:00-04:00,30046.25,30068.0,30024.75,30037.5,24679,30,2026-07-10 15:30:00-04:00,2026-07-10 15:59:00-04:00,2026-07-10 16:00:00-04:00,2026-07-10 16:00:00-04:00,30m,True
2026-07-10 16:00:00-04:00,30037.75,30062.0,30031.75,30055.5,7701,30,2026-07-10 16:00:00-04:00,2026-07-10 16:29:00-04:00,2026-07-10 16:30:00-04:00,2026-07-10 16:30:00-04:00,30m,True
2026-07-10 16:30:00-04:00,30054.5,30073.75,30051.5,30068.5,2809,30,2026-07-10 16:30:00-04:00,2026-07-10 16:59:00-04:00,2026-07-10 17:00:00-04:00,2026-07-10 17:00:00-04:00,30m,True
2026-07-12 18:00:00-04:00,29952.0,29979.5,29855.0,29887.25,9023,30,2026-07-12 18:00:00-04:00,2026-07-12 18:29:00-04:00,2026-07-12 18:30:00-04:00,2026-07-12 18:30:00-04:00,30m,True
2026-07-12 18:30:00-04:00,29887.25,29915.0,29871.75,29910.25,3387,30,2026-07-12 18:30:00-04:00,2026-07-12 18:59:00-04:00,2026-07-12 19:00:00-04:00,2026-07-12 19:00:00-04:00,30m,True
2026-07-12 19:00:00-04:00,29909.75,29910.5,29869.5,29890.25,2712,30,2026-07-12 19:00:00-04:00,2026-07-12 19:29:00-04:00,2026-07-12 19:30:00-04:00,2026-07-12 19:30:00-04:00,30m,True
2026-07-12 19:30:00-04:00,29888.25,29898.25,29845.0,29893.25,3329,30,2026-07-12 19:30:00-04:00,2026-07-12 19:59:00-04:00,2026-07-12 20:00:00-04:00,2026-07-12 20:00:00-04:00,30m,True
