instrument,tf,direction,leg_len,param_version,start_open_et,end_open_et,availability_et,net_directional_move,n_bodies_aligned,prop_bodies_aligned,median_aligned_body,median_body_pctile_prev10,median_body_pctile_prev20,median_body_pctile_prev40,adjacent_overlap,terminal_close_location,path_efficiency,total_distance,created_fvg,segment_id,end_index
NQ,4h,bull,1,phase1-v1.0.0,2026-07-05 20:00:00-04:00,2026-07-05 20:00:00-04:00,2026-07-06 00:00:00-04:00,-257.5,0,0.0,0.0,80.0,85.0,82.5,,0.14685314685314685,0.8003108003108003,321.75,False,6,2413
NQ,4h,bear,1,phase1-v1.0.0,2026-07-05 20:00:00-04:00,2026-07-05 20:00:00-04:00,2026-07-06 00:00:00-04:00,257.5,1,1.0,257.5,80.0,85.0,82.5,,0.8531468531468531,0.8003108003108003,321.75,False,6,2413
NQ,4h,bull,2,phase1-v1.0.0,2026-07-05 16:00:00-04:00,2026-07-05 20:00:00-04:00,2026-07-06 00:00:00-04:00,-200.0,1,0.5,53.5,45.0,52.5,52.5,144.0,0.14685314685314685,0.4235044997353097,472.25,False,6,2413
NQ,4h,bear,2,phase1-v1.0.0,2026-07-05 16:00:00-04:00,2026-07-05 20:00:00-04:00,2026-07-06 00:00:00-04:00,200.0,1,0.5,257.5,45.0,52.5,52.5,144.0,0.8531468531468531,0.4235044997353097,472.25,False,6,2413
NQ,4h,bull,3,phase1-v1.0.0,2026-07-03 12:00:00-04:00,2026-07-05 20:00:00-04:00,2026-07-06 00:00:00-04:00,-177.0,1,0.3333333333333333,53.5,10.0,20.0,22.5,89.125,0.14685314685314685,0.34945705824284307,506.5,False,6,2413
NQ,4h,bear,3,phase1-v1.0.0,2026-07-03 12:00:00-04:00,2026-07-05 20:00:00-04:00,2026-07-06 00:00:00-04:00,177.0,2,0.6666666666666666,131.5,10.0,20.0,22.5,89.125,0.8531468531468531,0.34945705824284307,506.5,False,6,2413
NQ,4h,bull,1,phase1-v1.0.0,2026-07-06 00:00:00-04:00,2026-07-06 00:00:00-04:00,2026-07-06 04:00:00-04:00,122.25,1,1.0,122.25,20.0,50.0,50.0,,0.862914862914863,0.7056277056277056,173.25,False,6,2414
NQ,4h,bear,1,phase1-v1.0.0,2026-07-06 00:00:00-04:00,2026-07-06 00:00:00-04:00,2026-07-06 04:00:00-04:00,-122.25,0,0.0,0.0,20.0,50.0,50.0,,0.1370851370851371,0.7056277056277056,173.25,False,6,2414
NQ,4h,bull,2,phase1-v1.0.0,2026-07-05 20:00:00-04:00,2026-07-06 00:00:00-04:00,2026-07-06 04:00:00-04:00,-135.25,1,0.5,122.25,50.0,67.5,66.25,173.25,0.862914862914863,0.2732323232323232,495.0,False,6,2414
NQ,4h,bear,2,phase1-v1.0.0,2026-07-05 20:00:00-04:00,2026-07-06 00:00:00-04:00,2026-07-06 04:00:00-04:00,135.25,1,0.5,257.5,50.0,67.5,66.25,173.25,0.1370851370851371,0.2732323232323232,495.0,False,6,2414
NQ,4h,bull,3,phase1-v1.0.0,2026-07-05 16:00:00-04:00,2026-07-06 00:00:00-04:00,2026-07-06 04:00:00-04:00,-77.75,2,0.6666666666666666,87.875,20.0,50.0,50.0,158.625,0.862914862914863,0.12044926413632842,645.5,False,6,2414
NQ,4h,bear,3,phase1-v1.0.0,2026-07-05 16:00:00-04:00,2026-07-06 00:00:00-04:00,2026-07-06 04:00:00-04:00,77.75,1,0.3333333333333333,257.5,20.0,50.0,50.0,158.625,0.1370851370851371,0.12044926413632842,645.5,False,6,2414
NQ,4h,bull,1,phase1-v1.0.0,2026-07-06 04:00:00-04:00,2026-07-06 04:00:00-04:00,2026-07-06 08:00:00-04:00,25.0,1,1.0,25.0,10.0,15.0,12.5,,0.7240740740740741,0.18518518518518517,135.0,False,6,2415
NQ,4h,bear,1,phase1-v1.0.0,2026-07-06 04:00:00-04:00,2026-07-06 04:00:00-04:00,2026-07-06 08:00:00-04:00,-25.0,0,0.0,0.0,10.0,15.0,12.5,,0.2759259259259259,0.18518518518518517,135.0,False,6,2415
NQ,4h,bull,2,phase1-v1.0.0,2026-07-06 00:00:00-04:00,2026-07-06 04:00:00-04:00,2026-07-06 08:00:00-04:00,147.5,2,1.0,73.625,15.0,32.5,31.25,96.25,0.7240740740740741,0.47850770478507704,308.25,False,6,2415
NQ,4h,bear,2,phase1-v1.0.0,2026-07-06 00:00:00-04:00,2026-07-06 04:00:00-04:00,2026-07-06 08:00:00-04:00,-147.5,0,0.0,0.0,15.0,32.5,31.25,96.25,0.2759259259259259,0.47850770478507704,308.25,False,6,2415
NQ,4h,bull,3,phase1-v1.0.0,2026-07-05 20:00:00-04:00,2026-07-06 04:00:00-04:00,2026-07-06 08:00:00-04:00,-110.0,2,0.6666666666666666,73.625,20.0,50.0,50.0,134.75,0.7240740740740741,0.1746031746031746,630.0,False,6,2415
NQ,4h,bear,3,phase1-v1.0.0,2026-07-05 20:00:00-04:00,2026-07-06 04:00:00-04:00,2026-07-06 08:00:00-04:00,110.0,1,0.3333333333333333,257.5,20.0,50.0,50.0,134.75,0.2759259259259259,0.1746031746031746,630.0,False,6,2415
NQ,4h,bull,1,phase1-v1.0.0,2026-07-06 08:00:00-04:00,2026-07-06 08:00:00-04:00,2026-07-06 12:00:00-04:00,195.25,1,1.0,195.25,70.0,80.0,75.0,,0.9691056910569106,0.634959349593496,307.5,False,6,2416
NQ,4h,bear,1,phase1-v1.0.0,2026-07-06 08:00:00-04:00,2026-07-06 08:00:00-04:00,2026-07-06 12:00:00-04:00,-195.25,0,0.0,0.0,70.0,80.0,75.0,,0.030894308943089432,0.634959349593496,307.5,False,6,2416
NQ,4h,bull,2,phase1-v1.0.0,2026-07-06 04:00:00-04:00,2026-07-06 08:00:00-04:00,2026-07-06 12:00:00-04:00,221.5,2,1.0,110.125,40.0,47.5,43.75,135.0,0.9691056910569106,0.5005649717514125,442.5,False,6,2416
NQ,4h,bear,2,phase1-v1.0.0,2026-07-06 04:00:00-04:00,2026-07-06 08:00:00-04:00,2026-07-06 12:00:00-04:00,-221.5,0,0.0,0.0,40.0,47.5,43.75,135.0,0.030894308943089432,0.5005649717514125,442.5,False,6,2416
NQ,4h,bull,3,phase1-v1.0.0,2026-07-06 00:00:00-04:00,2026-07-06 08:00:00-04:00,2026-07-06 12:00:00-04:00,344.0,3,1.0,122.25,20.0,50.0,50.0,115.625,0.9691056910569106,0.5586682907023954,615.75,False,6,2416
NQ,4h,bear,3,phase1-v1.0.0,2026-07-06 00:00:00-04:00,2026-07-06 08:00:00-04:00,2026-07-06 12:00:00-04:00,-344.0,0,0.0,0.0,20.0,50.0,50.0,115.625,0.030894308943089432,0.5586682907023954,615.75,False,6,2416
NQ,4h,bull,1,phase1-v1.0.0,2026-07-06 12:00:00-04:00,2026-07-06 12:00:00-04:00,2026-07-06 16:00:00-04:00,-122.25,0,0.0,0.0,35.0,47.5,48.75,,0.3282172373081464,0.577331759149941,211.75,False,6,2417
NQ,4h,bear,1,phase1-v1.0.0,2026-07-06 12:00:00-04:00,2026-07-06 12:00:00-04:00,2026-07-06 16:00:00-04:00,122.25,1,1.0,122.25,35.0,47.5,48.75,,0.6717827626918536,0.577331759149941,211.75,False,6,2417
NQ,4h,bull,2,phase1-v1.0.0,2026-07-06 08:00:00-04:00,2026-07-06 12:00:00-04:00,2026-07-06 16:00:00-04:00,72.75,1,0.5,195.25,52.5,63.75,61.875,201.5,0.3282172373081464,0.1401059220028888,519.25,False,6,2417
NQ,4h,bear,2,phase1-v1.0.0,2026-07-06 08:00:00-04:00,2026-07-06 12:00:00-04:00,2026-07-06 16:00:00-04:00,-72.75,1,0.5,122.25,52.5,63.75,61.875,201.5,0.6717827626918536,0.1401059220028888,519.25,False,6,2417
NQ,4h,bull,3,phase1-v1.0.0,2026-07-06 04:00:00-04:00,2026-07-06 12:00:00-04:00,2026-07-06 16:00:00-04:00,99.0,2,0.6666666666666666,110.125,35.0,47.5,48.75,168.25,0.3282172373081464,0.15131830340084065,654.25,False,6,2417
NQ,4h,bear,3,phase1-v1.0.0,2026-07-06 04:00:00-04:00,2026-07-06 12:00:00-04:00,2026-07-06 16:00:00-04:00,-99.0,1,0.3333333333333333,122.25,35.0,47.5,48.75,168.25,0.6717827626918536,0.15131830340084065,654.25,False,6,2417
NQ,4h,bull,1,phase1-v1.0.0,2026-07-06 16:00:00-04:00,2026-07-06 16:00:00-04:00,2026-07-06 20:00:00-04:00,-99.0,0,0.0,0.0,30.0,35.0,40.0,,0.09665427509293681,0.7360594795539034,134.5,False,6,2418
NQ,4h,bear,1,phase1-v1.0.0,2026-07-06 16:00:00-04:00,2026-07-06 16:00:00-04:00,2026-07-06 20:00:00-04:00,99.0,1,1.0,99.0,30.0,35.0,40.0,,0.9033457249070632,0.7360594795539034,134.5,False,6,2418
NQ,4h,bull,2,phase1-v1.0.0,2026-07-06 12:00:00-04:00,2026-07-06 16:00:00-04:00,2026-07-06 20:00:00-04:00,-221.75,0,0.0,0.0,32.5,41.25,44.375,91.5,0.09665427509293681,0.6404332129963899,346.25,False,6,2418
NQ,4h,bear,2,phase1-v1.0.0,2026-07-06 12:00:00-04:00,2026-07-06 16:00:00-04:00,2026-07-06 20:00:00-04:00,221.75,2,1.0,110.625,32.5,41.25,44.375,91.5,0.9033457249070632,0.6404332129963899,346.25,False,6,2418
NQ,4h,bull,3,phase1-v1.0.0,2026-07-06 08:00:00-04:00,2026-07-06 16:00:00-04:00,2026-07-06 20:00:00-04:00,-26.75,1,0.3333333333333333,195.25,35.0,47.5,48.75,146.5,0.09665427509293681,0.04091778202676864,653.75,False,6,2418
NQ,4h,bear,3,phase1-v1.0.0,2026-07-06 08:00:00-04:00,2026-07-06 16:00:00-04:00,2026-07-06 20:00:00-04:00,26.75,2,0.6666666666666666,110.625,35.0,47.5,48.75,146.5,0.9033457249070632,0.04091778202676864,653.75,False,6,2418
NQ,4h,bull,1,phase1-v1.0.0,2026-07-06 20:00:00-04:00,2026-07-06 20:00:00-04:00,2026-07-07 00:00:00-04:00,-182.75,0,0.0,0.0,70.0,75.0,72.5,,0.13986013986013987,0.638986013986014,286.0,False,6,2419
NQ,4h,bear,1,phase1-v1.0.0,2026-07-06 20:00:00-04:00,2026-07-06 20:00:00-04:00,2026-07-07 00:00:00-04:00,182.75,1,1.0,182.75,70.0,75.0,72.5,,0.8601398601398601,0.638986013986014,286.0,False,6,2419
NQ,4h,bull,2,phase1-v1.0.0,2026-07-06 16:00:00-04:00,2026-07-06 20:00:00-04:00,2026-07-07 00:00:00-04:00,-283.0,0,0.0,0.0,50.0,55.0,56.25,75.0,0.13986013986013987,0.6730083234244947,420.5,False,6,2419
NQ,4h,bear,2,phase1-v1.0.0,2026-07-06 16:00:00-04:00,2026-07-06 20:00:00-04:00,2026-07-07 00:00:00-04:00,283.0,2,1.0,140.875,50.0,55.0,56.25,75.0,0.8601398601398601,0.6730083234244947,420.5,False,6,2419
NQ,4h,bull,3,phase1-v1.0.0,2026-07-06 12:00:00-04:00,2026-07-06 20:00:00-04:00,2026-07-07 00:00:00-04:00,-405.75,0,0.0,0.0,35.0,47.5,48.75,83.25,0.13986013986013987,0.641755634638197,632.25,False,6,2419
NQ,4h,bear,3,phase1-v1.0.0,2026-07-06 12:00:00-04:00,2026-07-06 20:00:00-04:00,2026-07-07 00:00:00-04:00,405.75,3,1.0,122.25,35.0,47.5,48.75,83.25,0.8601398601398601,0.641755634638197,632.25,False,6,2419
NQ,4h,bull,1,phase1-v1.0.0,2026-07-07 00:00:00-04:00,2026-07-07 00:00:00-04:00,2026-07-07 04:00:00-04:00,-24.5,0,0.0,0.0,10.0,10.0,7.5,,0.46900269541778977,0.1320754716981132,185.5,False,6,2420
NQ,4h,bear,1,phase1-v1.0.0,2026-07-07 00:00:00-04:00,2026-07-07 00:00:00-04:00,2026-07-07 04:00:00-04:00,24.5,1,1.0,24.5,10.0,10.0,7.5,,0.5309973045822103,0.1320754716981132,185.5,False,6,2420
NQ,4h,bull,2,phase1-v1.0.0,2026-07-06 20:00:00-04:00,2026-07-07 00:00:00-04:00,2026-07-07 04:00:00-04:00,-205.5,0,0.0,0.0,40.0,42.5,40.0,115.75,0.46900269541778977,0.43584305408271473,471.5,False,6,2420
NQ,4h,bear,2,phase1-v1.0.0,2026-07-06 20:00:00-04:00,2026-07-07 00:00:00-04:00,2026-07-07 04:00:00-04:00,205.5,2,1.0,103.625,40.0,42.5,40.0,115.75,0.5309973045822103,0.43584305408271473,471.5,False,6,2420
NQ,4h,bull,3,phase1-v1.0.0,2026-07-06 16:00:00-04:00,2026-07-07 00:00:00-04:00,2026-07-07 04:00:00-04:00,-305.75,0,0.0,0.0,30.0,35.0,40.0,95.375,0.46900269541778977,0.5045379537953796,606.0,False,6,2420
NQ,4h,bear,3,phase1-v1.0.0,2026-07-06 16:00:00-04:00,2026-07-07 00:00:00-04:00,2026-07-07 04:00:00-04:00,305.75,3,1.0,99.0,30.0,35.0,40.0,95.375,0.5309973045822103,0.5045379537953796,606.0,True,6,2420
NQ,4h,bull,1,phase1-v1.0.0,2026-07-07 04:00:00-04:00,2026-07-07 04:00:00-04:00,2026-07-07 08:00:00-04:00,-4.25,0,0.0,0.0,10.0,5.0,2.5,,0.4343220338983051,0.036016949152542374,118.0,False,6,2421
NQ,4h,bear,1,phase1-v1.0.0,2026-07-07 04:00:00-04:00,2026-07-07 04:00:00-04:00,2026-07-07 08:00:00-04:00,4.25,1,1.0,4.25,10.0,5.0,2.5,,0.565677966101695,0.036016949152542374,118.0,False,6,2421
NQ,4h,bull,2,phase1-v1.0.0,2026-07-07 00:00:00-04:00,2026-07-07 04:00:00-04:00,2026-07-07 08:00:00-04:00,-27.5,0,0.0,0.0,10.0,7.5,5.0,118.0,0.4343220338983051,0.09060955518945635,303.5,False,6,2421
NQ,4h,bear,2,phase1-v1.0.0,2026-07-07 00:00:00-04:00,2026-07-07 04:00:00-04:00,2026-07-07 08:00:00-04:00,27.5,2,1.0,14.375,10.0,7.5,5.0,118.0,0.565677966101695,0.09060955518945635,303.5,False,6,2421
NQ,4h,bull,3,phase1-v1.0.0,2026-07-06 20:00:00-04:00,2026-07-07 04:00:00-04:00,2026-07-07 08:00:00-04:00,-208.5,0,0.0,0.0,10.0,10.0,7.5,116.875,0.4343220338983051,0.35368956743002544,589.5,False,6,2421
NQ,4h,bear,3,phase1-v1.0.0,2026-07-06 20:00:00-04:00,2026-07-07 04:00:00-04:00,2026-07-07 08:00:00-04:00,208.5,3,1.0,24.5,10.0,10.0,7.5,116.875,0.565677966101695,0.35368956743002544,589.5,False,6,2421
NQ,4h,bull,1,phase1-v1.0.0,2026-07-07 08:00:00-04:00,2026-07-07 08:00:00-04:00,2026-07-07 12:00:00-04:00,-254.0,0,0.0,0.0,90.0,85.0,80.0,,0.3493083003952569,0.5019762845849802,506.0,False,6,2422
NQ,4h,bear,1,phase1-v1.0.0,2026-07-07 08:00:00-04:00,2026-07-07 08:00:00-04:00,2026-07-07 12:00:00-04:00,254.0,1,1.0,254.0,90.0,85.0,80.0,,0.650691699604743,0.5019762845849802,506.0,False,6,2422
NQ,4h,bull,2,phase1-v1.0.0,2026-07-07 04:00:00-04:00,2026-07-07 08:00:00-04:00,2026-07-07 12:00:00-04:00,-260.0,0,0.0,0.0,50.0,45.0,41.25,118.0,0.3493083003952569,0.4166666666666667,624.0,False,6,2422
NQ,4h,bear,2,phase1-v1.0.0,2026-07-07 04:00:00-04:00,2026-07-07 08:00:00-04:00,2026-07-07 12:00:00-04:00,260.0,2,1.0,129.125,50.0,45.0,41.25,118.0,0.650691699604743,0.4166666666666667,624.0,False,6,2422
NQ,4h,bull,3,phase1-v1.0.0,2026-07-07 00:00:00-04:00,2026-07-07 08:00:00-04:00,2026-07-07 12:00:00-04:00,-283.25,0,0.0,0.0,10.0,10.0,7.5,118.0,0.3493083003952569,0.34990735021618286,809.5,False,6,2422
NQ,4h,bear,3,phase1-v1.0.0,2026-07-07 00:00:00-04:00,2026-07-07 08:00:00-04:00,2026-07-07 12:00:00-04:00,283.25,3,1.0,24.5,10.0,10.0,7.5,118.0,0.650691699604743,0.34990735021618286,809.5,False,6,2422
NQ,4h,bull,1,phase1-v1.0.0,2026-07-07 12:00:00-04:00,2026-07-07 12:00:00-04:00,2026-07-07 16:00:00-04:00,6.5,1,1.0,6.5,20.0,10.0,5.0,,0.3987086359967716,0.020984665052461663,309.75,False,6,2423
NQ,4h,bear,1,phase1-v1.0.0,2026-07-07 12:00:00-04:00,2026-07-07 12:00:00-04:00,2026-07-07 16:00:00-04:00,-6.5,0,0.0,0.0,20.0,10.0,5.0,,0.6012913640032284,0.020984665052461663,309.75,False,6,2423
NQ,4h,bull,2,phase1-v1.0.0,2026-07-07 08:00:00-04:00,2026-07-07 12:00:00-04:00,2026-07-07 16:00:00-04:00,-246.25,1,0.5,6.5,55.0,47.5,42.5,309.75,0.3987086359967716,0.3018694452957401,815.75,False,6,2423
NQ,4h,bear,2,phase1-v1.0.0,2026-07-07 08:00:00-04:00,2026-07-07 12:00:00-04:00,2026-07-07 16:00:00-04:00,246.25,1,0.5,254.0,55.0,47.5,42.5,309.75,0.6012913640032284,0.3018694452957401,815.75,False,6,2423
NQ,4h,bull,3,phase1-v1.0.0,2026-07-07 04:00:00-04:00,2026-07-07 12:00:00-04:00,2026-07-07 16:00:00-04:00,-252.25,1,0.3333333333333333,6.5,20.0,10.0,5.0,213.875,0.3987086359967716,0.2701472556894244,933.75,False,6,2423
NQ,4h,bear,3,phase1-v1.0.0,2026-07-07 04:00:00-04:00,2026-07-07 12:00:00-04:00,2026-07-07 16:00:00-04:00,252.25,2,0.6666666666666666,129.125,20.0,10.0,5.0,213.875,0.6012913640032284,0.2701472556894244,933.75,True,6,2423
NQ,4h,bull,1,phase1-v1.0.0,2026-07-07 16:00:00-04:00,2026-07-07 16:00:00-04:00,2026-07-07 20:00:00-04:00,-94.5,0,0.0,0.0,40.0,30.0,42.5,,0.055267702936096716,0.6528497409326425,144.75,False,6,2424
NQ,4h,bear,1,phase1-v1.0.0,2026-07-07 16:00:00-04:00,2026-07-07 16:00:00-04:00,2026-07-07 20:00:00-04:00,94.5,1,1.0,94.5,40.0,30.0,42.5,,0.9447322970639033,0.6528497409326425,144.75,False,6,2424
NQ,4h,bull,2,phase1-v1.0.0,2026-07-07 12:00:00-04:00,2026-07-07 16:00:00-04:00,2026-07-07 20:00:00-04:00,-87.5,1,0.5,6.5,30.0,20.0,23.75,144.75,0.055267702936096716,0.1925192519251925,454.5,False,6,2424
NQ,4h,bear,2,phase1-v1.0.0,2026-07-07 12:00:00-04:00,2026-07-07 16:00:00-04:00,2026-07-07 20:00:00-04:00,87.5,1,0.5,94.5,30.0,20.0,23.75,144.75,0.9447322970639033,0.1925192519251925,454.5,False,6,2424
NQ,4h,bull,3,phase1-v1.0.0,2026-07-07 08:00:00-04:00,2026-07-07 16:00:00-04:00,2026-07-07 20:00:00-04:00,-340.25,1,0.3333333333333333,6.5,40.0,30.0,42.5,227.25,0.055267702936096716,0.35424258198854763,960.5,False,6,2424
NQ,4h,bear,3,phase1-v1.0.0,2026-07-07 08:00:00-04:00,2026-07-07 16:00:00-04:00,2026-07-07 20:00:00-04:00,340.25,2,0.6666666666666666,174.25,40.0,30.0,42.5,227.25,0.9447322970639033,0.35424258198854763,960.5,False,6,2424
NQ,4h,bull,1,phase1-v1.0.0,2026-07-07 20:00:00-04:00,2026-07-07 20:00:00-04:00,2026-07-08 00:00:00-04:00,167.0,1,1.0,167.0,60.0,60.0,62.5,,0.6865926558497011,0.5704526046114432,292.75,False,6,2425
NQ,4h,bear,1,phase1-v1.0.0,2026-07-07 20:00:00-04:00,2026-07-07 20:00:00-04:00,2026-07-08 00:00:00-04:00,-167.0,0,0.0,0.0,60.0,60.0,62.5,,0.3134073441502989,0.5704526046114432,292.75,False,6,2425
NQ,4h,bull,2,phase1-v1.0.0,2026-07-07 16:00:00-04:00,2026-07-07 20:00:00-04:00,2026-07-08 00:00:00-04:00,72.0,1,0.5,167.0,50.0,45.0,52.5,144.75,0.6865926558497011,0.16457142857142856,437.5,False,6,2425
NQ,4h,bear,2,phase1-v1.0.0,2026-07-07 16:00:00-04:00,2026-07-07 20:00:00-04:00,2026-07-08 00:00:00-04:00,-72.0,1,0.5,94.5,50.0,45.0,52.5,144.75,0.3134073441502989,0.16457142857142856,437.5,False,6,2425
NQ,4h,bull,3,phase1-v1.0.0,2026-07-07 12:00:00-04:00,2026-07-07 20:00:00-04:00,2026-07-08 00:00:00-04:00,79.0,2,0.6666666666666666,86.75,40.0,30.0,42.5,144.75,0.6865926558497011,0.10572097691535631,747.25,False,6,2425
NQ,4h,bear,3,phase1-v1.0.0,2026-07-07 12:00:00-04:00,2026-07-07 20:00:00-04:00,2026-07-08 00:00:00-04:00,-79.0,1,0.3333333333333333,94.5,40.0,30.0,42.5,144.75,0.3134073441502989,0.10572097691535631,747.25,False,6,2425
NQ,4h,bull,1,phase1-v1.0.0,2026-07-08 00:00:00-04:00,2026-07-08 00:00:00-04:00,2026-07-08 04:00:00-04:00,-89.0,0,0.0,0.0,40.0,30.0,40.0,,0.5194805194805194,0.4623376623376623,192.5,False,6,2426
NQ,4h,bear,1,phase1-v1.0.0,2026-07-08 00:00:00-04:00,2026-07-08 00:00:00-04:00,2026-07-08 04:00:00-04:00,89.0,1,1.0,89.0,40.0,30.0,40.0,,0.4805194805194805,0.4623376623376623,192.5,False,6,2426
NQ,4h,bull,2,phase1-v1.0.0,2026-07-07 20:00:00-04:00,2026-07-08 00:00:00-04:00,2026-07-08 04:00:00-04:00,81.0,1,0.5,167.0,50.0,45.0,51.25,192.5,0.5194805194805194,0.16692426584234932,485.25,False,6,2426
NQ,4h,bear,2,phase1-v1.0.0,2026-07-07 20:00:00-04:00,2026-07-08 00:00:00-04:00,2026-07-08 04:00:00-04:00,-81.0,1,0.5,89.0,50.0,45.0,51.25,192.5,0.4805194805194805,0.16692426584234932,485.25,False,6,2426
NQ,4h,bull,3,phase1-v1.0.0,2026-07-07 16:00:00-04:00,2026-07-08 00:00:00-04:00,2026-07-08 04:00:00-04:00,-14.0,1,0.3333333333333333,167.0,40.0,30.0,42.5,168.625,0.5194805194805194,0.022222222222222223,630.0,False,6,2426
NQ,4h,bear,3,phase1-v1.0.0,2026-07-07 16:00:00-04:00,2026-07-08 00:00:00-04:00,2026-07-08 04:00:00-04:00,14.0,2,0.6666666666666666,91.75,40.0,30.0,42.5,168.625,0.4805194805194805,0.022222222222222223,630.0,False,6,2426
NQ,4h,bull,1,phase1-v1.0.0,2026-07-08 04:00:00-04:00,2026-07-08 04:00:00-04:00,2026-07-08 08:00:00-04:00,-293.75,0,0.0,0.0,100.0,95.0,90.0,,0.35544554455445543,0.5816831683168316,505.0,False,6,2427
NQ,4h,bear,1,phase1-v1.0.0,2026-07-08 04:00:00-04:00,2026-07-08 04:00:00-04:00,2026-07-08 08:00:00-04:00,293.75,1,1.0,293.75,100.0,95.0,90.0,,0.6445544554455446,0.5816831683168316,505.0,False,6,2427
NQ,4h,bull,2,phase1-v1.0.0,2026-07-08 00:00:00-04:00,2026-07-08 04:00:00-04:00,2026-07-08 08:00:00-04:00,-380.75,0,0.0,0.0,70.0,62.5,65.0,133.75,0.35544554455445543,0.5458781362007169,697.5,False,6,2427
NQ,4h,bear,2,phase1-v1.0.0,2026-07-08 00:00:00-04:00,2026-07-08 04:00:00-04:00,2026-07-08 08:00:00-04:00,380.75,2,1.0,191.375,70.0,62.5,65.0,133.75,0.6445544554455446,0.5458781362007169,697.5,False,6,2427
NQ,4h,bull,3,phase1-v1.0.0,2026-07-07 20:00:00-04:00,2026-07-08 04:00:00-04:00,2026-07-08 08:00:00-04:00,-210.75,1,0.3333333333333333,167.0,60.0,60.0,62.5,163.125,0.35544554455445543,0.21282504418076242,990.25,False,6,2427
NQ,4h,bear,3,phase1-v1.0.0,2026-07-07 20:00:00-04:00,2026-07-08 04:00:00-04:00,2026-07-08 08:00:00-04:00,210.75,2,0.6666666666666666,191.375,60.0,60.0,62.5,163.125,0.6445544554455446,0.21282504418076242,990.25,False,6,2427
NQ,4h,bull,1,phase1-v1.0.0,2026-07-08 08:00:00-04:00,2026-07-08 08:00:00-04:00,2026-07-08 12:00:00-04:00,8.25,1,1.0,8.25,20.0,15.0,7.5,,0.17054794520547945,0.022602739726027398,365.0,False,6,2428
NQ,4h,bear,1,phase1-v1.0.0,2026-07-08 08:00:00-04:00,2026-07-08 08:00:00-04:00,2026-07-08 12:00:00-04:00,-8.25,0,0.0,0.0,20.0,15.0,7.5,,0.8294520547945206,0.022602739726027398,365.0,False,6,2428
NQ,4h,bull,2,phase1-v1.0.0,2026-07-08 04:00:00-04:00,2026-07-08 08:00:00-04:00,2026-07-08 12:00:00-04:00,-286.75,1,0.5,8.25,60.0,55.0,48.75,365.0,0.17054794520547945,0.32959770114942527,870.0,False,6,2428
NQ,4h,bear,2,phase1-v1.0.0,2026-07-08 04:00:00-04:00,2026-07-08 08:00:00-04:00,2026-07-08 12:00:00-04:00,286.75,1,0.5,293.75,60.0,55.0,48.75,365.0,0.8294520547945206,0.32959770114942527,870.0,False,6,2428
NQ,4h,bull,3,phase1-v1.0.0,2026-07-08 00:00:00-04:00,2026-07-08 08:00:00-04:00,2026-07-08 12:00:00-04:00,-373.75,1,0.3333333333333333,8.25,40.0,30.0,40.0,249.375,0.17054794520547945,0.3517647058823529,1062.5,False,6,2428
NQ,4h,bear,3,phase1-v1.0.0,2026-07-08 00:00:00-04:00,2026-07-08 08:00:00-04:00,2026-07-08 12:00:00-04:00,373.75,2,0.6666666666666666,191.375,40.0,30.0,40.0,249.375,0.8294520547945206,0.3517647058823529,1062.5,False,6,2428
NQ,4h,bull,1,phase1-v1.0.0,2026-07-08 12:00:00-04:00,2026-07-08 12:00:00-04:00,2026-07-08 16:00:00-04:00,360.25,1,1.0,360.25,100.0,100.0,100.0,,0.8956414978514426,0.8845917740945365,407.25,False,6,2429
NQ,4h,bear,1,phase1-v1.0.0,2026-07-08 12:00:00-04:00,2026-07-08 12:00:00-04:00,2026-07-08 16:00:00-04:00,-360.25,0,0.0,0.0,100.0,100.0,100.0,,0.1043585021485574,0.8845917740945365,407.25,False,6,2429
NQ,4h,bull,2,phase1-v1.0.0,2026-07-08 08:00:00-04:00,2026-07-08 12:00:00-04:00,2026-07-08 16:00:00-04:00,369.5,2,1.0,184.25,60.0,57.5,53.75,306.25,0.8956414978514426,0.4784719974101651,772.25,False,6,2429
NQ,4h,bear,2,phase1-v1.0.0,2026-07-08 08:00:00-04:00,2026-07-08 12:00:00-04:00,2026-07-08 16:00:00-04:00,-369.5,0,0.0,0.0,60.0,57.5,53.75,306.25,0.1043585021485574,0.4784719974101651,772.25,False,6,2429
NQ,4h,bull,3,phase1-v1.0.0,2026-07-08 04:00:00-04:00,2026-07-08 12:00:00-04:00,2026-07-08 16:00:00-04:00,74.5,2,0.6666666666666666,184.25,100.0,95.0,90.0,335.625,0.8956414978514426,0.05832844000782932,1277.25,False,6,2429
NQ,4h,bear,3,phase1-v1.0.0,2026-07-08 04:00:00-04:00,2026-07-08 12:00:00-04:00,2026-07-08 16:00:00-04:00,-74.5,1,0.3333333333333333,293.75,100.0,95.0,90.0,335.625,0.1043585021485574,0.05832844000782932,1277.25,False,6,2429
NQ,4h,bull,1,phase1-v1.0.0,2026-07-08 16:00:00-04:00,2026-07-08 16:00:00-04:00,2026-07-08 20:00:00-04:00,34.25,1,1.0,34.25,40.0,30.0,22.5,,0.92,0.22833333333333333,150.0,False,6,2430
NQ,4h,bear,1,phase1-v1.0.0,2026-07-08 16:00:00-04:00,2026-07-08 16:00:00-04:00,2026-07-08 20:00:00-04:00,-34.25,0,0.0,0.0,40.0,30.0,22.5,,0.08,0.22833333333333333,150.0,False,6,2430
NQ,4h,bull,2,phase1-v1.0.0,2026-07-08 12:00:00-04:00,2026-07-08 16:00:00-04:00,2026-07-08 20:00:00-04:00,394.0,2,1.0,197.25,70.0,65.0,61.25,146.75,0.92,0.7070435172723194,557.25,False,6,2430
NQ,4h,bear,2,phase1-v1.0.0,2026-07-08 12:00:00-04:00,2026-07-08 16:00:00-04:00,2026-07-08 20:00:00-04:00,-394.0,0,0.0,0.0,70.0,65.0,61.25,146.75,0.08,0.7070435172723194,557.25,False,6,2430
NQ,4h,bull,3,phase1-v1.0.0,2026-07-08 08:00:00-04:00,2026-07-08 16:00:00-04:00,2026-07-08 20:00:00-04:00,403.25,3,1.0,34.25,40.0,30.0,22.5,226.5,0.92,0.43724586608837085,922.25,False,6,2430
NQ,4h,bear,3,phase1-v1.0.0,2026-07-08 08:00:00-04:00,2026-07-08 16:00:00-04:00,2026-07-08 20:00:00-04:00,-403.25,0,0.0,0.0,40.0,30.0,22.5,226.5,0.08,0.43724586608837085,922.25,False,6,2430
NQ,4h,bull,1,phase1-v1.0.0,2026-07-08 20:00:00-04:00,2026-07-08 20:00:00-04:00,2026-07-09 00:00:00-04:00,15.75,1,1.0,15.75,30.0,20.0,15.0,,0.5911528150134048,0.08445040214477212,186.5,False,6,2431
NQ,4h,bear,1,phase1-v1.0.0,2026-07-08 20:00:00-04:00,2026-07-08 20:00:00-04:00,2026-07-09 00:00:00-04:00,-15.75,0,0.0,0.0,30.0,20.0,15.0,,0.40884718498659517,0.08445040214477212,186.5,False,6,2431
NQ,4h,bull,2,phase1-v1.0.0,2026-07-08 16:00:00-04:00,2026-07-08 20:00:00-04:00,2026-07-09 00:00:00-04:00,49.75,2,1.0,25.0,35.0,25.0,18.75,106.75,0.5911528150134048,0.14784546805349183,336.5,False,6,2431
NQ,4h,bear,2,phase1-v1.0.0,2026-07-08 16:00:00-04:00,2026-07-08 20:00:00-04:00,2026-07-09 00:00:00-04:00,-49.75,0,0.0,0.0,35.0,25.0,18.75,106.75,0.40884718498659517,0.14784546805349183,336.5,False,6,2431
NQ,4h,bull,3,phase1-v1.0.0,2026-07-08 12:00:00-04:00,2026-07-08 20:00:00-04:00,2026-07-09 00:00:00-04:00,409.5,3,1.0,34.25,40.0,30.0,22.5,126.75,0.5911528150134048,0.5505882352941176,743.75,False,6,2431
NQ,4h,bear,3,phase1-v1.0.0,2026-07-08 12:00:00-04:00,2026-07-08 20:00:00-04:00,2026-07-09 00:00:00-04:00,-409.5,0,0.0,0.0,40.0,30.0,22.5,126.75,0.40884718498659517,0.5505882352941176,743.75,False,6,2431
NQ,4h,bull,1,phase1-v1.0.0,2026-07-09 00:00:00-04:00,2026-07-09 00:00:00-04:00,2026-07-09 04:00:00-04:00,178.75,1,1.0,178.75,70.0,70.0,72.5,,0.9160696008188332,0.7318321392016377,244.25,False,6,2432
NQ,4h,bear,1,phase1-v1.0.0,2026-07-09 00:00:00-04:00,2026-07-09 00:00:00-04:00,2026-07-09 04:00:00-04:00,-178.75,0,0.0,0.0,70.0,70.0,72.5,,0.08393039918116683,0.7318321392016377,244.25,False,6,2432
NQ,4h,bull,2,phase1-v1.0.0,2026-07-08 20:00:00-04:00,2026-07-09 00:00:00-04:00,2026-07-09 04:00:00-04:00,195.25,2,1.0,97.25,50.0,45.0,43.75,120.5,0.9160696008188332,0.4532791642484039,430.75,False,6,2432
NQ,4h,bear,2,phase1-v1.0.0,2026-07-08 20:00:00-04:00,2026-07-09 00:00:00-04:00,2026-07-09 04:00:00-04:00,-195.25,0,0.0,0.0,50.0,45.0,43.75,120.5,0.08393039918116683,0.4532791642484039,430.75,False,6,2432
NQ,4h,bull,3,phase1-v1.0.0,2026-07-08 16:00:00-04:00,2026-07-09 00:00:00-04:00,2026-07-09 04:00:00-04:00,229.25,3,1.0,34.25,40.0,30.0,22.5,113.625,0.9160696008188332,0.39474817046922084,580.75,False,6,2432
NQ,4h,bear,3,phase1-v1.0.0,2026-07-08 16:00:00-04:00,2026-07-09 00:00:00-04:00,2026-07-09 04:00:00-04:00,-229.25,0,0.0,0.0,40.0,30.0,22.5,113.625,0.08393039918116683,0.39474817046922084,580.75,False,6,2432
NQ,4h,bull,1,phase1-v1.0.0,2026-07-09 04:00:00-04:00,2026-07-09 04:00:00-04:00,2026-07-09 08:00:00-04:00,11.25,1,1.0,11.25,30.0,20.0,10.0,,0.7678832116788321,0.06569343065693431,171.25,False,6,2433
NQ,4h,bear,1,phase1-v1.0.0,2026-07-09 04:00:00-04:00,2026-07-09 04:00:00-04:00,2026-07-09 08:00:00-04:00,-11.25,0,0.0,0.0,30.0,20.0,10.0,,0.2321167883211679,0.06569343065693431,171.25,False,6,2433
NQ,4h,bull,2,phase1-v1.0.0,2026-07-09 00:00:00-04:00,2026-07-09 04:00:00-04:00,2026-07-09 08:00:00-04:00,188.5,2,1.0,95.0,50.0,45.0,41.25,142.25,0.7678832116788321,0.4536702767749699,415.5,False,6,2433
NQ,4h,bear,2,phase1-v1.0.0,2026-07-09 00:00:00-04:00,2026-07-09 04:00:00-04:00,2026-07-09 08:00:00-04:00,-188.5,0,0.0,0.0,50.0,45.0,41.25,142.25,0.2321167883211679,0.4536702767749699,415.5,False,6,2433
NQ,4h,bull,3,phase1-v1.0.0,2026-07-08 20:00:00-04:00,2026-07-09 04:00:00-04:00,2026-07-09 08:00:00-04:00,205.0,3,1.0,15.75,30.0,20.0,15.0,131.375,0.7678832116788321,0.34053156146179403,602.0,False,6,2433
NQ,4h,bear,3,phase1-v1.0.0,2026-07-08 20:00:00-04:00,2026-07-09 04:00:00-04:00,2026-07-09 08:00:00-04:00,-205.0,0,0.0,0.0,30.0,20.0,15.0,131.375,0.2321167883211679,0.34053156146179403,602.0,False,6,2433
NQ,4h,bull,1,phase1-v1.0.0,2026-07-09 08:00:00-04:00,2026-07-09 08:00:00-04:00,2026-07-09 12:00:00-04:00,189.5,1,1.0,189.5,70.0,75.0,77.5,,0.8579321231254933,0.5982636148382005,316.75,False,6,2434
NQ,4h,bear,1,phase1-v1.0.0,2026-07-09 08:00:00-04:00,2026-07-09 08:00:00-04:00,2026-07-09 12:00:00-04:00,-189.5,0,0.0,0.0,70.0,75.0,77.5,,0.1420678768745067,0.5982636148382005,316.75,False,6,2434
NQ,4h,bull,2,phase1-v1.0.0,2026-07-09 04:00:00-04:00,2026-07-09 08:00:00-04:00,2026-07-09 12:00:00-04:00,201.5,2,1.0,100.375,50.0,47.5,43.75,121.25,0.8579321231254933,0.41290983606557374,488.0,False,6,2434
NQ,4h,bear,2,phase1-v1.0.0,2026-07-09 04:00:00-04:00,2026-07-09 08:00:00-04:00,2026-07-09 12:00:00-04:00,-201.5,0,0.0,0.0,50.0,47.5,43.75,121.25,0.1420678768745067,0.41290983606557374,488.0,False,6,2434
NQ,4h,bull,3,phase1-v1.0.0,2026-07-09 00:00:00-04:00,2026-07-09 08:00:00-04:00,2026-07-09 12:00:00-04:00,378.75,3,1.0,178.75,70.0,70.0,72.5,131.75,0.8579321231254933,0.5172413793103449,732.25,False,6,2434
NQ,4h,bear,3,phase1-v1.0.0,2026-07-09 00:00:00-04:00,2026-07-09 08:00:00-04:00,2026-07-09 12:00:00-04:00,-378.75,0,0.0,0.0,70.0,70.0,72.5,131.75,0.1420678768745067,0.5172413793103449,732.25,False,6,2434
NQ,4h,bull,1,phase1-v1.0.0,2026-07-09 12:00:00-04:00,2026-07-09 12:00:00-04:00,2026-07-09 16:00:00-04:00,62.25,1,1.0,62.25,40.0,40.0,35.0,,0.6544401544401545,0.4806949806949807,129.5,False,6,2435
NQ,4h,bear,1,phase1-v1.0.0,2026-07-09 12:00:00-04:00,2026-07-09 12:00:00-04:00,2026-07-09 16:00:00-04:00,-62.25,0,0.0,0.0,40.0,40.0,35.0,,0.34555984555984554,0.4806949806949807,129.5,False,6,2435
NQ,4h,bull,2,phase1-v1.0.0,2026-07-09 08:00:00-04:00,2026-07-09 12:00:00-04:00,2026-07-09 16:00:00-04:00,252.0,2,1.0,125.875,55.0,57.5,56.25,67.25,0.6544401544401545,0.5647058823529412,446.25,False,6,2435
NQ,4h,bear,2,phase1-v1.0.0,2026-07-09 08:00:00-04:00,2026-07-09 12:00:00-04:00,2026-07-09 16:00:00-04:00,-252.0,0,0.0,0.0,55.0,57.5,56.25,67.25,0.34555984555984554,0.5647058823529412,446.25,False,6,2435
NQ,4h,bull,3,phase1-v1.0.0,2026-07-09 04:00:00-04:00,2026-07-09 12:00:00-04:00,2026-07-09 16:00:00-04:00,264.0,3,1.0,62.25,40.0,40.0,35.0,94.25,0.6544401544401545,0.42753036437246966,617.5,True,6,2435
NQ,4h,bear,3,phase1-v1.0.0,2026-07-09 04:00:00-04:00,2026-07-09 12:00:00-04:00,2026-07-09 16:00:00-04:00,-264.0,0,0.0,0.0,40.0,40.0,35.0,94.25,0.34555984555984554,0.42753036437246966,617.5,False,6,2435
NQ,4h,bull,1,phase1-v1.0.0,2026-07-09 16:00:00-04:00,2026-07-09 16:00:00-04:00,2026-07-09 20:00:00-04:00,-16.25,0,0.0,0.0,30.0,25.0,20.0,,0.40860215053763443,0.23297491039426524,69.75,False,6,2436
NQ,4h,bear,1,phase1-v1.0.0,2026-07-09 16:00:00-04:00,2026-07-09 16:00:00-04:00,2026-07-09 20:00:00-04:00,16.25,1,1.0,16.25,30.0,25.0,20.0,,0.5913978494623656,0.23297491039426524,69.75,False,6,2436
NQ,4h,bull,2,phase1-v1.0.0,2026-07-09 12:00:00-04:00,2026-07-09 16:00:00-04:00,2026-07-09 20:00:00-04:00,46.0,1,0.5,62.25,35.0,32.5,27.5,69.75,0.40860215053763443,0.23086574654956085,199.25,False,6,2436
NQ,4h,bear,2,phase1-v1.0.0,2026-07-09 12:00:00-04:00,2026-07-09 16:00:00-04:00,2026-07-09 20:00:00-04:00,-46.0,1,0.5,16.25,35.0,32.5,27.5,69.75,0.5913978494623656,0.23086574654956085,199.25,False,6,2436
NQ,4h,bull,3,phase1-v1.0.0,2026-07-09 08:00:00-04:00,2026-07-09 16:00:00-04:00,2026-07-09 20:00:00-04:00,235.75,2,0.6666666666666666,125.875,40.0,40.0,35.0,68.5,0.40860215053763443,0.4568798449612403,516.0,False,6,2436
NQ,4h,bear,3,phase1-v1.0.0,2026-07-09 08:00:00-04:00,2026-07-09 16:00:00-04:00,2026-07-09 20:00:00-04:00,-235.75,1,0.3333333333333333,16.25,40.0,40.0,35.0,68.5,0.5913978494623656,0.4568798449612403,516.0,False,6,2436
NQ,4h,bull,1,phase1-v1.0.0,2026-07-09 20:00:00-04:00,2026-07-09 20:00:00-04:00,2026-07-10 00:00:00-04:00,-1.0,0,0.0,0.0,0.0,0.0,0.0,,0.8037676609105181,0.006279434850863423,159.25,False,6,2437
NQ,4h,bear,1,phase1-v1.0.0,2026-07-09 20:00:00-04:00,2026-07-09 20:00:00-04:00,2026-07-10 00:00:00-04:00,1.0,1,1.0,1.0,0.0,0.0,0.0,,0.19623233908948196,0.006279434850863423,159.25,False,6,2437
NQ,4h,bull,2,phase1-v1.0.0,2026-07-09 16:00:00-04:00,2026-07-09 20:00:00-04:00,2026-07-10 00:00:00-04:00,-16.5,0,0.0,0.0,15.0,12.5,10.0,59.5,0.8037676609105181,0.07205240174672489,229.0,False,6,2437
NQ,4h,bear,2,phase1-v1.0.0,2026-07-09 16:00:00-04:00,2026-07-09 20:00:00-04:00,2026-07-10 00:00:00-04:00,16.5,2,1.0,8.625,15.0,12.5,10.0,59.5,0.19623233908948196,0.07205240174672489,229.0,False,6,2437
NQ,4h,bull,3,phase1-v1.0.0,2026-07-09 12:00:00-04:00,2026-07-09 20:00:00-04:00,2026-07-10 00:00:00-04:00,45.75,1,0.3333333333333333,62.25,30.0,25.0,20.0,64.625,0.8037676609105181,0.12761506276150628,358.5,False,6,2437
NQ,4h,bear,3,phase1-v1.0.0,2026-07-09 12:00:00-04:00,2026-07-09 20:00:00-04:00,2026-07-10 00:00:00-04:00,-45.75,2,0.6666666666666666,8.625,30.0,25.0,20.0,64.625,0.19623233908948196,0.12761506276150628,358.5,False,6,2437
NQ,4h,bull,1,phase1-v1.0.0,2026-07-10 00:00:00-04:00,2026-07-10 00:00:00-04:00,2026-07-10 04:00:00-04:00,-159.0,0,0.0,0.0,60.0,60.0,62.5,,0.06550802139037433,0.8502673796791443,187.0,False,6,2438
NQ,4h,bear,1,phase1-v1.0.0,2026-07-10 00:00:00-04:00,2026-07-10 00:00:00-04:00,2026-07-10 04:00:00-04:00,159.0,1,1.0,159.0,60.0,60.0,62.5,,0.9344919786096256,0.8502673796791443,187.0,False,6,2438
NQ,4h,bull,2,phase1-v1.0.0,2026-07-09 20:00:00-04:00,2026-07-10 00:00:00-04:00,2026-07-10 04:00:00-04:00,-159.25,0,0.0,0.0,30.0,30.0,31.25,144.5,0.06550802139037433,0.459927797833935,346.25,False,6,2438
NQ,4h,bear,2,phase1-v1.0.0,2026-07-09 20:00:00-04:00,2026-07-10 00:00:00-04:00,2026-07-10 04:00:00-04:00,159.25,2,1.0,80.0,30.0,30.0,31.25,144.5,0.9344919786096256,0.459927797833935,346.25,False,6,2438
NQ,4h,bull,3,phase1-v1.0.0,2026-07-09 16:00:00-04:00,2026-07-10 00:00:00-04:00,2026-07-10 04:00:00-04:00,-174.75,0,0.0,0.0,30.0,25.0,20.0,102.0,0.06550802139037433,0.42007211538461536,416.0,False,6,2438
NQ,4h,bear,3,phase1-v1.0.0,2026-07-09 16:00:00-04:00,2026-07-10 00:00:00-04:00,2026-07-10 04:00:00-04:00,174.75,3,1.0,16.25,30.0,25.0,20.0,102.0,0.9344919786096256,0.42007211538461536,416.0,False,6,2438
NQ,4h,bull,1,phase1-v1.0.0,2026-07-10 04:00:00-04:00,2026-07-10 04:00:00-04:00,2026-07-10 08:00:00-04:00,42.25,1,1.0,42.25,40.0,40.0,27.5,,0.5791788856304986,0.24780058651026393,170.5,False,6,2439
NQ,4h,bear,1,phase1-v1.0.0,2026-07-10 04:00:00-04:00,2026-07-10 04:00:00-04:00,2026-07-10 08:00:00-04:00,-42.25,0,0.0,0.0,40.0,40.0,27.5,,0.4208211143695015,0.24780058651026393,170.5,False,6,2439
NQ,4h,bull,2,phase1-v1.0.0,2026-07-10 00:00:00-04:00,2026-07-10 04:00:00-04:00,2026-07-10 08:00:00-04:00,-117.0,1,0.5,42.25,50.0,50.0,45.0,126.0,0.5791788856304986,0.32727272727272727,357.5,False,6,2439
NQ,4h,bear,2,phase1-v1.0.0,2026-07-10 00:00:00-04:00,2026-07-10 04:00:00-04:00,2026-07-10 08:00:00-04:00,117.0,1,0.5,159.0,50.0,50.0,45.0,126.0,0.4208211143695015,0.32727272727272727,357.5,False,6,2439
NQ,4h,bull,3,phase1-v1.0.0,2026-07-09 20:00:00-04:00,2026-07-10 04:00:00-04:00,2026-07-10 08:00:00-04:00,-117.25,1,0.3333333333333333,42.25,40.0,40.0,27.5,135.25,0.5791788856304986,0.22689888727624577,516.75,False,6,2439
NQ,4h,bear,3,phase1-v1.0.0,2026-07-09 20:00:00-04:00,2026-07-10 04:00:00-04:00,2026-07-10 08:00:00-04:00,117.25,2,0.6666666666666666,80.0,40.0,40.0,27.5,135.25,0.4208211143695015,0.22689888727624577,516.75,False,6,2439
NQ,4h,bull,1,phase1-v1.0.0,2026-07-10 08:00:00-04:00,2026-07-10 08:00:00-04:00,2026-07-10 12:00:00-04:00,127.5,1,1.0,127.5,60.0,55.0,57.5,,0.8507109004739336,0.4028436018957346,316.5,False,6,2440
NQ,4h,bear,1,phase1-v1.0.0,2026-07-10 08:00:00-04:00,2026-07-10 08:00:00-04:00,2026-07-10 12:00:00-04:00,-127.5,0,0.0,0.0,60.0,55.0,57.5,,0.14928909952606634,0.4028436018957346,316.5,False,6,2440
NQ,4h,bull,2,phase1-v1.0.0,2026-07-10 04:00:00-04:00,2026-07-10 08:00:00-04:00,2026-07-10 12:00:00-04:00,170.5,2,1.0,84.875,50.0,47.5,42.5,170.5,0.8507109004739336,0.35010266940451745,487.0,False,6,2440
NQ,4h,bear,2,phase1-v1.0.0,2026-07-10 04:00:00-04:00,2026-07-10 08:00:00-04:00,2026-07-10 12:00:00-04:00,-170.5,0,0.0,0.0,50.0,47.5,42.5,170.5,0.14928909952606634,0.35010266940451745,487.0,False,6,2440
NQ,4h,bull,3,phase1-v1.0.0,2026-07-10 00:00:00-04:00,2026-07-10 08:00:00-04:00,2026-07-10 12:00:00-04:00,11.25,2,0.6666666666666666,84.875,60.0,55.0,57.5,148.25,0.8507109004739336,0.01669139465875371,674.0,False,6,2440
NQ,4h,bear,3,phase1-v1.0.0,2026-07-10 00:00:00-04:00,2026-07-10 08:00:00-04:00,2026-07-10 12:00:00-04:00,-11.25,1,0.3333333333333333,159.0,60.0,55.0,57.5,148.25,0.14928909952606634,0.01669139465875371,674.0,False,6,2440
NQ,4h,bull,1,phase1-v1.0.0,2026-07-10 12:00:00-04:00,2026-07-10 12:00:00-04:00,2026-07-10 16:00:00-04:00,93.25,1,1.0,93.25,50.0,50.0,43.75,,0.6996268656716418,0.6958955223880597,134.0,False,6,2441
NQ,4h,bear,1,phase1-v1.0.0,2026-07-10 12:00:00-04:00,2026-07-10 12:00:00-04:00,2026-07-10 16:00:00-04:00,-93.25,0,0.0,0.0,50.0,50.0,43.75,,0.3003731343283582,0.6958955223880597,134.0,False,6,2441
NQ,4h,bull,2,phase1-v1.0.0,2026-07-10 08:00:00-04:00,2026-07-10 12:00:00-04:00,2026-07-10 16:00:00-04:00,220.75,2,1.0,110.375,55.0,52.5,50.625,47.75,0.6996268656716418,0.4900110987791343,450.5,False,6,2441
NQ,4h,bear,2,phase1-v1.0.0,2026-07-10 08:00:00-04:00,2026-07-10 12:00:00-04:00,2026-07-10 16:00:00-04:00,-220.75,0,0.0,0.0,55.0,52.5,50.625,47.75,0.3003731343283582,0.4900110987791343,450.5,False,6,2441
NQ,4h,bull,3,phase1-v1.0.0,2026-07-10 04:00:00-04:00,2026-07-10 12:00:00-04:00,2026-07-10 16:00:00-04:00,263.75,3,1.0,93.25,50.0,50.0,43.75,109.125,0.6996268656716418,0.4247181964573269,621.0,True,6,2441
NQ,4h,bear,3,phase1-v1.0.0,2026-07-10 04:00:00-04:00,2026-07-10 12:00:00-04:00,2026-07-10 16:00:00-04:00,-263.75,0,0.0,0.0,50.0,50.0,43.75,109.125,0.3003731343283582,0.4247181964573269,621.0,False,6,2441
NQ,4h,bull,1,phase1-v1.0.0,2026-07-10 16:00:00-04:00,2026-07-10 16:00:00-04:00,2026-07-10 20:00:00-04:00,30.75,1,1.0,30.75,30.0,35.0,25.0,,0.875,0.7321428571428571,42.0,False,6,2442
NQ,4h,bear,1,phase1-v1.0.0,2026-07-10 16:00:00-04:00,2026-07-10 16:00:00-04:00,2026-07-10 20:00:00-04:00,-30.75,0,0.0,0.0,30.0,35.0,25.0,,0.125,0.7321428571428571,42.0,False,6,2442
NQ,4h,bull,2,phase1-v1.0.0,2026-07-10 12:00:00-04:00,2026-07-10 16:00:00-04:00,2026-07-10 20:00:00-04:00,124.25,2,1.0,62.0,40.0,42.5,34.375,42.0,0.875,0.7059659090909091,176.0,False,6,2442
NQ,4h,bear,2,phase1-v1.0.0,2026-07-10 12:00:00-04:00,2026-07-10 16:00:00-04:00,2026-07-10 20:00:00-04:00,-124.25,0,0.0,0.0,40.0,42.5,34.375,42.0,0.125,0.7059659090909091,176.0,False,6,2442
NQ,4h,bull,3,phase1-v1.0.0,2026-07-10 08:00:00-04:00,2026-07-10 16:00:00-04:00,2026-07-10 20:00:00-04:00,251.75,3,1.0,93.25,50.0,50.0,43.75,44.875,0.875,0.5111675126903553,492.5,True,6,2442
NQ,4h,bear,3,phase1-v1.0.0,2026-07-10 08:00:00-04:00,2026-07-10 16:00:00-04:00,2026-07-10 20:00:00-04:00,-251.75,0,0.0,0.0,50.0,50.0,43.75,44.875,0.125,0.5111675126903553,492.5,False,6,2442
