id,instrument,direction,tf,param_version,A_open_et,B_open_et,C_open_et,A_high,A_low,C_high,C_low,B_open,B_close,lower_boundary,upper_boundary,midpoint,availability_et,first_wick_entry_et,first_body_overlap_et,midpoint_touch_et,full_fill_et,invalidation_et,segment_id,C_index
FVG-5m-bull-20260706T0015,NQ,bull,5m,phase1-v1.0.0,2026-07-06 00:05:00-04:00,2026-07-06 00:10:00-04:00,2026-07-06 00:15:00-04:00,29745.25,29716.75,29794.0,29769.0,29720.25,29774.75,29745.25,29769.0,29757.125,2026-07-06 00:20:00-04:00,2026-07-06 01:30:00-04:00,2026-07-06 01:35:00-04:00,2026-07-06 01:35:00-04:00,2026-07-06 21:30:00-04:00,2026-07-06 21:30:00-04:00,25,100992
FVG-5m-bear-20260706T0125,NQ,bear,5m,phase1-v1.0.0,2026-07-06 01:15:00-04:00,2026-07-06 01:20:00-04:00,2026-07-06 01:25:00-04:00,29818.5,29802.5,29794.75,29767.75,29812.5,29784.75,29794.75,29802.5,29798.625,2026-07-06 01:30:00-04:00,2026-07-06 01:45:00-04:00,2026-07-06 01:55:00-04:00,2026-07-06 01:45:00-04:00,2026-07-06 02:05:00-04:00,2026-07-06 02:05:00-04:00,25,101006
FVG-5m-bear-20260706T0130,NQ,bear,5m,phase1-v1.0.0,2026-07-06 01:20:00-04:00,2026-07-06 01:25:00-04:00,2026-07-06 01:30:00-04:00,29812.5,29781.75,29770.0,29752.5,29782.75,29769.5,29770.0,29781.75,29775.875,2026-07-06 01:35:00-04:00,2026-07-06 01:40:00-04:00,2026-07-06 01:40:00-04:00,2026-07-06 01:40:00-04:00,2026-07-06 01:40:00-04:00,2026-07-06 01:40:00-04:00,25,101007
FVG-5m-bull-20260706T0140,NQ,bull,5m,phase1-v1.0.0,2026-07-06 01:30:00-04:00,2026-07-06 01:35:00-04:00,2026-07-06 01:40:00-04:00,29770.0,29752.5,29799.0,29773.0,29755.25,29774.25,29770.0,29773.0,29771.5,2026-07-06 01:45:00-04:00,2026-07-06 01:50:00-04:00,2026-07-06 01:50:00-04:00,2026-07-06 01:50:00-04:00,2026-07-06 01:50:00-04:00,2026-07-06 01:50:00-04:00,25,101009
FVG-5m-bear-20260706T0210,NQ,bear,5m,phase1-v1.0.0,2026-07-06 02:00:00-04:00,2026-07-06 02:05:00-04:00,2026-07-06 02:10:00-04:00,29807.5,29786.5,29771.0,29754.75,29793.25,29769.0,29771.0,29786.5,29778.75,2026-07-06 02:15:00-04:00,2026-07-06 02:25:00-04:00,2026-07-06 02:25:00-04:00,2026-07-06 02:30:00-04:00,2026-07-06 02:30:00-04:00,2026-07-06 02:30:00-04:00,25,101015
FVG-5m-bull-20260706T0225,NQ,bull,5m,phase1-v1.0.0,2026-07-06 02:15:00-04:00,2026-07-06 02:20:00-04:00,2026-07-06 02:25:00-04:00,29770.0,29756.75,29797.0,29772.25,29759.25,29773.5,29770.0,29772.25,29771.125,2026-07-06 02:30:00-04:00,2026-07-06 21:25:00-04:00,2026-07-06 21:25:00-04:00,2026-07-06 21:25:00-04:00,2026-07-06 21:25:00-04:00,2026-07-06 21:25:00-04:00,25,101018
FVG-5m-bull-20260706T0230,NQ,bull,5m,phase1-v1.0.0,2026-07-06 02:20:00-04:00,2026-07-06 02:25:00-04:00,2026-07-06 02:30:00-04:00,29778.5,29755.25,29818.0,29784.5,29775.75,29790.5,29778.5,29784.5,29781.5,2026-07-06 02:35:00-04:00,2026-07-06 04:20:00-04:00,,2026-07-06 04:20:00-04:00,2026-07-06 09:35:00-04:00,2026-07-06 09:35:00-04:00,25,101019
FVG-5m-bull-20260706T0235,NQ,bull,5m,phase1-v1.0.0,2026-07-06 02:25:00-04:00,2026-07-06 02:30:00-04:00,2026-07-06 02:35:00-04:00,29797.0,29772.25,29845.0,29817.0,29789.0,29818.0,29797.0,29817.0,29807.0,2026-07-06 02:40:00-04:00,2026-07-06 03:35:00-04:00,2026-07-06 04:20:00-04:00,2026-07-06 04:15:00-04:00,2026-07-06 04:20:00-04:00,2026-07-06 04:20:00-04:00,25,101020
FVG-5m-bull-20260706T0240,NQ,bull,5m,phase1-v1.0.0,2026-07-06 02:30:00-04:00,2026-07-06 02:35:00-04:00,2026-07-06 02:40:00-04:00,29818.0,29784.5,29858.25,29840.25,29817.25,29840.75,29818.0,29840.25,29829.125,2026-07-06 02:45:00-04:00,2026-07-06 02:50:00-04:00,2026-07-06 03:25:00-04:00,2026-07-06 03:30:00-04:00,2026-07-06 03:30:00-04:00,2026-07-06 03:30:00-04:00,25,101021
FVG-5m-bear-20260706T0325,NQ,bear,5m,phase1-v1.0.0,2026-07-06 03:15:00-04:00,2026-07-06 03:20:00-04:00,2026-07-06 03:25:00-04:00,29863.75,29848.0,29839.75,29817.75,29860.25,29836.0,29839.75,29848.0,29843.875,2026-07-06 03:30:00-04:00,2026-07-06 03:35:00-04:00,2026-07-06 03:35:00-04:00,2026-07-06 03:35:00-04:00,2026-07-06 03:35:00-04:00,2026-07-06 03:35:00-04:00,25,101030
FVG-5m-bull-20260706T0345,NQ,bull,5m,phase1-v1.0.0,2026-07-06 03:35:00-04:00,2026-07-06 03:40:00-04:00,2026-07-06 03:45:00-04:00,29850.75,29833.75,29875.25,29866.25,29837.0,29872.75,29850.75,29866.25,29858.5,2026-07-06 03:50:00-04:00,2026-07-06 03:55:00-04:00,2026-07-06 03:55:00-04:00,2026-07-06 03:55:00-04:00,2026-07-06 04:05:00-04:00,2026-07-06 04:05:00-04:00,25,101034
FVG-5m-bear-20260706T0355,NQ,bear,5m,phase1-v1.0.0,2026-07-06 03:45:00-04:00,2026-07-06 03:50:00-04:00,2026-07-06 03:55:00-04:00,29875.25,29866.25,29863.25,29851.25,29871.0,29858.25,29863.25,29866.25,29864.75,2026-07-06 04:00:00-04:00,2026-07-06 04:05:00-04:00,,2026-07-06 04:05:00-04:00,2026-07-06 04:05:00-04:00,2026-07-06 04:05:00-04:00,25,101036
FVG-5m-bear-20260706T0415,NQ,bear,5m,phase1-v1.0.0,2026-07-06 04:05:00-04:00,2026-07-06 04:10:00-04:00,2026-07-06 04:15:00-04:00,29884.0,29861.75,29825.0,29780.0,29868.25,29821.75,29825.0,29861.75,29843.375,2026-07-06 04:20:00-04:00,2026-07-06 04:25:00-04:00,2026-07-06 04:30:00-04:00,2026-07-06 04:45:00-04:00,2026-07-06 05:00:00-04:00,2026-07-06 05:00:00-04:00,25,101040
FVG-5m-bull-20260706T0445,NQ,bull,5m,phase1-v1.0.0,2026-07-06 04:35:00-04:00,2026-07-06 04:40:00-04:00,2026-07-06 04:45:00-04:00,29827.75,29807.75,29850.5,29838.5,29827.75,29843.25,29827.75,29838.5,29833.125,2026-07-06 04:50:00-04:00,2026-07-06 05:50:00-04:00,2026-07-06 05:50:00-04:00,2026-07-06 05:50:00-04:00,2026-07-06 05:50:00-04:00,2026-07-06 05:50:00-04:00,25,101046
FVG-5m-bull-20260706T0555,NQ,bull,5m,phase1-v1.0.0,2026-07-06 05:45:00-04:00,2026-07-06 05:50:00-04:00,2026-07-06 05:55:00-04:00,29852.25,29827.5,29888.5,29874.5,29834.75,29883.25,29852.25,29874.5,29863.375,2026-07-06 06:00:00-04:00,2026-07-06 06:05:00-04:00,2026-07-06 06:05:00-04:00,2026-07-06 06:10:00-04:00,2026-07-06 06:15:00-04:00,2026-07-06 06:15:00-04:00,25,101060
FVG-5m-bear-20260706T0605,NQ,bear,5m,phase1-v1.0.0,2026-07-06 05:55:00-04:00,2026-07-06 06:00:00-04:00,2026-07-06 06:05:00-04:00,29888.5,29874.5,29873.25,29854.0,29878.0,29867.5,29873.25,29874.5,29873.875,2026-07-06 06:10:00-04:00,2026-07-06 06:15:00-04:00,2026-07-06 06:15:00-04:00,2026-07-06 06:15:00-04:00,2026-07-06 06:15:00-04:00,2026-07-06 06:15:00-04:00,25,101062
FVG-5m-bear-20260706T0645,NQ,bear,5m,phase1-v1.0.0,2026-07-06 06:35:00-04:00,2026-07-06 06:40:00-04:00,2026-07-06 06:45:00-04:00,29884.0,29869.0,29861.5,29847.25,29880.5,29857.0,29861.5,29869.0,29865.25,2026-07-06 06:50:00-04:00,2026-07-06 06:55:00-04:00,2026-07-06 06:55:00-04:00,2026-07-06 06:55:00-04:00,2026-07-06 07:00:00-04:00,2026-07-06 07:00:00-04:00,25,101070
FVG-5m-bull-20260706T0655,NQ,bull,5m,phase1-v1.0.0,2026-07-06 06:45:00-04:00,2026-07-06 06:50:00-04:00,2026-07-06 06:55:00-04:00,29861.5,29847.25,29884.5,29864.75,29855.75,29865.0,29861.5,29864.75,29863.125,2026-07-06 07:00:00-04:00,2026-07-06 07:05:00-04:00,2026-07-06 07:05:00-04:00,2026-07-06 07:05:00-04:00,2026-07-06 07:05:00-04:00,2026-07-06 07:05:00-04:00,25,101072
FVG-5m-bear-20260706T0705,NQ,bear,5m,phase1-v1.0.0,2026-07-06 06:55:00-04:00,2026-07-06 07:00:00-04:00,2026-07-06 07:05:00-04:00,29884.5,29864.75,29862.0,29841.75,29884.25,29851.25,29862.0,29864.75,29863.375,2026-07-06 07:10:00-04:00,2026-07-06 07:20:00-04:00,2026-07-06 07:20:00-04:00,2026-07-06 07:20:00-04:00,2026-07-06 07:20:00-04:00,2026-07-06 07:20:00-04:00,25,101074
FVG-5m-bull-20260706T0720,NQ,bull,5m,phase1-v1.0.0,2026-07-06 07:10:00-04:00,2026-07-06 07:15:00-04:00,2026-07-06 07:20:00-04:00,29859.75,29845.75,29891.75,29867.75,29858.25,29872.25,29859.75,29867.75,29863.75,2026-07-06 07:25:00-04:00,2026-07-06 08:05:00-04:00,2026-07-06 09:15:00-04:00,2026-07-06 09:15:00-04:00,2026-07-06 09:15:00-04:00,2026-07-06 09:15:00-04:00,25,101077
FVG-5m-bull-20260706T0750,NQ,bull,5m,phase1-v1.0.0,2026-07-06 07:40:00-04:00,2026-07-06 07:45:00-04:00,2026-07-06 07:50:00-04:00,29884.5,29871.0,29897.75,29886.75,29883.25,29893.5,29884.5,29886.75,29885.625,2026-07-06 07:55:00-04:00,2026-07-06 08:00:00-04:00,2026-07-06 08:00:00-04:00,2026-07-06 08:00:00-04:00,2026-07-06 08:00:00-04:00,2026-07-06 08:00:00-04:00,25,101083
FVG-5m-bull-20260706T0810,NQ,bull,5m,phase1-v1.0.0,2026-07-06 08:00:00-04:00,2026-07-06 08:05:00-04:00,2026-07-06 08:10:00-04:00,29916.0,29865.5,29936.0,29922.25,29910.5,29926.5,29916.0,29922.25,29919.125,2026-07-06 08:15:00-04:00,2026-07-06 08:20:00-04:00,,2026-07-06 08:20:00-04:00,2026-07-06 08:20:00-04:00,2026-07-06 08:20:00-04:00,25,101087
FVG-5m-bear-20260706T0825,NQ,bear,5m,phase1-v1.0.0,2026-07-06 08:15:00-04:00,2026-07-06 08:20:00-04:00,2026-07-06 08:25:00-04:00,29936.0,29914.5,29896.0,29876.25,29928.0,29882.25,29896.0,29914.5,29905.25,2026-07-06 08:30:00-04:00,2026-07-06 08:35:00-04:00,2026-07-06 08:40:00-04:00,2026-07-06 08:35:00-04:00,2026-07-06 08:40:00-04:00,2026-07-06 08:40:00-04:00,25,101090
FVG-5m-bull-20260706T0855,NQ,bull,5m,phase1-v1.0.0,2026-07-06 08:45:00-04:00,2026-07-06 08:50:00-04:00,2026-07-06 08:55:00-04:00,29910.75,29898.75,29935.0,29922.75,29907.75,29932.5,29910.75,29922.75,29916.75,2026-07-06 09:00:00-04:00,2026-07-06 09:05:00-04:00,2026-07-06 09:05:00-04:00,2026-07-06 09:05:00-04:00,2026-07-06 09:05:00-04:00,2026-07-06 09:05:00-04:00,25,101096
FVG-5m-bear-20260706T0905,NQ,bear,5m,phase1-v1.0.0,2026-07-06 08:55:00-04:00,2026-07-06 09:00:00-04:00,2026-07-06 09:05:00-04:00,29935.0,29922.75,29903.75,29889.0,29934.75,29900.75,29903.75,29922.75,29913.25,2026-07-06 09:10:00-04:00,2026-07-06 09:35:00-04:00,2026-07-06 09:35:00-04:00,2026-07-06 09:35:00-04:00,2026-07-06 09:35:00-04:00,2026-07-06 09:35:00-04:00,25,101098
FVG-5m-bear-20260706T0915,NQ,bear,5m,phase1-v1.0.0,2026-07-06 09:05:00-04:00,2026-07-06 09:10:00-04:00,2026-07-06 09:15:00-04:00,29903.75,29889.0,29865.0,29828.5,29889.5,29858.0,29865.0,29889.0,29877.0,2026-07-06 09:20:00-04:00,2026-07-06 09:35:00-04:00,2026-07-06 09:35:00-04:00,2026-07-06 09:35:00-04:00,2026-07-06 09:35:00-04:00,2026-07-06 09:35:00-04:00,25,101100
FVG-5m-bear-20260706T0920,NQ,bear,5m,phase1-v1.0.0,2026-07-06 09:10:00-04:00,2026-07-06 09:15:00-04:00,2026-07-06 09:20:00-04:00,29893.25,29855.25,29850.75,29833.75,29859.25,29841.5,29850.75,29855.25,29853.0,2026-07-06 09:25:00-04:00,2026-07-06 09:30:00-04:00,,2026-07-06 09:30:00-04:00,2026-07-06 09:30:00-04:00,2026-07-06 09:30:00-04:00,25,101101
FVG-5m-bear-20260706T1115,NQ,bear,5m,phase1-v1.0.0,2026-07-06 11:05:00-04:00,2026-07-06 11:10:00-04:00,2026-07-06 11:15:00-04:00,30035.0,29987.0,29985.0,29941.25,30008.75,29984.0,29985.0,29987.0,29986.0,2026-07-06 11:20:00-04:00,2026-07-06 11:25:00-04:00,2026-07-06 11:25:00-04:00,2026-07-06 11:25:00-04:00,2026-07-06 11:25:00-04:00,2026-07-06 11:25:00-04:00,25,101124
FVG-5m-bull-20260706T1125,NQ,bull,5m,phase1-v1.0.0,2026-07-06 11:15:00-04:00,2026-07-06 11:20:00-04:00,2026-07-06 11:25:00-04:00,29985.0,29941.25,30062.75,30001.5,29978.0,30006.5,29985.0,30001.5,29993.25,2026-07-06 11:30:00-04:00,2026-07-06 12:55:00-04:00,2026-07-06 12:55:00-04:00,2026-07-06 13:00:00-04:00,2026-07-06 13:00:00-04:00,2026-07-06 13:00:00-04:00,25,101126
FVG-5m-bull-20260706T1130,NQ,bull,5m,phase1-v1.0.0,2026-07-06 11:20:00-04:00,2026-07-06 11:25:00-04:00,2026-07-06 11:30:00-04:00,30008.5,29963.75,30073.0,30044.75,30005.75,30061.25,30008.5,30044.75,30026.625,2026-07-06 11:35:00-04:00,2026-07-06 11:40:00-04:00,2026-07-06 12:30:00-04:00,2026-07-06 12:30:00-04:00,2026-07-06 12:40:00-04:00,2026-07-06 12:40:00-04:00,25,101127
FVG-5m-bear-20260706T1225,NQ,bear,5m,phase1-v1.0.0,2026-07-06 12:15:00-04:00,2026-07-06 12:20:00-04:00,2026-07-06 12:25:00-04:00,30078.25,30052.25,30048.0,30024.75,30066.5,30046.75,30048.0,30052.25,30050.125,2026-07-06 12:30:00-04:00,2026-07-06 15:25:00-04:00,2026-07-10 13:30:00-04:00,2026-07-06 15:25:00-04:00,2026-07-10 13:35:00-04:00,2026-07-10 13:35:00-04:00,25,101138
FVG-5m-bull-20260706T1310,NQ,bull,5m,phase1-v1.0.0,2026-07-06 13:00:00-04:00,2026-07-06 13:05:00-04:00,2026-07-06 13:10:00-04:00,30003.75,29975.25,30036.75,30009.75,29994.5,30029.5,30003.75,30009.75,30006.75,2026-07-06 13:15:00-04:00,2026-07-06 13:20:00-04:00,2026-07-06 13:20:00-04:00,2026-07-06 13:20:00-04:00,2026-07-06 13:20:00-04:00,2026-07-06 13:20:00-04:00,25,101147
FVG-5m-bear-20260706T1320,NQ,bear,5m,phase1-v1.0.0,2026-07-06 13:10:00-04:00,2026-07-06 13:15:00-04:00,2026-07-06 13:20:00-04:00,30036.75,30009.75,30002.25,29963.5,30019.25,30000.0,30002.25,30009.75,30006.0,2026-07-06 13:25:00-04:00,2026-07-06 14:50:00-04:00,2026-07-06 15:10:00-04:00,2026-07-06 15:05:00-04:00,2026-07-06 15:15:00-04:00,2026-07-06 15:15:00-04:00,25,101149
FVG-5m-bear-20260706T1330,NQ,bear,5m,phase1-v1.0.0,2026-07-06 13:20:00-04:00,2026-07-06 13:25:00-04:00,2026-07-06 13:30:00-04:00,30002.25,29963.5,29960.5,29919.75,29979.25,29954.75,29960.5,29963.5,29962.0,2026-07-06 13:35:00-04:00,2026-07-06 14:10:00-04:00,2026-07-06 14:10:00-04:00,2026-07-06 14:10:00-04:00,2026-07-06 14:10:00-04:00,2026-07-06 14:10:00-04:00,25,101151
FVG-5m-bear-20260706T1335,NQ,bear,5m,phase1-v1.0.0,2026-07-06 13:25:00-04:00,2026-07-06 13:30:00-04:00,2026-07-06 13:35:00-04:00,29996.75,29948.0,29939.75,29913.0,29955.5,29933.25,29939.75,29948.0,29943.875,2026-07-06 13:40:00-04:00,2026-07-06 14:10:00-04:00,2026-07-06 14:10:00-04:00,2026-07-06 14:10:00-04:00,2026-07-06 14:10:00-04:00,2026-07-06 14:10:00-04:00,25,101152
FVG-5m-bull-20260706T1405,NQ,bull,5m,phase1-v1.0.0,2026-07-06 13:55:00-04:00,2026-07-06 14:00:00-04:00,2026-07-06 14:05:00-04:00,29909.5,29886.5,29967.5,29923.75,29896.25,29924.25,29909.5,29923.75,29916.625,2026-07-06 14:10:00-04:00,2026-07-06 18:50:00-04:00,2026-07-06 18:50:00-04:00,2026-07-06 18:50:00-04:00,2026-07-06 18:55:00-04:00,2026-07-06 18:55:00-04:00,25,101158
FVG-5m-bull-20260706T1410,NQ,bull,5m,phase1-v1.0.0,2026-07-06 14:00:00-04:00,2026-07-06 14:05:00-04:00,2026-07-06 14:10:00-04:00,29933.75,29895.5,29967.5,29945.5,29924.25,29961.25,29933.75,29945.5,29939.625,2026-07-06 14:15:00-04:00,2026-07-06 16:00:00-04:00,,2026-07-06 16:00:00-04:00,2026-07-06 16:00:00-04:00,2026-07-06 16:00:00-04:00,25,101159
FVG-5m-bull-20260706T1420,NQ,bull,5m,phase1-v1.0.0,2026-07-06 14:10:00-04:00,2026-07-06 14:15:00-04:00,2026-07-06 14:20:00-04:00,29967.5,29945.5,29991.5,29971.25,29950.0,29983.5,29967.5,29971.25,29969.375,2026-07-06 14:25:00-04:00,2026-07-06 14:30:00-04:00,,2026-07-06 14:30:00-04:00,2026-07-06 14:30:00-04:00,2026-07-06 14:30:00-04:00,25,101161
FVG-5m-bull-20260706T1520,NQ,bull,5m,phase1-v1.0.0,2026-07-06 15:10:00-04:00,2026-07-06 15:15:00-04:00,2026-07-06 15:20:00-04:00,30025.0,30003.5,30052.0,30027.0,30011.5,30033.5,30025.0,30027.0,30026.0,2026-07-06 15:25:00-04:00,2026-07-06 15:35:00-04:00,2026-07-06 15:35:00-04:00,2026-07-06 15:35:00-04:00,2026-07-06 15:35:00-04:00,2026-07-06 15:35:00-04:00,25,101173
FVG-5m-bear-20260706T1555,NQ,bear,5m,phase1-v1.0.0,2026-07-06 15:45:00-04:00,2026-07-06 15:50:00-04:00,2026-07-06 15:55:00-04:00,30036.25,30018.75,29980.75,29931.5,30024.0,29965.0,29980.75,30018.75,29999.75,2026-07-06 16:00:00-04:00,2026-07-09 13:20:00-04:00,2026-07-09 13:20:00-04:00,2026-07-10 12:20:00-04:00,2026-07-10 12:25:00-04:00,2026-07-10 12:25:00-04:00,25,101180
FVG-5m-bear-20260706T1625,NQ,bear,5m,phase1-v1.0.0,2026-07-06 16:15:00-04:00,2026-07-06 16:20:00-04:00,2026-07-06 16:25:00-04:00,29970.0,29960.75,29959.5,29950.5,29962.75,29957.5,29959.5,29960.75,29960.125,2026-07-06 16:30:00-04:00,2026-07-06 16:35:00-04:00,2026-07-06 16:35:00-04:00,2026-07-06 16:35:00-04:00,2026-07-06 16:35:00-04:00,2026-07-06 16:35:00-04:00,25,101186
FVG-5m-bear-20260706T1650,NQ,bear,5m,phase1-v1.0.0,2026-07-06 16:40:00-04:00,2026-07-06 16:45:00-04:00,2026-07-06 16:50:00-04:00,29959.0,29954.5,29942.0,29931.25,29955.25,29940.5,29942.0,29954.5,29948.25,2026-07-06 16:55:00-04:00,2026-07-06 17:00:00-04:00,2026-07-06 17:00:00-04:00,2026-07-06 17:00:00-04:00,2026-07-06 17:00:00-04:00,2026-07-06 17:00:00-04:00,25,101191
FVG-5m-bull-20260706T1800,NQ,bull,5m,phase1-v1.0.0,2026-07-06 16:50:00-04:00,2026-07-06 16:55:00-04:00,2026-07-06 18:00:00-04:00,29942.0,29931.25,29970.0,29944.75,29941.0,29947.75,29942.0,29944.75,29943.375,2026-07-06 18:05:00-04:00,2026-07-06 18:10:00-04:00,,2026-07-06 18:10:00-04:00,2026-07-06 18:10:00-04:00,2026-07-06 18:10:00-04:00,25,101193
FVG-5m-bear-20260706T1850,NQ,bear,5m,phase1-v1.0.0,2026-07-06 18:40:00-04:00,2026-07-06 18:45:00-04:00,2026-07-06 18:50:00-04:00,29970.0,29946.25,29925.0,29904.75,29949.75,29920.5,29925.0,29946.25,29935.625,2026-07-06 18:55:00-04:00,2026-07-06 19:05:00-04:00,2026-07-09 13:10:00-04:00,2026-07-09 13:10:00-04:00,2026-07-09 13:10:00-04:00,2026-07-09 13:10:00-04:00,25,101203
FVG-5m-bear-20260706T1855,NQ,bear,5m,phase1-v1.0.0,2026-07-06 18:45:00-04:00,2026-07-06 18:50:00-04:00,2026-07-06 18:55:00-04:00,29950.25,29912.25,29910.0,29889.0,29920.75,29907.75,29910.0,29912.25,29911.125,2026-07-06 19:00:00-04:00,2026-07-06 19:05:00-04:00,2026-07-06 19:05:00-04:00,2026-07-06 19:05:00-04:00,2026-07-06 19:05:00-04:00,2026-07-06 19:05:00-04:00,25,101204
FVG-5m-bear-20260706T1920,NQ,bear,5m,phase1-v1.0.0,2026-07-06 19:10:00-04:00,2026-07-06 19:15:00-04:00,2026-07-06 19:20:00-04:00,29918.5,29903.75,29900.0,29872.75,29906.0,29877.25,29900.0,29903.75,29901.875,2026-07-06 19:25:00-04:00,2026-07-06 19:30:00-04:00,,2026-07-06 19:30:00-04:00,2026-07-06 19:30:00-04:00,2026-07-06 19:30:00-04:00,25,101209
FVG-5m-bear-20260706T1945,NQ,bear,5m,phase1-v1.0.0,2026-07-06 19:35:00-04:00,2026-07-06 19:40:00-04:00,2026-07-06 19:45:00-04:00,29892.0,29879.0,29875.5,29851.0,29880.25,29874.75,29875.5,29879.0,29877.25,2026-07-06 19:50:00-04:00,2026-07-06 20:10:00-04:00,,2026-07-06 20:10:00-04:00,2026-07-06 20:10:00-04:00,2026-07-06 20:10:00-04:00,25,101214
FVG-5m-bear-20260706T1950,NQ,bear,5m,phase1-v1.0.0,2026-07-06 19:40:00-04:00,2026-07-06 19:45:00-04:00,2026-07-06 19:50:00-04:00,29882.75,29864.75,29860.0,29839.25,29874.75,29857.25,29860.0,29864.75,29862.375,2026-07-06 19:55:00-04:00,2026-07-06 20:05:00-04:00,,2026-07-06 20:05:00-04:00,2026-07-06 20:05:00-04:00,2026-07-06 20:05:00-04:00,25,101215
FVG-5m-bull-20260706T2025,NQ,bull,5m,phase1-v1.0.0,2026-07-06 20:15:00-04:00,2026-07-06 20:20:00-04:00,2026-07-06 20:25:00-04:00,29862.0,29816.25,29914.25,29865.75,29860.5,29894.75,29862.0,29865.75,29863.875,2026-07-06 20:30:00-04:00,2026-07-06 20:35:00-04:00,2026-07-06 20:35:00-04:00,2026-07-06 20:35:00-04:00,2026-07-06 20:35:00-04:00,2026-07-06 20:35:00-04:00,25,101222
FVG-5m-bear-20260706T2035,NQ,bear,5m,phase1-v1.0.0,2026-07-06 20:25:00-04:00,2026-07-06 20:30:00-04:00,2026-07-06 20:35:00-04:00,29914.25,29865.75,29849.0,29814.0,29879.5,29847.75,29849.0,29865.75,29857.375,2026-07-06 20:40:00-04:00,2026-07-06 20:55:00-04:00,2026-07-06 20:55:00-04:00,2026-07-09 09:40:00-04:00,2026-07-09 09:45:00-04:00,2026-07-09 09:45:00-04:00,25,101224
FVG-5m-bull-20260706T2145,NQ,bull,5m,phase1-v1.0.0,2026-07-06 21:35:00-04:00,2026-07-06 21:40:00-04:00,2026-07-06 21:45:00-04:00,29774.75,29748.25,29809.0,29787.25,29766.75,29788.5,29774.75,29787.25,29781.0,2026-07-06 21:50:00-04:00,2026-07-06 22:00:00-04:00,2026-07-06 22:00:00-04:00,2026-07-06 22:00:00-04:00,2026-07-06 22:00:00-04:00,2026-07-06 22:00:00-04:00,25,101238
FVG-5m-bull-20260706T2150,NQ,bull,5m,phase1-v1.0.0,2026-07-06 21:40:00-04:00,2026-07-06 21:45:00-04:00,2026-07-06 21:50:00-04:00,29789.75,29749.25,29822.0,29792.0,29789.25,29802.75,29789.75,29792.0,29790.875,2026-07-06 21:55:00-04:00,2026-07-06 22:00:00-04:00,2026-07-06 22:00:00-04:00,2026-07-06 22:00:00-04:00,2026-07-06 22:00:00-04:00,2026-07-06 22:00:00-04:00,25,101239
FVG-5m-bull-20260706T2210,NQ,bull,5m,phase1-v1.0.0,2026-07-06 22:00:00-04:00,2026-07-06 22:05:00-04:00,2026-07-06 22:10:00-04:00,29796.5,29767.25,29813.0,29800.5,29789.5,29803.5,29796.5,29800.5,29798.5,2026-07-06 22:15:00-04:00,2026-07-06 22:20:00-04:00,2026-07-06 22:25:00-04:00,2026-07-06 22:25:00-04:00,2026-07-06 22:25:00-04:00,2026-07-06 22:25:00-04:00,25,101243
FVG-5m-bear-20260706T2225,NQ,bear,5m,phase1-v1.0.0,2026-07-06 22:15:00-04:00,2026-07-06 22:20:00-04:00,2026-07-06 22:25:00-04:00,29819.25,29799.25,29780.5,29769.75,29804.25,29777.75,29780.5,29799.25,29789.875,2026-07-06 22:30:00-04:00,2026-07-06 23:10:00-04:00,2026-07-09 08:40:00-04:00,2026-07-09 09:40:00-04:00,2026-07-09 09:40:00-04:00,2026-07-09 09:40:00-04:00,25,101246
FVG-5m-bear-20260706T2315,NQ,bear,5m,phase1-v1.0.0,2026-07-06 23:05:00-04:00,2026-07-06 23:10:00-04:00,2026-07-06 23:15:00-04:00,29784.75,29761.25,29761.0,29734.5,29778.0,29758.0,29761.0,29761.25,29761.125,2026-07-06 23:20:00-04:00,2026-07-09 08:35:00-04:00,2026-07-09 08:35:00-04:00,2026-07-09 08:35:00-04:00,2026-07-09 08:35:00-04:00,2026-07-09 08:35:00-04:00,25,101256
FVG-5m-bear-20260706T2325,NQ,bear,5m,phase1-v1.0.0,2026-07-06 23:15:00-04:00,2026-07-06 23:20:00-04:00,2026-07-06 23:25:00-04:00,29761.0,29734.5,29726.5,29680.0,29740.75,29715.25,29726.5,29734.5,29730.5,2026-07-06 23:30:00-04:00,2026-07-07 03:20:00-04:00,,2026-07-07 03:20:00-04:00,2026-07-07 03:20:00-04:00,2026-07-07 03:20:00-04:00,25,101258
FVG-5m-bear-20260706T2330,NQ,bear,5m,phase1-v1.0.0,2026-07-06 23:20:00-04:00,2026-07-06 23:25:00-04:00,2026-07-06 23:30:00-04:00,29742.25,29712.0,29707.25,29672.0,29715.5,29684.25,29707.25,29712.0,29709.625,2026-07-06 23:35:00-04:00,2026-07-06 23:40:00-04:00,2026-07-07 03:05:00-04:00,2026-07-07 03:05:00-04:00,2026-07-07 03:05:00-04:00,2026-07-07 03:05:00-04:00,25,101259
FVG-5m-bear-20260706T2350,NQ,bear,5m,phase1-v1.0.0,2026-07-06 23:40:00-04:00,2026-07-06 23:45:00-04:00,2026-07-06 23:50:00-04:00,29694.5,29662.0,29651.25,29630.5,29663.75,29642.0,29651.25,29662.0,29656.625,2026-07-06 23:55:00-04:00,2026-07-07 00:00:00-04:00,2026-07-07 00:00:00-04:00,2026-07-07 00:00:00-04:00,2026-07-07 00:00:00-04:00,2026-07-07 00:00:00-04:00,25,101263
FVG-5m-bear-20260707T0015,NQ,bear,5m,phase1-v1.0.0,2026-07-07 00:05:00-04:00,2026-07-07 00:10:00-04:00,2026-07-07 00:15:00-04:00,29680.0,29658.0,29646.25,29622.0,29661.25,29638.5,29646.25,29658.0,29652.125,2026-07-07 00:20:00-04:00,2026-07-07 00:35:00-04:00,2026-07-07 01:40:00-04:00,2026-07-07 00:35:00-04:00,2026-07-07 01:45:00-04:00,2026-07-07 01:45:00-04:00,25,101268
FVG-5m-bear-20260707T0020,NQ,bear,5m,phase1-v1.0.0,2026-07-07 00:10:00-04:00,2026-07-07 00:15:00-04:00,2026-07-07 00:20:00-04:00,29662.0,29638.0,29634.25,29617.0,29639.0,29628.5,29634.25,29638.0,29636.125,2026-07-07 00:25:00-04:00,2026-07-07 00:30:00-04:00,2026-07-07 00:30:00-04:00,2026-07-07 00:30:00-04:00,2026-07-07 00:30:00-04:00,2026-07-07 00:30:00-04:00,25,101269
FVG-5m-bull-20260707T0030,NQ,bull,5m,phase1-v1.0.0,2026-07-07 00:20:00-04:00,2026-07-07 00:25:00-04:00,2026-07-07 00:30:00-04:00,29634.25,29617.0,29656.75,29634.5,29624.5,29639.0,29634.25,29634.5,29634.375,2026-07-07 00:35:00-04:00,2026-07-07 00:40:00-04:00,,2026-07-07 00:40:00-04:00,2026-07-07 00:40:00-04:00,2026-07-07 00:40:00-04:00,25,101271
FVG-5m-bear-20260707T0050,NQ,bear,5m,phase1-v1.0.0,2026-07-07 00:40:00-04:00,2026-07-07 00:45:00-04:00,2026-07-07 00:50:00-04:00,29649.0,29632.0,29626.0,29607.5,29633.75,29615.25,29626.0,29632.0,29629.0,2026-07-07 00:55:00-04:00,2026-07-07 01:05:00-04:00,2026-07-07 01:05:00-04:00,2026-07-07 01:35:00-04:00,2026-07-07 01:35:00-04:00,2026-07-07 01:35:00-04:00,25,101275
FVG-5m-bear-20260707T0105,NQ,bear,5m,phase1-v1.0.0,2026-07-07 00:55:00-04:00,2026-07-07 01:00:00-04:00,2026-07-07 01:05:00-04:00,29625.75,29607.75,29605.0,29587.75,29626.25,29601.25,29605.0,29607.75,29606.375,2026-07-07 01:10:00-04:00,2026-07-07 01:25:00-04:00,2026-07-07 01:35:00-04:00,2026-07-07 01:25:00-04:00,2026-07-07 01:35:00-04:00,2026-07-07 01:35:00-04:00,25,101278
FVG-5m-bull-20260707T0135,NQ,bull,5m,phase1-v1.0.0,2026-07-07 01:25:00-04:00,2026-07-07 01:30:00-04:00,2026-07-07 01:35:00-04:00,29593.0,29558.5,29654.25,29626.25,29591.75,29628.25,29593.0,29626.25,29609.625,2026-07-07 01:40:00-04:00,2026-07-07 05:50:00-04:00,2026-07-07 07:05:00-04:00,2026-07-07 07:05:00-04:00,2026-07-07 07:40:00-04:00,2026-07-07 07:40:00-04:00,25,101284
FVG-5m-bull-20260707T0140,NQ,bull,5m,phase1-v1.0.0,2026-07-07 01:30:00-04:00,2026-07-07 01:35:00-04:00,2026-07-07 01:40:00-04:00,29633.75,29591.75,29665.0,29649.0,29627.25,29652.5,29633.75,29649.0,29641.375,2026-07-07 01:45:00-04:00,2026-07-07 01:50:00-04:00,2026-07-07 02:15:00-04:00,2026-07-07 02:15:00-04:00,2026-07-07 02:15:00-04:00,2026-07-07 02:15:00-04:00,25,101285
FVG-5m-bull-20260707T0155,NQ,bull,5m,phase1-v1.0.0,2026-07-07 01:45:00-04:00,2026-07-07 01:50:00-04:00,2026-07-07 01:55:00-04:00,29670.0,29646.0,29704.5,29685.0,29654.25,29688.25,29670.0,29685.0,29677.5,2026-07-07 02:00:00-04:00,2026-07-07 02:05:00-04:00,2026-07-07 02:10:00-04:00,2026-07-07 02:10:00-04:00,2026-07-07 02:10:00-04:00,2026-07-07 02:10:00-04:00,25,101288
FVG-5m-bear-20260707T0210,NQ,bear,5m,phase1-v1.0.0,2026-07-07 02:00:00-04:00,2026-07-07 02:05:00-04:00,2026-07-07 02:10:00-04:00,29701.25,29678.0,29661.75,29631.25,29686.0,29656.75,29661.75,29678.0,29669.875,2026-07-07 02:15:00-04:00,2026-07-07 02:20:00-04:00,2026-07-07 02:25:00-04:00,2026-07-07 02:25:00-04:00,2026-07-07 02:40:00-04:00,2026-07-07 02:40:00-04:00,25,101291
FVG-5m-bull-20260707T0305,NQ,bull,5m,phase1-v1.0.0,2026-07-07 02:55:00-04:00,2026-07-07 03:00:00-04:00,2026-07-07 03:05:00-04:00,29693.25,29684.0,29720.75,29694.75,29689.0,29709.25,29693.25,29694.75,29694.0,2026-07-07 03:10:00-04:00,2026-07-07 03:15:00-04:00,,2026-07-07 03:15:00-04:00,2026-07-07 03:15:00-04:00,2026-07-07 03:15:00-04:00,25,101302
FVG-5m-bear-20260707T0335,NQ,bear,5m,phase1-v1.0.0,2026-07-07 03:25:00-04:00,2026-07-07 03:30:00-04:00,2026-07-07 03:35:00-04:00,29731.75,29714.0,29707.25,29694.25,29715.5,29703.5,29707.25,29714.0,29710.625,2026-07-07 03:40:00-04:00,2026-07-07 04:25:00-04:00,,2026-07-07 08:15:00-04:00,2026-07-07 08:15:00-04:00,2026-07-07 08:15:00-04:00,25,101308
FVG-5m-bear-20260707T0350,NQ,bear,5m,phase1-v1.0.0,2026-07-07 03:40:00-04:00,2026-07-07 03:45:00-04:00,2026-07-07 03:50:00-04:00,29705.0,29693.0,29691.0,29669.75,29693.25,29687.5,29691.0,29693.0,29692.0,2026-07-07 03:55:00-04:00,2026-07-07 04:15:00-04:00,,2026-07-07 04:15:00-04:00,2026-07-07 04:15:00-04:00,2026-07-07 04:15:00-04:00,25,101311
FVG-5m-bear-20260707T0355,NQ,bear,5m,phase1-v1.0.0,2026-07-07 03:45:00-04:00,2026-07-07 03:50:00-04:00,2026-07-07 03:55:00-04:00,29700.0,29683.0,29672.75,29644.0,29686.0,29671.25,29672.75,29683.0,29677.875,2026-07-07 04:00:00-04:00,2026-07-07 04:15:00-04:00,2026-07-07 04:15:00-04:00,2026-07-07 04:15:00-04:00,2026-07-07 04:15:00-04:00,2026-07-07 04:15:00-04:00,25,101312
FVG-5m-bear-20260707T0400,NQ,bear,5m,phase1-v1.0.0,2026-07-07 03:50:00-04:00,2026-07-07 03:55:00-04:00,2026-07-07 04:00:00-04:00,29691.0,29669.75,29666.25,29641.25,29670.25,29645.5,29666.25,29669.75,29668.0,2026-07-07 04:05:00-04:00,2026-07-07 04:15:00-04:00,2026-07-07 04:15:00-04:00,2026-07-07 04:15:00-04:00,2026-07-07 04:15:00-04:00,2026-07-07 04:15:00-04:00,25,101313
FVG-5m-bull-20260707T0415,NQ,bull,5m,phase1-v1.0.0,2026-07-07 04:05:00-04:00,2026-07-07 04:10:00-04:00,2026-07-07 04:15:00-04:00,29663.5,29646.25,29701.75,29683.75,29659.75,29687.75,29663.5,29683.75,29673.625,2026-07-07 04:20:00-04:00,2026-07-07 04:30:00-04:00,2026-07-07 04:35:00-04:00,2026-07-07 04:35:00-04:00,2026-07-07 05:00:00-04:00,2026-07-07 05:00:00-04:00,25,101316
FVG-5m-bear-20260707T0455,NQ,bear,5m,phase1-v1.0.0,2026-07-07 04:45:00-04:00,2026-07-07 04:50:00-04:00,2026-07-07 04:55:00-04:00,29693.5,29683.0,29673.75,29658.5,29691.25,29672.75,29673.75,29683.0,29678.375,2026-07-07 05:00:00-04:00,2026-07-07 05:10:00-04:00,2026-07-07 05:10:00-04:00,2026-07-07 05:10:00-04:00,2026-07-07 05:10:00-04:00,2026-07-07 05:10:00-04:00,25,101324
FVG-5m-bear-20260707T0525,NQ,bear,5m,phase1-v1.0.0,2026-07-07 05:15:00-04:00,2026-07-07 05:20:00-04:00,2026-07-07 05:25:00-04:00,29693.5,29678.25,29673.0,29655.25,29681.75,29669.5,29673.0,29678.25,29675.625,2026-07-07 05:30:00-04:00,2026-07-07 06:05:00-04:00,,2026-07-07 06:05:00-04:00,2026-07-07 06:05:00-04:00,2026-07-07 06:05:00-04:00,25,101330
FVG-5m-bear-20260707T0530,NQ,bear,5m,phase1-v1.0.0,2026-07-07 05:20:00-04:00,2026-07-07 05:25:00-04:00,2026-07-07 05:30:00-04:00,29682.25,29665.0,29659.5,29636.5,29669.75,29655.5,29659.5,29665.0,29662.25,2026-07-07 05:35:00-04:00,2026-07-07 05:45:00-04:00,2026-07-07 06:00:00-04:00,2026-07-07 06:00:00-04:00,2026-07-07 06:00:00-04:00,2026-07-07 06:00:00-04:00,25,101331
FVG-5m-bear-20260707T0535,NQ,bear,5m,phase1-v1.0.0,2026-07-07 05:25:00-04:00,2026-07-07 05:30:00-04:00,2026-07-07 05:35:00-04:00,29673.0,29655.25,29648.75,29628.25,29658.25,29637.0,29648.75,29655.25,29652.0,2026-07-07 05:40:00-04:00,2026-07-07 05:45:00-04:00,2026-07-07 05:45:00-04:00,2026-07-07 05:45:00-04:00,2026-07-07 05:45:00-04:00,2026-07-07 05:45:00-04:00,25,101332
FVG-5m-bull-20260707T0600,NQ,bull,5m,phase1-v1.0.0,2026-07-07 05:50:00-04:00,2026-07-07 05:55:00-04:00,2026-07-07 06:00:00-04:00,29658.5,29627.5,29689.5,29661.25,29656.0,29662.25,29658.5,29661.25,29659.875,2026-07-07 06:05:00-04:00,2026-07-07 06:10:00-04:00,2026-07-07 06:10:00-04:00,2026-07-07 06:10:00-04:00,2026-07-07 06:10:00-04:00,2026-07-07 06:10:00-04:00,25,101337
FVG-5m-bull-20260707T0620,NQ,bull,5m,phase1-v1.0.0,2026-07-07 06:10:00-04:00,2026-07-07 06:15:00-04:00,2026-07-07 06:20:00-04:00,29664.75,29639.5,29686.5,29665.75,29649.0,29681.5,29664.75,29665.75,29665.25,2026-07-07 06:25:00-04:00,2026-07-07 06:35:00-04:00,2026-07-07 06:35:00-04:00,2026-07-07 06:35:00-04:00,2026-07-07 06:35:00-04:00,2026-07-07 06:35:00-04:00,25,101341
FVG-5m-bear-20260707T0635,NQ,bear,5m,phase1-v1.0.0,2026-07-07 06:25:00-04:00,2026-07-07 06:30:00-04:00,2026-07-07 06:35:00-04:00,29686.0,29670.75,29657.5,29643.75,29673.25,29653.0,29657.5,29670.75,29664.125,2026-07-07 06:40:00-04:00,2026-07-07 06:45:00-04:00,2026-07-07 07:00:00-04:00,2026-07-07 08:10:00-04:00,2026-07-07 08:10:00-04:00,2026-07-07 08:10:00-04:00,25,101344
FVG-5m-bear-20260707T0705,NQ,bear,5m,phase1-v1.0.0,2026-07-07 06:55:00-04:00,2026-07-07 07:00:00-04:00,2026-07-07 07:05:00-04:00,29659.25,29640.75,29629.25,29603.75,29660.5,29622.25,29629.25,29640.75,29635.0,2026-07-07 07:10:00-04:00,2026-07-07 07:20:00-04:00,2026-07-07 07:20:00-04:00,2026-07-07 07:20:00-04:00,2026-07-07 07:25:00-04:00,2026-07-07 07:25:00-04:00,25,101350
FVG-5m-bull-20260707T0720,NQ,bull,5m,phase1-v1.0.0,2026-07-07 07:10:00-04:00,2026-07-07 07:15:00-04:00,2026-07-07 07:20:00-04:00,29624.75,29602.5,29646.5,29625.25,29613.0,29634.0,29624.75,29625.25,29625.0,2026-07-07 07:25:00-04:00,2026-07-07 07:35:00-04:00,2026-07-07 07:35:00-04:00,2026-07-07 07:35:00-04:00,2026-07-07 07:35:00-04:00,2026-07-07 07:35:00-04:00,25,101353
FVG-5m-bear-20260707T0735,NQ,bear,5m,phase1-v1.0.0,2026-07-07 07:25:00-04:00,2026-07-07 07:30:00-04:00,2026-07-07 07:35:00-04:00,29651.25,29632.0,29613.0,29591.25,29632.5,29601.5,29613.0,29632.0,29622.5,2026-07-07 07:40:00-04:00,2026-07-07 07:45:00-04:00,2026-07-07 07:45:00-04:00,2026-07-07 07:45:00-04:00,2026-07-07 07:50:00-04:00,2026-07-07 07:50:00-04:00,25,101356
FVG-5m-bull-20260707T0745,NQ,bull,5m,phase1-v1.0.0,2026-07-07 07:35:00-04:00,2026-07-07 07:40:00-04:00,2026-07-07 07:45:00-04:00,29613.0,29591.25,29636.25,29616.0,29606.5,29623.0,29613.0,29616.0,29614.5,2026-07-07 07:50:00-04:00,2026-07-07 07:55:00-04:00,,2026-07-07 07:55:00-04:00,2026-07-07 07:55:00-04:00,2026-07-07 07:55:00-04:00,25,101358
FVG-5m-bull-20260707T0800,NQ,bull,5m,phase1-v1.0.0,2026-07-07 07:50:00-04:00,2026-07-07 07:55:00-04:00,2026-07-07 08:00:00-04:00,29638.0,29601.0,29663.75,29639.25,29617.25,29642.5,29638.0,29639.25,29638.625,2026-07-07 08:05:00-04:00,2026-07-07 08:50:00-04:00,,2026-07-07 08:50:00-04:00,2026-07-07 08:50:00-04:00,2026-07-07 08:50:00-04:00,25,101361
FVG-5m-bull-20260707T0810,NQ,bull,5m,phase1-v1.0.0,2026-07-07 08:00:00-04:00,2026-07-07 08:05:00-04:00,2026-07-07 08:10:00-04:00,29663.75,29639.25,29716.0,29691.75,29650.75,29693.5,29663.75,29691.75,29677.75,2026-07-07 08:15:00-04:00,2026-07-07 08:20:00-04:00,2026-07-07 08:20:00-04:00,2026-07-07 08:20:00-04:00,2026-07-07 08:25:00-04:00,2026-07-07 08:25:00-04:00,25,101363
FVG-5m-bear-20260707T0820,NQ,bear,5m,phase1-v1.0.0,2026-07-07 08:10:00-04:00,2026-07-07 08:15:00-04:00,2026-07-07 08:20:00-04:00,29716.0,29691.75,29682.75,29658.5,29702.75,29676.75,29682.75,29691.75,29687.25,2026-07-07 08:25:00-04:00,2026-07-07 08:30:00-04:00,2026-07-07 08:30:00-04:00,2026-07-07 08:30:00-04:00,2026-07-07 08:35:00-04:00,2026-07-07 08:35:00-04:00,25,101365
FVG-5m-bear-20260707T0850,NQ,bear,5m,phase1-v1.0.0,2026-07-07 08:40:00-04:00,2026-07-07 08:45:00-04:00,2026-07-07 08:50:00-04:00,29708.0,29683.0,29651.0,29622.0,29685.25,29644.25,29651.0,29683.0,29667.0,2026-07-07 08:55:00-04:00,2026-07-07 09:10:00-04:00,,2026-07-07 09:35:00-04:00,2026-07-07 09:35:00-04:00,2026-07-07 09:35:00-04:00,25,101371
FVG-5m-bear-20260707T0920,NQ,bear,5m,phase1-v1.0.0,2026-07-07 09:10:00-04:00,2026-07-07 09:15:00-04:00,2026-07-07 09:20:00-04:00,29651.0,29629.0,29625.25,29596.75,29641.25,29621.0,29625.25,29629.0,29627.125,2026-07-07 09:25:00-04:00,2026-07-07 09:35:00-04:00,,2026-07-07 09:35:00-04:00,2026-07-07 09:35:00-04:00,2026-07-07 09:35:00-04:00,25,101377
FVG-5m-bear-20260707T0935,NQ,bear,5m,phase1-v1.0.0,2026-07-07 09:25:00-04:00,2026-07-07 09:30:00-04:00,2026-07-07 09:35:00-04:00,29608.25,29580.0,29577.5,29491.25,29593.0,29532.5,29577.5,29580.0,29578.75,2026-07-07 09:40:00-04:00,2026-07-07 09:45:00-04:00,2026-07-07 09:45:00-04:00,2026-07-07 09:45:00-04:00,2026-07-07 09:45:00-04:00,2026-07-07 09:45:00-04:00,25,101380
FVG-5m-bear-20260707T0955,NQ,bear,5m,phase1-v1.0.0,2026-07-07 09:45:00-04:00,2026-07-07 09:50:00-04:00,2026-07-07 09:55:00-04:00,29596.75,29503.0,29484.25,29420.25,29511.0,29454.5,29484.25,29503.0,29493.625,2026-07-07 10:00:00-04:00,2026-07-07 10:05:00-04:00,,2026-07-07 10:05:00-04:00,2026-07-07 10:05:00-04:00,2026-07-07 10:05:00-04:00,25,101384
FVG-5m-bear-20260707T1015,NQ,bear,5m,phase1-v1.0.0,2026-07-07 10:05:00-04:00,2026-07-07 10:10:00-04:00,2026-07-07 10:15:00-04:00,29474.0,29414.0,29369.0,29307.0,29443.0,29343.0,29369.0,29414.0,29391.5,2026-07-07 10:20:00-04:00,2026-07-07 10:25:00-04:00,2026-07-07 12:00:00-04:00,2026-07-07 12:05:00-04:00,2026-07-07 12:05:00-04:00,2026-07-07 12:05:00-04:00,25,101388
FVG-5m-bull-20260707T1145,NQ,bull,5m,phase1-v1.0.0,2026-07-07 11:35:00-04:00,2026-07-07 11:40:00-04:00,2026-07-07 11:45:00-04:00,29314.25,29257.75,29376.75,29325.25,29258.75,29329.0,29314.25,29325.25,29319.75,2026-07-07 11:50:00-04:00,2026-07-07 15:15:00-04:00,2026-07-07 15:20:00-04:00,2026-07-07 15:15:00-04:00,2026-07-07 15:20:00-04:00,2026-07-07 15:20:00-04:00,25,101406
FVG-5m-bull-20260707T1205,NQ,bull,5m,phase1-v1.0.0,2026-07-07 11:55:00-04:00,2026-07-07 12:00:00-04:00,2026-07-07 12:05:00-04:00,29389.25,29347.0,29452.0,29398.0,29388.0,29420.5,29389.25,29398.0,29393.625,2026-07-07 12:10:00-04:00,2026-07-07 15:00:00-04:00,2026-07-07 15:00:00-04:00,2026-07-07 15:00:00-04:00,2026-07-07 15:00:00-04:00,2026-07-07 15:00:00-04:00,25,101410
FVG-5m-bull-20260707T1225,NQ,bull,5m,phase1-v1.0.0,2026-07-07 12:15:00-04:00,2026-07-07 12:20:00-04:00,2026-07-07 12:25:00-04:00,29474.75,29450.5,29547.0,29501.5,29468.5,29506.0,29474.75,29501.5,29488.125,2026-07-07 12:30:00-04:00,2026-07-07 12:40:00-04:00,2026-07-07 14:45:00-04:00,2026-07-07 12:40:00-04:00,2026-07-07 14:45:00-04:00,2026-07-07 14:45:00-04:00,25,101414
FVG-5m-bull-20260707T1250,NQ,bull,5m,phase1-v1.0.0,2026-07-07 12:40:00-04:00,2026-07-07 12:45:00-04:00,2026-07-07 12:50:00-04:00,29528.75,29491.75,29557.75,29529.0,29527.25,29540.0,29528.75,29529.0,29528.875,2026-07-07 12:55:00-04:00,2026-07-07 13:00:00-04:00,,2026-07-07 13:00:00-04:00,2026-07-07 13:00:00-04:00,2026-07-07 13:00:00-04:00,25,101419
FVG-5m-bear-20260707T1315,NQ,bear,5m,phase1-v1.0.0,2026-07-07 13:05:00-04:00,2026-07-07 13:10:00-04:00,2026-07-07 13:15:00-04:00,29580.75,29547.0,29536.75,29510.0,29573.0,29534.5,29536.75,29547.0,29541.875,2026-07-07 13:20:00-04:00,2026-07-07 13:25:00-04:00,2026-07-07 13:25:00-04:00,2026-07-07 13:25:00-04:00,2026-07-07 13:25:00-04:00,2026-07-07 13:25:00-04:00,25,101424
FVG-5m-bear-20260707T1430,NQ,bear,5m,phase1-v1.0.0,2026-07-07 14:20:00-04:00,2026-07-07 14:25:00-04:00,2026-07-07 14:30:00-04:00,29561.0,29532.5,29531.5,29495.75,29549.5,29517.0,29531.5,29532.5,29532.0,2026-07-07 14:35:00-04:00,2026-07-07 20:50:00-04:00,,2026-07-07 20:50:00-04:00,2026-07-07 20:50:00-04:00,2026-07-07 20:50:00-04:00,25,101439
FVG-5m-bear-20260707T1445,NQ,bear,5m,phase1-v1.0.0,2026-07-07 14:35:00-04:00,2026-07-07 14:40:00-04:00,2026-07-07 14:45:00-04:00,29518.5,29489.0,29485.0,29418.75,29505.25,29472.75,29485.0,29489.0,29487.0,2026-07-07 14:50:00-04:00,2026-07-07 20:45:00-04:00,2026-07-07 20:45:00-04:00,2026-07-07 20:45:00-04:00,2026-07-07 20:45:00-04:00,2026-07-07 20:45:00-04:00,25,101442
FVG-5m-bear-20260707T1510,NQ,bear,5m,phase1-v1.0.0,2026-07-07 15:00:00-04:00,2026-07-07 15:05:00-04:00,2026-07-07 15:10:00-04:00,29402.75,29353.25,29349.0,29318.5,29375.75,29337.75,29349.0,29353.25,29351.125,2026-07-07 15:15:00-04:00,2026-07-07 15:35:00-04:00,2026-07-07 15:35:00-04:00,2026-07-07 15:35:00-04:00,2026-07-07 15:35:00-04:00,2026-07-07 15:35:00-04:00,25,101447
FVG-5m-bull-20260707T1555,NQ,bull,5m,phase1-v1.0.0,2026-07-07 15:45:00-04:00,2026-07-07 15:50:00-04:00,2026-07-07 15:55:00-04:00,29341.75,29306.5,29400.0,29361.75,29338.0,29369.0,29341.75,29361.75,29351.75,2026-07-07 16:00:00-04:00,2026-07-07 18:05:00-04:00,2026-07-07 18:05:00-04:00,2026-07-07 18:05:00-04:00,2026-07-07 18:05:00-04:00,2026-07-07 18:05:00-04:00,25,101456
FVG-5m-bull-20260707T1600,NQ,bull,5m,phase1-v1.0.0,2026-07-07 15:50:00-04:00,2026-07-07 15:55:00-04:00,2026-07-07 16:00:00-04:00,29370.25,29318.5,29420.25,29387.75,29369.75,29394.5,29370.25,29387.75,29379.0,2026-07-07 16:05:00-04:00,2026-07-07 18:05:00-04:00,2026-07-07 18:05:00-04:00,,2026-07-07 18:05:00-04:00,2026-07-07 18:05:00-04:00,25,101457
FVG-5m-bull-20260707T1605,NQ,bull,5m,phase1-v1.0.0,2026-07-07 15:55:00-04:00,2026-07-07 16:00:00-04:00,2026-07-07 16:05:00-04:00,29400.0,29361.75,29437.25,29411.0,29395.0,29419.5,29400.0,29411.0,29405.5,2026-07-07 16:10:00-04:00,2026-07-07 16:20:00-04:00,2026-07-07 16:20:00-04:00,2026-07-07 16:20:00-04:00,2026-07-07 16:20:00-04:00,2026-07-07 16:20:00-04:00,25,101458
FVG-5m-bull-20260707T1835,NQ,bull,5m,phase1-v1.0.0,2026-07-07 18:25:00-04:00,2026-07-07 18:30:00-04:00,2026-07-07 18:35:00-04:00,29374.5,29364.5,29393.75,29385.0,29374.0,29388.0,29374.5,29385.0,29379.75,2026-07-07 18:40:00-04:00,2026-07-07 18:45:00-04:00,2026-07-07 18:45:00-04:00,2026-07-07 18:45:00-04:00,2026-07-07 18:50:00-04:00,2026-07-07 18:50:00-04:00,25,101476
FVG-5m-bull-20260707T1920,NQ,bull,5m,phase1-v1.0.0,2026-07-07 19:10:00-04:00,2026-07-07 19:15:00-04:00,2026-07-07 19:20:00-04:00,29379.75,29356.0,29405.5,29389.5,29376.75,29404.25,29379.75,29389.5,29384.625,2026-07-07 19:25:00-04:00,2026-07-07 19:35:00-04:00,2026-07-07 19:35:00-04:00,2026-07-07 19:35:00-04:00,2026-07-07 19:40:00-04:00,2026-07-07 19:40:00-04:00,25,101485
FVG-5m-bear-20260707T1940,NQ,bear,5m,phase1-v1.0.0,2026-07-07 19:30:00-04:00,2026-07-07 19:35:00-04:00,2026-07-07 19:40:00-04:00,29407.0,29381.0,29357.5,29339.0,29383.25,29356.25,29357.5,29381.0,29369.25,2026-07-07 19:45:00-04:00,2026-07-07 19:50:00-04:00,2026-07-07 20:10:00-04:00,2026-07-07 20:10:00-04:00,2026-07-07 20:10:00-04:00,2026-07-07 20:10:00-04:00,25,101489
FVG-5m-bear-20260707T1955,NQ,bear,5m,phase1-v1.0.0,2026-07-07 19:45:00-04:00,2026-07-07 19:50:00-04:00,2026-07-07 19:55:00-04:00,29359.75,29325.25,29322.75,29292.5,29338.0,29320.5,29322.75,29325.25,29324.0,2026-07-07 20:00:00-04:00,2026-07-07 20:05:00-04:00,2026-07-07 20:05:00-04:00,2026-07-07 20:05:00-04:00,2026-07-07 20:05:00-04:00,2026-07-07 20:05:00-04:00,25,101492
FVG-5m-bull-20260707T2005,NQ,bull,5m,phase1-v1.0.0,2026-07-07 19:55:00-04:00,2026-07-07 20:00:00-04:00,2026-07-07 20:05:00-04:00,29322.75,29292.5,29410.5,29332.5,29300.0,29337.0,29322.75,29332.5,29327.625,2026-07-07 20:10:00-04:00,2026-07-08 01:50:00-04:00,2026-07-08 01:50:00-04:00,2026-07-08 01:50:00-04:00,2026-07-08 01:50:00-04:00,2026-07-08 01:50:00-04:00,25,101494
FVG-5m-bull-20260707T2010,NQ,bull,5m,phase1-v1.0.0,2026-07-07 20:00:00-04:00,2026-07-07 20:05:00-04:00,2026-07-07 20:10:00-04:00,29337.0,29266.0,29426.5,29375.25,29334.25,29400.25,29337.0,29375.25,29356.125,2026-07-07 20:15:00-04:00,2026-07-08 01:35:00-04:00,2026-07-08 01:35:00-04:00,2026-07-08 01:35:00-04:00,2026-07-08 01:50:00-04:00,2026-07-08 01:50:00-04:00,25,101495
FVG-5m-bull-20260707T2040,NQ,bull,5m,phase1-v1.0.0,2026-07-07 20:30:00-04:00,2026-07-07 20:35:00-04:00,2026-07-07 20:40:00-04:00,29455.0,29416.0,29515.75,29475.75,29425.0,29478.5,29455.0,29475.75,29465.375,2026-07-07 20:45:00-04:00,2026-07-07 21:35:00-04:00,2026-07-07 21:35:00-04:00,2026-07-07 21:35:00-04:00,2026-07-07 21:35:00-04:00,2026-07-07 21:35:00-04:00,25,101501
FVG-5m-bull-20260707T2045,NQ,bull,5m,phase1-v1.0.0,2026-07-07 20:35:00-04:00,2026-07-07 20:40:00-04:00,2026-07-07 20:45:00-04:00,29480.0,29407.25,29538.5,29512.0,29477.25,29515.25,29480.0,29512.0,29496.0,2026-07-07 20:50:00-04:00,2026-07-07 21:10:00-04:00,2026-07-07 21:10:00-04:00,2026-07-07 21:10:00-04:00,2026-07-07 21:35:00-04:00,2026-07-07 21:35:00-04:00,25,101502
FVG-5m-bear-20260707T2125,NQ,bear,5m,phase1-v1.0.0,2026-07-07 21:15:00-04:00,2026-07-07 21:20:00-04:00,2026-07-07 21:25:00-04:00,29554.75,29519.75,29513.0,29481.5,29531.5,29504.25,29513.0,29519.75,29516.375,2026-07-07 21:30:00-04:00,2026-07-07 23:30:00-04:00,2026-07-07 23:30:00-04:00,2026-07-07 23:30:00-04:00,2026-07-07 23:30:00-04:00,2026-07-07 23:30:00-04:00,25,101510
FVG-5m-bear-20260707T2130,NQ,bear,5m,phase1-v1.0.0,2026-07-07 21:20:00-04:00,2026-07-07 21:25:00-04:00,2026-07-07 21:30:00-04:00,29533.0,29498.5,29495.25,29452.25,29505.0,29485.25,29495.25,29498.5,29496.875,2026-07-07 21:35:00-04:00,2026-07-07 23:15:00-04:00,2026-07-07 23:25:00-04:00,2026-07-07 23:20:00-04:00,2026-07-07 23:25:00-04:00,2026-07-07 23:25:00-04:00,25,101511
FVG-5m-bear-20260707T2135,NQ,bear,5m,phase1-v1.0.0,2026-07-07 21:25:00-04:00,2026-07-07 21:30:00-04:00,2026-07-07 21:35:00-04:00,29513.0,29481.5,29471.0,29427.0,29489.0,29467.0,29471.0,29481.5,29476.25,2026-07-07 21:40:00-04:00,2026-07-07 21:45:00-04:00,,2026-07-07 21:50:00-04:00,2026-07-07 21:50:00-04:00,2026-07-07 21:50:00-04:00,25,101512
FVG-5m-bear-20260707T2155,NQ,bear,5m,phase1-v1.0.0,2026-07-07 21:45:00-04:00,2026-07-07 21:50:00-04:00,2026-07-07 21:55:00-04:00,29485.25,29458.0,29449.0,29427.5,29471.25,29434.5,29449.0,29458.0,29453.5,2026-07-07 22:00:00-04:00,2026-07-07 22:30:00-04:00,,2026-07-07 22:30:00-04:00,2026-07-07 22:30:00-04:00,2026-07-07 22:30:00-04:00,25,101516
FVG-5m-bear-20260707T2205,NQ,bear,5m,phase1-v1.0.0,2026-07-07 21:55:00-04:00,2026-07-07 22:00:00-04:00,2026-07-07 22:05:00-04:00,29449.0,29427.5,29416.75,29389.25,29437.75,29409.75,29416.75,29427.5,29422.125,2026-07-07 22:10:00-04:00,2026-07-07 22:15:00-04:00,2026-07-07 22:20:00-04:00,2026-07-07 22:20:00-04:00,2026-07-07 22:20:00-04:00,2026-07-07 22:20:00-04:00,25,101518
FVG-5m-bull-20260707T2245,NQ,bull,5m,phase1-v1.0.0,2026-07-07 22:35:00-04:00,2026-07-07 22:40:00-04:00,2026-07-07 22:45:00-04:00,29420.0,29400.0,29475.0,29454.0,29419.25,29456.25,29420.0,29454.0,29437.0,2026-07-07 22:50:00-04:00,2026-07-07 22:55:00-04:00,2026-07-08 00:15:00-04:00,2026-07-08 00:15:00-04:00,2026-07-08 00:35:00-04:00,2026-07-08 00:35:00-04:00,25,101526
FVG-5m-bull-20260707T2325,NQ,bull,5m,phase1-v1.0.0,2026-07-07 23:15:00-04:00,2026-07-07 23:20:00-04:00,2026-07-07 23:25:00-04:00,29497.5,29476.75,29519.75,29500.5,29480.0,29500.5,29497.5,29500.5,29499.0,2026-07-07 23:30:00-04:00,2026-07-07 23:40:00-04:00,2026-07-07 23:45:00-04:00,2026-07-07 23:40:00-04:00,2026-07-07 23:45:00-04:00,2026-07-07 23:45:00-04:00,25,101534
FVG-5m-bear-20260707T2345,NQ,bear,5m,phase1-v1.0.0,2026-07-07 23:35:00-04:00,2026-07-07 23:40:00-04:00,2026-07-07 23:45:00-04:00,29517.5,29497.75,29493.25,29474.5,29506.0,29487.5,29493.25,29497.75,29495.5,2026-07-07 23:50:00-04:00,2026-07-08 16:00:00-04:00,,2026-07-08 16:00:00-04:00,2026-07-08 16:00:00-04:00,2026-07-08 16:00:00-04:00,25,101538
FVG-5m-bear-20260707T2355,NQ,bear,5m,phase1-v1.0.0,2026-07-07 23:45:00-04:00,2026-07-07 23:50:00-04:00,2026-07-07 23:55:00-04:00,29493.25,29474.5,29473.75,29465.0,29483.0,29472.75,29473.75,29474.5,29474.125,2026-07-08 00:00:00-04:00,2026-07-08 16:00:00-04:00,,2026-07-08 16:00:00-04:00,2026-07-08 16:00:00-04:00,2026-07-08 16:00:00-04:00,25,101540
FVG-5m-bear-20260708T0015,NQ,bear,5m,phase1-v1.0.0,2026-07-08 00:05:00-04:00,2026-07-08 00:10:00-04:00,2026-07-08 00:15:00-04:00,29470.0,29450.0,29448.0,29431.0,29464.5,29442.75,29448.0,29450.0,29449.0,2026-07-08 00:20:00-04:00,2026-07-08 00:25:00-04:00,2026-07-08 00:25:00-04:00,2026-07-08 00:25:00-04:00,2026-07-08 00:25:00-04:00,2026-07-08 00:25:00-04:00,25,101544
FVG-5m-bear-20260708T0035,NQ,bear,5m,phase1-v1.0.0,2026-07-08 00:25:00-04:00,2026-07-08 00:30:00-04:00,2026-07-08 00:35:00-04:00,29461.25,29438.75,29419.75,29391.25,29442.75,29412.0,29419.75,29438.75,29429.25,2026-07-08 00:40:00-04:00,2026-07-08 00:50:00-04:00,2026-07-08 01:10:00-04:00,2026-07-08 01:05:00-04:00,2026-07-08 01:10:00-04:00,2026-07-08 01:10:00-04:00,25,101548
FVG-5m-bear-20260708T0130,NQ,bear,5m,phase1-v1.0.0,2026-07-08 01:20:00-04:00,2026-07-08 01:25:00-04:00,2026-07-08 01:30:00-04:00,29424.75,29388.0,29385.75,29349.5,29388.5,29384.5,29385.75,29388.0,29386.875,2026-07-08 01:35:00-04:00,2026-07-08 03:35:00-04:00,2026-07-08 03:35:00-04:00,2026-07-08 03:35:00-04:00,2026-07-08 03:35:00-04:00,2026-07-08 03:35:00-04:00,25,101559
FVG-5m-bear-20260708T0145,NQ,bear,5m,phase1-v1.0.0,2026-07-08 01:35:00-04:00,2026-07-08 01:40:00-04:00,2026-07-08 01:45:00-04:00,29380.75,29354.0,29353.0,29314.25,29355.25,29353.0,29353.0,29354.0,29353.5,2026-07-08 01:50:00-04:00,2026-07-08 02:00:00-04:00,,2026-07-08 02:00:00-04:00,2026-07-08 02:00:00-04:00,2026-07-08 02:00:00-04:00,25,101562
FVG-5m-bear-20260708T0150,NQ,bear,5m,phase1-v1.0.0,2026-07-08 01:40:00-04:00,2026-07-08 01:45:00-04:00,2026-07-08 01:50:00-04:00,29377.75,29345.75,29339.0,29311.75,29351.75,29315.75,29339.0,29345.75,29342.375,2026-07-08 01:55:00-04:00,2026-07-08 02:00:00-04:00,2026-07-08 02:00:00-04:00,2026-07-08 02:00:00-04:00,2026-07-08 02:00:00-04:00,2026-07-08 02:00:00-04:00,25,101563
FVG-5m-bear-20260708T0235,NQ,bear,5m,phase1-v1.0.0,2026-07-08 02:25:00-04:00,2026-07-08 02:30:00-04:00,2026-07-08 02:35:00-04:00,29358.75,29320.25,29309.5,29294.75,29320.25,29304.5,29309.5,29320.25,29314.875,2026-07-08 02:40:00-04:00,2026-07-08 02:45:00-04:00,2026-07-08 02:50:00-04:00,2026-07-08 02:50:00-04:00,2026-07-08 02:55:00-04:00,2026-07-08 02:55:00-04:00,25,101572
FVG-5m-bear-20260708T0305,NQ,bear,5m,phase1-v1.0.0,2026-07-08 02:55:00-04:00,2026-07-08 03:00:00-04:00,2026-07-08 03:05:00-04:00,29341.0,29320.25,29310.25,29281.75,29328.25,29304.75,29310.25,29320.25,29315.25,2026-07-08 03:10:00-04:00,2026-07-08 03:15:00-04:00,,2026-07-08 03:15:00-04:00,2026-07-08 03:15:00-04:00,2026-07-08 03:15:00-04:00,25,101578
FVG-5m-bull-20260708T0325,NQ,bull,5m,phase1-v1.0.0,2026-07-08 03:15:00-04:00,2026-07-08 03:20:00-04:00,2026-07-08 03:25:00-04:00,29315.0,29281.0,29355.0,29334.5,29303.25,29340.5,29315.0,29334.5,29324.75,2026-07-08 03:30:00-04:00,2026-07-08 04:20:00-04:00,2026-07-08 04:20:00-04:00,2026-07-08 04:20:00-04:00,2026-07-08 04:20:00-04:00,2026-07-08 04:20:00-04:00,25,101582
FVG-5m-bull-20260708T0330,NQ,bull,5m,phase1-v1.0.0,2026-07-08 03:20:00-04:00,2026-07-08 03:25:00-04:00,2026-07-08 03:30:00-04:00,29342.5,29295.75,29400.0,29346.25,29342.0,29353.0,29342.5,29346.25,29344.375,2026-07-08 03:35:00-04:00,2026-07-08 04:10:00-04:00,,2026-07-08 04:10:00-04:00,2026-07-08 04:10:00-04:00,2026-07-08 04:10:00-04:00,25,101583
FVG-5m-bull-20260708T0335,NQ,bull,5m,phase1-v1.0.0,2026-07-08 03:25:00-04:00,2026-07-08 03:30:00-04:00,2026-07-08 03:35:00-04:00,29355.0,29334.5,29409.5,29358.75,29351.0,29399.25,29355.0,29358.75,29356.875,2026-07-08 03:40:00-04:00,2026-07-08 04:05:00-04:00,2026-07-08 04:05:00-04:00,2026-07-08 04:05:00-04:00,2026-07-08 04:05:00-04:00,2026-07-08 04:05:00-04:00,25,101584
FVG-5m-bear-20260708T0420,NQ,bear,5m,phase1-v1.0.0,2026-07-08 04:10:00-04:00,2026-07-08 04:15:00-04:00,2026-07-08 04:20:00-04:00,29413.0,29368.0,29290.0,29119.75,29409.25,29262.25,29290.0,29368.0,29329.0,2026-07-08 04:25:00-04:00,2026-07-08 09:35:00-04:00,2026-07-08 09:35:00-04:00,2026-07-08 09:40:00-04:00,2026-07-08 09:45:00-04:00,2026-07-08 09:45:00-04:00,25,101593
FVG-5m-bear-20260708T0425,NQ,bear,5m,phase1-v1.0.0,2026-07-08 04:15:00-04:00,2026-07-08 04:20:00-04:00,2026-07-08 04:25:00-04:00,29414.75,29252.5,29136.0,29063.5,29261.75,29129.5,29136.0,29252.5,29194.25,2026-07-08 04:30:00-04:00,2026-07-08 08:10:00-04:00,2026-07-08 08:10:00-04:00,2026-07-08 08:55:00-04:00,2026-07-08 09:35:00-04:00,2026-07-08 09:35:00-04:00,25,101594
FVG-5m-bear-20260708T0430,NQ,bear,5m,phase1-v1.0.0,2026-07-08 04:20:00-04:00,2026-07-08 04:25:00-04:00,2026-07-08 04:30:00-04:00,29290.0,29119.75,29103.5,29035.0,29125.5,29079.75,29103.5,29119.75,29111.625,2026-07-08 04:35:00-04:00,2026-07-08 07:45:00-04:00,,2026-07-08 07:45:00-04:00,2026-07-08 07:45:00-04:00,2026-07-08 07:45:00-04:00,25,101595
FVG-5m-bear-20260708T0440,NQ,bear,5m,phase1-v1.0.0,2026-07-08 04:30:00-04:00,2026-07-08 04:35:00-04:00,2026-07-08 04:40:00-04:00,29103.5,29035.0,29029.5,28957.25,29090.75,28980.25,29029.5,29035.0,29032.25,2026-07-08 04:45:00-04:00,2026-07-08 04:50:00-04:00,2026-07-08 04:50:00-04:00,2026-07-08 04:50:00-04:00,2026-07-08 04:50:00-04:00,2026-07-08 04:50:00-04:00,25,101597
FVG-5m-bear-20260708T0505,NQ,bear,5m,phase1-v1.0.0,2026-07-08 04:55:00-04:00,2026-07-08 05:00:00-04:00,2026-07-08 05:05:00-04:00,29099.0,29002.0,28997.5,28931.0,29010.75,28996.0,28997.5,29002.0,28999.75,2026-07-08 05:10:00-04:00,2026-07-08 05:40:00-04:00,,2026-07-08 05:40:00-04:00,2026-07-08 05:40:00-04:00,2026-07-08 05:40:00-04:00,25,101602
FVG-5m-bear-20260708T0510,NQ,bear,5m,phase1-v1.0.0,2026-07-08 05:00:00-04:00,2026-07-08 05:05:00-04:00,2026-07-08 05:10:00-04:00,29034.0,28981.0,28975.5,28912.75,28997.5,28947.5,28975.5,28981.0,28978.25,2026-07-08 05:15:00-04:00,2026-07-08 05:35:00-04:00,2026-07-08 05:35:00-04:00,2026-07-08 05:35:00-04:00,2026-07-08 05:35:00-04:00,2026-07-08 05:35:00-04:00,25,101603
FVG-5m-bull-20260708T0635,NQ,bull,5m,phase1-v1.0.0,2026-07-08 06:25:00-04:00,2026-07-08 06:30:00-04:00,2026-07-08 06:35:00-04:00,29021.75,28985.5,29055.0,29028.0,29018.0,29030.75,29021.75,29028.0,29024.875,2026-07-08 06:40:00-04:00,2026-07-08 07:00:00-04:00,2026-07-08 07:00:00-04:00,2026-07-08 07:00:00-04:00,2026-07-08 07:00:00-04:00,2026-07-08 07:00:00-04:00,25,101620
FVG-5m-bear-20260708T0700,NQ,bear,5m,phase1-v1.0.0,2026-07-08 06:50:00-04:00,2026-07-08 06:55:00-04:00,2026-07-08 07:00:00-04:00,29052.75,29036.5,29028.5,28986.5,29042.25,29018.75,29028.5,29036.5,29032.5,2026-07-08 07:05:00-04:00,2026-07-08 07:40:00-04:00,2026-07-08 07:45:00-04:00,2026-07-08 07:40:00-04:00,2026-07-08 07:45:00-04:00,2026-07-08 07:45:00-04:00,25,101625
FVG-5m-bull-20260708T0735,NQ,bull,5m,phase1-v1.0.0,2026-07-08 07:25:00-04:00,2026-07-08 07:30:00-04:00,2026-07-08 07:35:00-04:00,29000.0,28977.5,29033.0,29001.5,28984.75,29016.0,29000.0,29001.5,29000.75,2026-07-08 07:40:00-04:00,2026-07-08 07:45:00-04:00,,2026-07-08 07:45:00-04:00,2026-07-08 07:45:00-04:00,2026-07-08 07:45:00-04:00,25,101632
FVG-5m-bull-20260708T0745,NQ,bull,5m,phase1-v1.0.0,2026-07-08 07:35:00-04:00,2026-07-08 07:40:00-04:00,2026-07-08 07:45:00-04:00,29033.0,29001.5,29106.0,29063.5,29004.5,29085.25,29033.0,29063.5,29048.25,2026-07-08 07:50:00-04:00,2026-07-08 07:55:00-04:00,2026-07-08 11:25:00-04:00,2026-07-08 11:30:00-04:00,,,25,101634
FVG-5m-bull-20260708T0810,NQ,bull,5m,phase1-v1.0.0,2026-07-08 08:00:00-04:00,2026-07-08 08:05:00-04:00,2026-07-08 08:10:00-04:00,29111.25,29054.25,29184.25,29146.0,29111.0,29174.25,29111.25,29146.0,29128.625,2026-07-08 08:15:00-04:00,2026-07-08 08:20:00-04:00,2026-07-08 08:25:00-04:00,2026-07-08 08:25:00-04:00,2026-07-08 11:20:00-04:00,2026-07-08 11:20:00-04:00,25,101639
FVG-5m-bull-20260708T0915,NQ,bull,5m,phase1-v1.0.0,2026-07-08 09:05:00-04:00,2026-07-08 09:10:00-04:00,2026-07-08 09:15:00-04:00,29193.25,29157.5,29226.0,29196.5,29187.75,29212.5,29193.25,29196.5,29194.875,2026-07-08 09:20:00-04:00,2026-07-08 09:25:00-04:00,2026-07-08 09:25:00-04:00,2026-07-08 09:25:00-04:00,2026-07-08 09:25:00-04:00,2026-07-08 09:25:00-04:00,25,101652
FVG-5m-bull-20260708T0935,NQ,bull,5m,phase1-v1.0.0,2026-07-08 09:25:00-04:00,2026-07-08 09:30:00-04:00,2026-07-08 09:35:00-04:00,29230.0,29154.0,29338.0,29254.5,29202.75,29303.5,29230.0,29254.5,29242.25,2026-07-08 09:40:00-04:00,2026-07-08 10:15:00-04:00,2026-07-08 10:40:00-04:00,2026-07-08 10:20:00-04:00,2026-07-08 10:45:00-04:00,2026-07-08 10:45:00-04:00,25,101656
FVG-5m-bear-20260708T1115,NQ,bear,5m,phase1-v1.0.0,2026-07-08 11:05:00-04:00,2026-07-08 11:10:00-04:00,2026-07-08 11:15:00-04:00,29223.25,29178.75,29161.75,29093.0,29194.25,29136.75,29161.75,29178.75,29170.25,2026-07-08 11:20:00-04:00,2026-07-08 12:10:00-04:00,2026-07-08 12:10:00-04:00,2026-07-08 12:10:00-04:00,2026-07-08 12:15:00-04:00,2026-07-08 12:15:00-04:00,25,101676
FVG-5m-bear-20260708T1125,NQ,bear,5m,phase1-v1.0.0,2026-07-08 11:15:00-04:00,2026-07-08 11:20:00-04:00,2026-07-08 11:25:00-04:00,29161.75,29093.0,29074.5,29034.5,29141.25,29062.0,29074.5,29093.0,29083.75,2026-07-08 11:30:00-04:00,2026-07-08 11:35:00-04:00,2026-07-08 11:35:00-04:00,2026-07-08 11:35:00-04:00,2026-07-08 11:35:00-04:00,2026-07-08 11:35:00-04:00,25,101678
FVG-5m-bull-20260708T1135,NQ,bull,5m,phase1-v1.0.0,2026-07-08 11:25:00-04:00,2026-07-08 11:30:00-04:00,2026-07-08 11:35:00-04:00,29074.5,29034.5,29153.0,29084.0,29058.0,29105.5,29074.5,29084.0,29079.25,2026-07-08 11:40:00-04:00,2026-07-08 11:50:00-04:00,2026-07-08 11:55:00-04:00,2026-07-08 11:55:00-04:00,2026-07-08 11:55:00-04:00,2026-07-08 11:55:00-04:00,25,101680
FVG-5m-bear-20260708T1150,NQ,bear,5m,phase1-v1.0.0,2026-07-08 11:40:00-04:00,2026-07-08 11:45:00-04:00,2026-07-08 11:50:00-04:00,29144.75,29102.25,29100.5,29051.25,29113.75,29096.5,29100.5,29102.25,29101.375,2026-07-08 11:55:00-04:00,2026-07-08 12:00:00-04:00,,2026-07-08 12:00:00-04:00,2026-07-08 12:00:00-04:00,2026-07-08 12:00:00-04:00,25,101683
FVG-5m-bull-20260708T1205,NQ,bull,5m,phase1-v1.0.0,2026-07-08 11:55:00-04:00,2026-07-08 12:00:00-04:00,2026-07-08 12:05:00-04:00,29108.75,29061.0,29176.25,29125.75,29097.25,29138.25,29108.75,29125.75,29117.25,2026-07-08 12:10:00-04:00,,,,,,25,101686
FVG-5m-bull-20260708T1210,NQ,bull,5m,phase1-v1.0.0,2026-07-08 12:00:00-04:00,2026-07-08 12:05:00-04:00,2026-07-08 12:10:00-04:00,29143.25,29092.75,29222.25,29168.75,29138.5,29170.0,29143.25,29168.75,29156.0,2026-07-08 12:15:00-04:00,,,,,,25,101687
FVG-5m-bull-20260708T1215,NQ,bull,5m,phase1-v1.0.0,2026-07-08 12:05:00-04:00,2026-07-08 12:10:00-04:00,2026-07-08 12:15:00-04:00,29176.25,29125.75,29242.75,29194.5,29170.25,29214.5,29176.25,29194.5,29185.375,2026-07-08 12:20:00-04:00,,,,,,25,101688
FVG-5m-bull-20260708T1220,NQ,bull,5m,phase1-v1.0.0,2026-07-08 12:10:00-04:00,2026-07-08 12:15:00-04:00,2026-07-08 12:20:00-04:00,29222.25,29168.75,29298.0,29240.0,29216.0,29241.25,29222.25,29240.0,29231.125,2026-07-08 12:25:00-04:00,,,,,,25,101689
FVG-5m-bull-20260708T1225,NQ,bull,5m,phase1-v1.0.0,2026-07-08 12:15:00-04:00,2026-07-08 12:20:00-04:00,2026-07-08 12:25:00-04:00,29242.75,29194.5,29303.25,29254.25,29242.5,29257.75,29242.75,29254.25,29248.5,2026-07-08 12:30:00-04:00,2026-07-08 12:40:00-04:00,,2026-07-08 12:40:00-04:00,,,25,101690
FVG-5m-bull-20260708T1320,NQ,bull,5m,phase1-v1.0.0,2026-07-08 13:10:00-04:00,2026-07-08 13:15:00-04:00,2026-07-08 13:20:00-04:00,29365.0,29335.5,29421.25,29368.25,29336.75,29377.75,29365.0,29368.25,29366.625,2026-07-08 13:25:00-04:00,2026-07-08 13:50:00-04:00,2026-07-08 13:50:00-04:00,2026-07-08 13:50:00-04:00,2026-07-08 13:50:00-04:00,2026-07-08 13:50:00-04:00,25,101701
FVG-5m-bull-20260708T1325,NQ,bull,5m,phase1-v1.0.0,2026-07-08 13:15:00-04:00,2026-07-08 13:20:00-04:00,2026-07-08 13:25:00-04:00,29382.75,29334.75,29445.25,29413.5,29378.0,29420.25,29382.75,29413.5,29398.125,2026-07-08 13:30:00-04:00,2026-07-08 13:45:00-04:00,2026-07-08 13:45:00-04:00,2026-07-08 13:45:00-04:00,2026-07-08 13:45:00-04:00,2026-07-08 13:45:00-04:00,25,101702
FVG-5m-bull-20260708T1330,NQ,bull,5m,phase1-v1.0.0,2026-07-08 13:20:00-04:00,2026-07-08 13:25:00-04:00,2026-07-08 13:30:00-04:00,29421.25,29368.25,29457.75,29433.5,29420.5,29440.25,29421.25,29433.5,29427.375,2026-07-08 13:35:00-04:00,2026-07-08 13:40:00-04:00,2026-07-08 13:40:00-04:00,2026-07-08 13:40:00-04:00,2026-07-08 13:40:00-04:00,2026-07-08 13:40:00-04:00,25,101703
FVG-5m-bear-20260708T1340,NQ,bear,5m,phase1-v1.0.0,2026-07-08 13:30:00-04:00,2026-07-08 13:35:00-04:00,2026-07-08 13:40:00-04:00,29457.75,29433.5,29427.25,29382.5,29436.75,29423.0,29427.25,29433.5,29430.375,2026-07-08 13:45:00-04:00,2026-07-08 14:15:00-04:00,,2026-07-08 15:05:00-04:00,2026-07-08 15:05:00-04:00,2026-07-08 15:05:00-04:00,25,101705
FVG-5m-bear-20260708T1345,NQ,bear,5m,phase1-v1.0.0,2026-07-08 13:35:00-04:00,2026-07-08 13:40:00-04:00,2026-07-08 13:45:00-04:00,29449.0,29421.25,29388.75,29346.75,29423.75,29388.5,29388.75,29421.25,29405.0,2026-07-08 13:50:00-04:00,2026-07-08 13:55:00-04:00,2026-07-08 14:05:00-04:00,2026-07-08 14:05:00-04:00,2026-07-08 14:05:00-04:00,2026-07-08 14:05:00-04:00,25,101706
FVG-5m-bull-20260708T1405,NQ,bull,5m,phase1-v1.0.0,2026-07-08 13:55:00-04:00,2026-07-08 14:00:00-04:00,2026-07-08 14:05:00-04:00,29356.0,29324.25,29414.25,29375.75,29352.25,29403.75,29356.0,29375.75,29365.875,2026-07-08 14:10:00-04:00,2026-07-08 14:30:00-04:00,2026-07-08 14:30:00-04:00,2026-07-08 14:35:00-04:00,2026-07-08 14:35:00-04:00,2026-07-08 14:35:00-04:00,25,101710
FVG-5m-bear-20260708T1430,NQ,bear,5m,phase1-v1.0.0,2026-07-08 14:20:00-04:00,2026-07-08 14:25:00-04:00,2026-07-08 14:30:00-04:00,29411.25,29381.25,29380.5,29347.5,29384.75,29372.75,29380.5,29381.25,29380.875,2026-07-08 14:35:00-04:00,2026-07-08 14:40:00-04:00,2026-07-08 14:40:00-04:00,2026-07-08 14:40:00-04:00,2026-07-08 14:40:00-04:00,2026-07-08 14:40:00-04:00,25,101715
FVG-5m-bull-20260708T1525,NQ,bull,5m,phase1-v1.0.0,2026-07-08 15:15:00-04:00,2026-07-08 15:20:00-04:00,2026-07-08 15:25:00-04:00,29402.25,29380.0,29438.75,29404.5,29391.25,29407.0,29402.25,29404.5,29403.375,2026-07-08 15:30:00-04:00,2026-07-08 15:35:00-04:00,2026-07-08 15:35:00-04:00,2026-07-08 15:35:00-04:00,2026-07-08 15:35:00-04:00,2026-07-08 15:35:00-04:00,25,101726
FVG-5m-bull-20260708T1555,NQ,bull,5m,phase1-v1.0.0,2026-07-08 15:45:00-04:00,2026-07-08 15:50:00-04:00,2026-07-08 15:55:00-04:00,29424.0,29381.0,29500.0,29450.5,29403.5,29460.5,29424.0,29450.5,29437.25,2026-07-08 16:00:00-04:00,2026-07-08 16:05:00-04:00,2026-07-08 16:05:00-04:00,2026-07-08 16:05:00-04:00,2026-07-08 16:15:00-04:00,2026-07-08 16:15:00-04:00,25,101732
FVG-5m-bear-20260708T1605,NQ,bear,5m,phase1-v1.0.0,2026-07-08 15:55:00-04:00,2026-07-08 16:00:00-04:00,2026-07-08 16:05:00-04:00,29500.0,29450.5,29449.25,29427.5,29457.0,29439.25,29449.25,29450.5,29449.875,2026-07-08 16:10:00-04:00,2026-07-08 19:10:00-04:00,,2026-07-08 19:10:00-04:00,2026-07-08 19:10:00-04:00,2026-07-08 19:10:00-04:00,25,101734
FVG-5m-bear-20260708T1615,NQ,bear,5m,phase1-v1.0.0,2026-07-08 16:05:00-04:00,2026-07-08 16:10:00-04:00,2026-07-08 16:15:00-04:00,29449.25,29427.5,29425.0,29386.5,29437.75,29424.0,29425.0,29427.5,29426.25,2026-07-08 16:20:00-04:00,2026-07-08 18:05:00-04:00,2026-07-08 18:05:00-04:00,2026-07-08 18:05:00-04:00,2026-07-08 18:05:00-04:00,2026-07-08 18:05:00-04:00,25,101736
FVG-5m-bear-20260708T1620,NQ,bear,5m,phase1-v1.0.0,2026-07-08 16:10:00-04:00,2026-07-08 16:15:00-04:00,2026-07-08 16:20:00-04:00,29437.75,29403.75,29401.75,29387.25,29424.75,29395.5,29401.75,29403.75,29402.75,2026-07-08 16:25:00-04:00,2026-07-08 16:55:00-04:00,,2026-07-08 16:55:00-04:00,2026-07-08 17:00:00-04:00,2026-07-08 17:00:00-04:00,25,101737
FVG-5m-bear-20260708T1635,NQ,bear,5m,phase1-v1.0.0,2026-07-08 16:25:00-04:00,2026-07-08 16:30:00-04:00,2026-07-08 16:35:00-04:00,29399.75,29389.75,29379.75,29353.25,29394.75,29377.0,29379.75,29389.75,29384.75,2026-07-08 16:40:00-04:00,2026-07-08 16:45:00-04:00,2026-07-08 16:45:00-04:00,2026-07-08 16:45:00-04:00,2026-07-08 16:45:00-04:00,2026-07-08 16:45:00-04:00,25,101740
FVG-5m-bull-20260708T1645,NQ,bull,5m,phase1-v1.0.0,2026-07-08 16:35:00-04:00,2026-07-08 16:40:00-04:00,2026-07-08 16:45:00-04:00,29379.75,29353.25,29394.75,29380.0,29377.75,29386.25,29379.75,29380.0,29379.875,2026-07-08 16:50:00-04:00,2026-07-08 17:00:00-04:00,,2026-07-08 17:00:00-04:00,2026-07-08 17:00:00-04:00,2026-07-08 17:00:00-04:00,25,101742
FVG-5m-bull-20260708T1910,NQ,bull,5m,phase1-v1.0.0,2026-07-08 19:00:00-04:00,2026-07-08 19:05:00-04:00,2026-07-08 19:10:00-04:00,29436.0,29422.25,29455.0,29440.75,29432.0,29449.0,29436.0,29440.75,29438.375,2026-07-08 19:15:00-04:00,2026-07-08 19:20:00-04:00,2026-07-08 19:20:00-04:00,2026-07-08 19:20:00-04:00,2026-07-08 19:20:00-04:00,2026-07-08 19:20:00-04:00,25,101759
FVG-5m-bear-20260708T1920,NQ,bear,5m,phase1-v1.0.0,2026-07-08 19:10:00-04:00,2026-07-08 19:15:00-04:00,2026-07-08 19:20:00-04:00,29455.0,29440.75,29419.5,29395.0,29444.25,29408.75,29419.5,29440.75,29430.125,2026-07-08 19:25:00-04:00,2026-07-08 19:30:00-04:00,2026-07-08 19:30:00-04:00,2026-07-08 19:35:00-04:00,2026-07-08 19:35:00-04:00,2026-07-08 19:35:00-04:00,25,101761
FVG-5m-bull-20260708T1935,NQ,bull,5m,phase1-v1.0.0,2026-07-08 19:25:00-04:00,2026-07-08 19:30:00-04:00,2026-07-08 19:35:00-04:00,29426.0,29397.75,29487.0,29430.25,29421.0,29437.25,29426.0,29430.25,29428.125,2026-07-08 19:40:00-04:00,2026-07-08 22:05:00-04:00,,2026-07-08 22:05:00-04:00,2026-07-08 22:05:00-04:00,2026-07-08 22:05:00-04:00,25,101764
FVG-5m-bull-20260708T2005,NQ,bull,5m,phase1-v1.0.0,2026-07-08 19:55:00-04:00,2026-07-08 20:00:00-04:00,2026-07-08 20:05:00-04:00,29503.25,29482.5,29552.0,29516.25,29491.0,29527.0,29503.25,29516.25,29509.75,2026-07-08 20:10:00-04:00,2026-07-08 20:45:00-04:00,2026-07-08 20:50:00-04:00,2026-07-08 20:55:00-04:00,2026-07-08 20:55:00-04:00,2026-07-08 20:55:00-04:00,25,101770
FVG-5m-bear-20260708T2200,NQ,bear,5m,phase1-v1.0.0,2026-07-08 21:50:00-04:00,2026-07-08 21:55:00-04:00,2026-07-08 22:00:00-04:00,29531.0,29475.5,29466.0,29426.0,29476.0,29449.0,29466.0,29475.5,29470.75,2026-07-08 22:05:00-04:00,2026-07-08 22:10:00-04:00,2026-07-08 22:10:00-04:00,2026-07-08 22:10:00-04:00,2026-07-08 22:10:00-04:00,2026-07-08 22:10:00-04:00,25,101793
FVG-5m-bull-20260708T2210,NQ,bull,5m,phase1-v1.0.0,2026-07-08 22:00:00-04:00,2026-07-08 22:05:00-04:00,2026-07-08 22:10:00-04:00,29466.0,29426.0,29529.5,29501.75,29461.0,29505.25,29466.0,29501.75,29483.875,2026-07-08 22:15:00-04:00,2026-07-08 22:40:00-04:00,2026-07-08 22:40:00-04:00,2026-07-08 22:40:00-04:00,2026-07-08 22:45:00-04:00,2026-07-08 22:45:00-04:00,25,101795
FVG-5m-bull-20260708T2215,NQ,bull,5m,phase1-v1.0.0,2026-07-08 22:05:00-04:00,2026-07-08 22:10:00-04:00,2026-07-08 22:15:00-04:00,29512.25,29455.0,29552.25,29517.25,29504.0,29527.5,29512.25,29517.25,29514.75,2026-07-08 22:20:00-04:00,2026-07-08 22:35:00-04:00,2026-07-08 22:35:00-04:00,2026-07-08 22:35:00-04:00,2026-07-08 22:35:00-04:00,2026-07-08 22:35:00-04:00,25,101796
FVG-5m-bull-20260708T2220,NQ,bull,5m,phase1-v1.0.0,2026-07-08 22:10:00-04:00,2026-07-08 22:15:00-04:00,2026-07-08 22:20:00-04:00,29529.5,29501.75,29579.0,29530.0,29525.75,29550.0,29529.5,29530.0,29529.75,2026-07-08 22:25:00-04:00,2026-07-08 22:30:00-04:00,,2026-07-08 22:30:00-04:00,2026-07-08 22:30:00-04:00,2026-07-08 22:30:00-04:00,25,101797
FVG-5m-bear-20260708T2235,NQ,bear,5m,phase1-v1.0.0,2026-07-08 22:25:00-04:00,2026-07-08 22:30:00-04:00,2026-07-08 22:35:00-04:00,29548.0,29520.5,29515.5,29480.0,29534.0,29510.75,29515.5,29520.5,29518.0,2026-07-08 22:40:00-04:00,2026-07-08 23:50:00-04:00,2026-07-09 00:35:00-04:00,2026-07-09 00:00:00-04:00,2026-07-09 00:35:00-04:00,2026-07-09 00:35:00-04:00,25,101800
FVG-5m-bear-20260708T2240,NQ,bear,5m,phase1-v1.0.0,2026-07-08 22:30:00-04:00,2026-07-08 22:35:00-04:00,2026-07-08 22:40:00-04:00,29544.25,29510.0,29504.75,29460.0,29511.25,29501.5,29504.75,29510.0,29507.375,2026-07-08 22:45:00-04:00,2026-07-08 23:45:00-04:00,2026-07-08 23:45:00-04:00,2026-07-08 23:45:00-04:00,2026-07-08 23:45:00-04:00,2026-07-08 23:45:00-04:00,25,101801
FVG-5m-bear-20260708T2245,NQ,bear,5m,phase1-v1.0.0,2026-07-08 22:35:00-04:00,2026-07-08 22:40:00-04:00,2026-07-08 22:45:00-04:00,29515.5,29480.0,29467.75,29438.75,29501.75,29462.5,29467.75,29480.0,29473.875,2026-07-08 22:50:00-04:00,2026-07-08 23:30:00-04:00,2026-07-08 23:30:00-04:00,2026-07-08 23:30:00-04:00,2026-07-08 23:30:00-04:00,2026-07-08 23:30:00-04:00,25,101802
FVG-5m-bear-20260708T2250,NQ,bear,5m,phase1-v1.0.0,2026-07-08 22:40:00-04:00,2026-07-08 22:45:00-04:00,2026-07-08 22:50:00-04:00,29504.75,29460.0,29455.75,29419.0,29462.25,29452.0,29455.75,29460.0,29457.875,2026-07-08 22:55:00-04:00,2026-07-08 23:30:00-04:00,2026-07-08 23:30:00-04:00,2026-07-08 23:30:00-04:00,2026-07-08 23:30:00-04:00,2026-07-08 23:30:00-04:00,25,101803
FVG-5m-bull-20260708T2330,NQ,bull,5m,phase1-v1.0.0,2026-07-08 23:20:00-04:00,2026-07-08 23:25:00-04:00,2026-07-08 23:30:00-04:00,29442.25,29407.0,29501.75,29474.25,29442.0,29480.0,29442.25,29474.25,29458.25,2026-07-08 23:35:00-04:00,2026-07-09 00:30:00-04:00,,,,,25,101811
FVG-5m-bull-20260708T2335,NQ,bull,5m,phase1-v1.0.0,2026-07-08 23:25:00-04:00,2026-07-08 23:30:00-04:00,2026-07-08 23:35:00-04:00,29481.5,29441.25,29500.0,29485.25,29480.75,29489.0,29481.5,29485.25,29483.375,2026-07-08 23:40:00-04:00,2026-07-08 23:45:00-04:00,,2026-07-08 23:45:00-04:00,2026-07-08 23:45:00-04:00,2026-07-08 23:45:00-04:00,25,101812
FVG-5m-bear-20260709T0025,NQ,bear,5m,phase1-v1.0.0,2026-07-09 00:15:00-04:00,2026-07-09 00:20:00-04:00,2026-07-09 00:25:00-04:00,29518.5,29491.5,29482.25,29462.5,29493.0,29475.0,29482.25,29491.5,29486.875,2026-07-09 00:30:00-04:00,2026-07-09 00:35:00-04:00,2026-07-09 00:35:00-04:00,2026-07-09 00:35:00-04:00,2026-07-09 00:35:00-04:00,2026-07-09 00:35:00-04:00,25,101822
FVG-5m-bull-20260709T0035,NQ,bull,5m,phase1-v1.0.0,2026-07-09 00:25:00-04:00,2026-07-09 00:30:00-04:00,2026-07-09 00:35:00-04:00,29482.25,29462.5,29532.0,29510.0,29475.0,29520.25,29482.25,29510.0,29496.125,2026-07-09 00:40:00-04:00,2026-07-09 01:10:00-04:00,,2026-07-09 01:35:00-04:00,2026-07-09 01:35:00-04:00,2026-07-09 01:35:00-04:00,25,101824
FVG-5m-bull-20260709T0055,NQ,bull,5m,phase1-v1.0.0,2026-07-09 00:45:00-04:00,2026-07-09 00:50:00-04:00,2026-07-09 00:55:00-04:00,29537.5,29521.5,29558.5,29543.5,29528.75,29548.75,29537.5,29543.5,29540.5,2026-07-09 01:00:00-04:00,2026-07-09 01:05:00-04:00,2026-07-09 01:05:00-04:00,2026-07-09 01:05:00-04:00,2026-07-09 01:05:00-04:00,2026-07-09 01:05:00-04:00,25,101828
FVG-5m-bear-20260709T0105,NQ,bear,5m,phase1-v1.0.0,2026-07-09 00:55:00-04:00,2026-07-09 01:00:00-04:00,2026-07-09 01:05:00-04:00,29558.5,29543.5,29536.0,29508.75,29554.75,29532.5,29536.0,29543.5,29539.75,2026-07-09 01:10:00-04:00,2026-07-09 01:15:00-04:00,2026-07-09 01:15:00-04:00,2026-07-09 01:15:00-04:00,2026-07-09 01:15:00-04:00,2026-07-09 01:15:00-04:00,25,101830
FVG-5m-bear-20260709T0125,NQ,bear,5m,phase1-v1.0.0,2026-07-09 01:15:00-04:00,2026-07-09 01:20:00-04:00,2026-07-09 01:25:00-04:00,29577.75,29529.5,29528.75,29512.5,29536.5,29520.0,29528.75,29529.5,29529.125,2026-07-09 01:30:00-04:00,2026-07-09 01:35:00-04:00,2026-07-09 01:35:00-04:00,2026-07-09 01:35:00-04:00,2026-07-09 01:35:00-04:00,2026-07-09 01:35:00-04:00,25,101834
FVG-5m-bull-20260709T0155,NQ,bull,5m,phase1-v1.0.0,2026-07-09 01:45:00-04:00,2026-07-09 01:50:00-04:00,2026-07-09 01:55:00-04:00,29564.75,29532.5,29610.0,29577.0,29564.5,29582.0,29564.75,29577.0,29570.875,2026-07-09 02:00:00-04:00,2026-07-09 02:10:00-04:00,,2026-07-09 06:55:00-04:00,2026-07-09 07:00:00-04:00,2026-07-09 07:00:00-04:00,25,101840
FVG-5m-bull-20260709T0200,NQ,bull,5m,phase1-v1.0.0,2026-07-09 01:50:00-04:00,2026-07-09 01:55:00-04:00,2026-07-09 02:00:00-04:00,29584.75,29559.5,29616.5,29588.75,29580.75,29607.75,29584.75,29588.75,29586.75,2026-07-09 02:05:00-04:00,2026-07-09 02:10:00-04:00,2026-07-09 02:10:00-04:00,2026-07-09 02:10:00-04:00,2026-07-09 02:10:00-04:00,2026-07-09 02:10:00-04:00,25,101841
FVG-5m-bull-20260709T0220,NQ,bull,5m,phase1-v1.0.0,2026-07-09 02:10:00-04:00,2026-07-09 02:15:00-04:00,2026-07-09 02:20:00-04:00,29613.5,29588.0,29640.25,29614.5,29603.5,29625.25,29613.5,29614.5,29614.0,2026-07-09 02:25:00-04:00,2026-07-09 02:35:00-04:00,2026-07-09 02:35:00-04:00,2026-07-09 02:35:00-04:00,2026-07-09 02:35:00-04:00,2026-07-09 02:35:00-04:00,25,101845
FVG-5m-bull-20260709T0315,NQ,bull,5m,phase1-v1.0.0,2026-07-09 03:05:00-04:00,2026-07-09 03:10:00-04:00,2026-07-09 03:15:00-04:00,29637.0,29603.75,29660.0,29644.75,29628.75,29654.5,29637.0,29644.75,29640.875,2026-07-09 03:20:00-04:00,2026-07-09 03:25:00-04:00,2026-07-09 05:10:00-04:00,2026-07-09 03:25:00-04:00,2026-07-09 05:10:00-04:00,2026-07-09 05:10:00-04:00,25,101856
FVG-5m-bull-20260709T0345,NQ,bull,5m,phase1-v1.0.0,2026-07-09 03:35:00-04:00,2026-07-09 03:40:00-04:00,2026-07-09 03:45:00-04:00,29670.25,29641.75,29695.75,29675.25,29650.25,29681.5,29670.25,29675.25,29672.75,2026-07-09 03:50:00-04:00,2026-07-09 04:00:00-04:00,,2026-07-09 04:00:00-04:00,2026-07-09 04:05:00-04:00,2026-07-09 04:05:00-04:00,25,101862
FVG-5m-bull-20260709T0350,NQ,bull,5m,phase1-v1.0.0,2026-07-09 03:40:00-04:00,2026-07-09 03:45:00-04:00,2026-07-09 03:50:00-04:00,29683.25,29640.5,29706.75,29690.0,29682.5,29691.0,29683.25,29690.0,29686.625,2026-07-09 03:55:00-04:00,2026-07-09 04:00:00-04:00,2026-07-09 04:00:00-04:00,2026-07-09 04:00:00-04:00,2026-07-09 04:00:00-04:00,2026-07-09 04:00:00-04:00,25,101863
FVG-5m-bull-20260709T0405,NQ,bull,5m,phase1-v1.0.0,2026-07-09 03:55:00-04:00,2026-07-09 04:00:00-04:00,2026-07-09 04:05:00-04:00,29691.5,29671.25,29734.25,29710.0,29684.75,29714.75,29691.5,29710.0,29700.75,2026-07-09 04:10:00-04:00,2026-07-09 04:15:00-04:00,2026-07-09 04:15:00-04:00,2026-07-09 04:20:00-04:00,2026-07-09 04:35:00-04:00,2026-07-09 04:35:00-04:00,25,101866
FVG-5m-bear-20260709T0435,NQ,bear,5m,phase1-v1.0.0,2026-07-09 04:25:00-04:00,2026-07-09 04:30:00-04:00,2026-07-09 04:35:00-04:00,29722.25,29695.75,29682.0,29667.0,29697.0,29671.25,29682.0,29695.75,29688.875,2026-07-09 04:40:00-04:00,2026-07-09 07:45:00-04:00,2026-07-09 07:45:00-04:00,2026-07-09 07:45:00-04:00,2026-07-09 07:50:00-04:00,2026-07-09 07:50:00-04:00,25,101872
FVG-5m-bull-20260709T0555,NQ,bull,5m,phase1-v1.0.0,2026-07-09 05:45:00-04:00,2026-07-09 05:50:00-04:00,2026-07-09 05:55:00-04:00,29634.25,29618.25,29649.0,29638.75,29631.5,29643.75,29634.25,29638.75,29636.5,2026-07-09 06:00:00-04:00,2026-07-09 06:05:00-04:00,,2026-07-09 06:05:00-04:00,2026-07-09 06:10:00-04:00,2026-07-09 06:10:00-04:00,25,101888
FVG-5m-bear-20260709T0650,NQ,bear,5m,phase1-v1.0.0,2026-07-09 06:40:00-04:00,2026-07-09 06:45:00-04:00,2026-07-09 06:50:00-04:00,29651.0,29633.0,29610.0,29566.0,29641.25,29605.5,29610.0,29633.0,29621.5,2026-07-09 06:55:00-04:00,2026-07-09 07:05:00-04:00,2026-07-09 07:05:00-04:00,2026-07-09 07:05:00-04:00,2026-07-09 07:25:00-04:00,2026-07-09 07:25:00-04:00,25,101899
FVG-5m-bull-20260709T0725,NQ,bull,5m,phase1-v1.0.0,2026-07-09 07:15:00-04:00,2026-07-09 07:20:00-04:00,2026-07-09 07:25:00-04:00,29612.0,29593.75,29643.75,29619.75,29602.75,29621.0,29612.0,29619.75,29615.875,2026-07-09 07:30:00-04:00,2026-07-09 10:25:00-04:00,,2026-07-09 10:25:00-04:00,,,25,101906
FVG-5m-bull-20260709T0735,NQ,bull,5m,phase1-v1.0.0,2026-07-09 07:25:00-04:00,2026-07-09 07:30:00-04:00,2026-07-09 07:35:00-04:00,29643.75,29619.75,29673.75,29650.0,29641.0,29667.75,29643.75,29650.0,29646.875,2026-07-09 07:40:00-04:00,2026-07-09 10:25:00-04:00,,2026-07-09 10:25:00-04:00,2026-07-09 10:25:00-04:00,2026-07-09 10:25:00-04:00,25,101908
FVG-5m-bull-20260709T0745,NQ,bull,5m,phase1-v1.0.0,2026-07-09 07:35:00-04:00,2026-07-09 07:40:00-04:00,2026-07-09 07:45:00-04:00,29673.75,29650.0,29703.75,29674.25,29667.0,29683.25,29673.75,29674.25,29674.0,2026-07-09 07:50:00-04:00,2026-07-09 09:35:00-04:00,,2026-07-09 09:35:00-04:00,2026-07-09 09:35:00-04:00,2026-07-09 09:35:00-04:00,25,101910
FVG-5m-bull-20260709T0750,NQ,bull,5m,phase1-v1.0.0,2026-07-09 07:40:00-04:00,2026-07-09 07:45:00-04:00,2026-07-09 07:50:00-04:00,29690.0,29654.0,29721.75,29692.25,29684.75,29701.25,29690.0,29692.25,29691.125,2026-07-09 07:55:00-04:00,2026-07-09 08:00:00-04:00,,2026-07-09 08:00:00-04:00,2026-07-09 08:00:00-04:00,2026-07-09 08:00:00-04:00,25,101911
FVG-5m-bull-20260709T0810,NQ,bull,5m,phase1-v1.0.0,2026-07-09 08:00:00-04:00,2026-07-09 08:05:00-04:00,2026-07-09 08:10:00-04:00,29709.0,29684.5,29732.75,29712.5,29700.75,29722.25,29709.0,29712.5,29710.75,2026-07-09 08:15:00-04:00,2026-07-09 08:20:00-04:00,2026-07-09 08:20:00-04:00,2026-07-09 08:20:00-04:00,2026-07-09 08:20:00-04:00,2026-07-09 08:20:00-04:00,25,101915
FVG-5m-bull-20260709T0825,NQ,bull,5m,phase1-v1.0.0,2026-07-09 08:15:00-04:00,2026-07-09 08:20:00-04:00,2026-07-09 08:25:00-04:00,29724.0,29704.25,29755.0,29730.0,29711.5,29738.5,29724.0,29730.0,29727.0,2026-07-09 08:30:00-04:00,2026-07-09 08:50:00-04:00,,2026-07-09 08:50:00-04:00,2026-07-09 08:50:00-04:00,2026-07-09 08:50:00-04:00,25,101918
FVG-5m-bull-20260709T0830,NQ,bull,5m,phase1-v1.0.0,2026-07-09 08:20:00-04:00,2026-07-09 08:25:00-04:00,2026-07-09 08:30:00-04:00,29739.0,29704.5,29776.25,29740.0,29739.0,29749.25,29739.0,29740.0,29739.5,2026-07-09 08:35:00-04:00,2026-07-09 08:50:00-04:00,2026-07-09 08:50:00-04:00,2026-07-09 08:50:00-04:00,2026-07-09 08:50:00-04:00,2026-07-09 08:50:00-04:00,25,101919
FVG-5m-bull-20260709T0835,NQ,bull,5m,phase1-v1.0.0,2026-07-09 08:25:00-04:00,2026-07-09 08:30:00-04:00,2026-07-09 08:35:00-04:00,29755.0,29730.0,29784.5,29762.75,29748.0,29765.75,29755.0,29762.75,29758.875,2026-07-09 08:40:00-04:00,2026-07-09 08:45:00-04:00,2026-07-09 08:45:00-04:00,2026-07-09 08:45:00-04:00,2026-07-09 08:45:00-04:00,2026-07-09 08:45:00-04:00,25,101920
FVG-5m-bear-20260709T0845,NQ,bear,5m,phase1-v1.0.0,2026-07-09 08:35:00-04:00,2026-07-09 08:40:00-04:00,2026-07-09 08:45:00-04:00,29784.5,29762.75,29748.5,29715.25,29783.75,29748.5,29748.5,29762.75,29755.625,2026-07-09 08:50:00-04:00,2026-07-09 09:05:00-04:00,2026-07-09 09:15:00-04:00,2026-07-09 09:15:00-04:00,2026-07-09 09:35:00-04:00,2026-07-09 09:35:00-04:00,25,101922
FVG-5m-bull-20260709T0935,NQ,bull,5m,phase1-v1.0.0,2026-07-09 09:25:00-04:00,2026-07-09 09:30:00-04:00,2026-07-09 09:35:00-04:00,29758.0,29730.0,29863.0,29767.25,29746.75,29778.75,29758.0,29767.25,29762.625,2026-07-09 09:40:00-04:00,2026-07-09 10:20:00-04:00,2026-07-09 10:20:00-04:00,2026-07-09 10:20:00-04:00,2026-07-09 10:20:00-04:00,2026-07-09 10:20:00-04:00,25,101932
FVG-5m-bull-20260709T0940,NQ,bull,5m,phase1-v1.0.0,2026-07-09 09:30:00-04:00,2026-07-09 09:35:00-04:00,2026-07-09 09:40:00-04:00,29781.5,29672.0,29871.25,29811.75,29778.25,29852.0,29781.5,29811.75,29796.625,2026-07-09 09:45:00-04:00,2026-07-09 09:50:00-04:00,2026-07-09 10:15:00-04:00,2026-07-09 10:15:00-04:00,2026-07-09 10:20:00-04:00,2026-07-09 10:20:00-04:00,25,101933
FVG-5m-bull-20260709T0955,NQ,bull,5m,phase1-v1.0.0,2026-07-09 09:45:00-04:00,2026-07-09 09:50:00-04:00,2026-07-09 09:55:00-04:00,29891.75,29808.5,29931.25,29897.5,29844.0,29901.5,29891.75,29897.5,29894.625,2026-07-09 10:00:00-04:00,2026-07-09 10:05:00-04:00,,2026-07-09 10:05:00-04:00,2026-07-09 10:05:00-04:00,2026-07-09 10:05:00-04:00,25,101936
FVG-5m-bear-20260709T1010,NQ,bear,5m,phase1-v1.0.0,2026-07-09 10:00:00-04:00,2026-07-09 10:05:00-04:00,2026-07-09 10:10:00-04:00,29922.75,29886.0,29854.5,29785.25,29911.5,29850.25,29854.5,29886.0,29870.25,2026-07-09 10:15:00-04:00,2026-07-09 11:10:00-04:00,2026-07-09 11:10:00-04:00,2026-07-09 11:20:00-04:00,2026-07-09 11:30:00-04:00,2026-07-09 11:30:00-04:00,25,101939
FVG-5m-bear-20260709T1020,NQ,bear,5m,phase1-v1.0.0,2026-07-09 10:10:00-04:00,2026-07-09 10:15:00-04:00,2026-07-09 10:20:00-04:00,29854.5,29785.25,29714.25,29614.5,29803.5,29692.0,29714.25,29785.25,29749.75,2026-07-09 10:25:00-04:00,2026-07-09 10:30:00-04:00,2026-07-09 10:30:00-04:00,2026-07-09 10:30:00-04:00,2026-07-09 10:40:00-04:00,2026-07-09 10:40:00-04:00,25,101941
FVG-5m-bull-20260709T1110,NQ,bull,5m,phase1-v1.0.0,2026-07-09 11:00:00-04:00,2026-07-09 11:05:00-04:00,2026-07-09 11:10:00-04:00,29823.75,29779.5,29864.25,29833.25,29821.75,29858.25,29823.75,29833.25,29828.5,2026-07-09 11:15:00-04:00,2026-07-09 11:20:00-04:00,,2026-07-09 20:30:00-04:00,2026-07-09 20:30:00-04:00,2026-07-09 20:30:00-04:00,25,101951
FVG-5m-bull-20260709T1145,NQ,bull,5m,phase1-v1.0.0,2026-07-09 11:35:00-04:00,2026-07-09 11:40:00-04:00,2026-07-09 11:45:00-04:00,29876.0,29858.75,29899.75,29880.25,29875.25,29882.0,29876.0,29880.25,29878.125,2026-07-09 11:50:00-04:00,2026-07-09 12:00:00-04:00,,2026-07-09 12:40:00-04:00,2026-07-09 12:40:00-04:00,2026-07-09 12:40:00-04:00,25,101958
FVG-5m-bull-20260709T1205,NQ,bull,5m,phase1-v1.0.0,2026-07-09 11:55:00-04:00,2026-07-09 12:00:00-04:00,2026-07-09 12:05:00-04:00,29898.75,29878.5,29924.25,29904.0,29886.5,29904.5,29898.75,29904.0,29901.375,2026-07-09 12:10:00-04:00,2026-07-09 12:15:00-04:00,2026-07-09 12:15:00-04:00,2026-07-09 12:15:00-04:00,2026-07-09 12:15:00-04:00,2026-07-09 12:15:00-04:00,25,101962
FVG-5m-bull-20260709T1245,NQ,bull,5m,phase1-v1.0.0,2026-07-09 12:35:00-04:00,2026-07-09 12:40:00-04:00,2026-07-09 12:45:00-04:00,29889.0,29864.0,29913.25,29891.25,29889.0,29909.0,29889.0,29891.25,29890.125,2026-07-09 12:50:00-04:00,2026-07-09 13:00:00-04:00,,2026-07-09 13:00:00-04:00,2026-07-09 13:00:00-04:00,2026-07-09 13:00:00-04:00,25,101970
FVG-5m-bull-20260709T1305,NQ,bull,5m,phase1-v1.0.0,2026-07-09 12:55:00-04:00,2026-07-09 13:00:00-04:00,2026-07-09 13:05:00-04:00,29907.5,29885.25,29949.0,29911.5,29897.0,29918.25,29907.5,29911.5,29909.5,2026-07-09 13:10:00-04:00,2026-07-09 15:05:00-04:00,,2026-07-09 15:10:00-04:00,2026-07-09 15:10:00-04:00,2026-07-09 15:10:00-04:00,25,101974
FVG-5m-bull-20260709T1310,NQ,bull,5m,phase1-v1.0.0,2026-07-09 13:00:00-04:00,2026-07-09 13:05:00-04:00,2026-07-09 13:10:00-04:00,29923.5,29893.5,29969.5,29941.5,29918.0,29942.25,29923.5,29941.5,29932.5,2026-07-09 13:15:00-04:00,2026-07-09 14:45:00-04:00,2026-07-09 15:00:00-04:00,2026-07-09 15:00:00-04:00,2026-07-09 15:05:00-04:00,2026-07-09 15:05:00-04:00,25,101975
FVG-5m-bull-20260709T1315,NQ,bull,5m,phase1-v1.0.0,2026-07-09 13:05:00-04:00,2026-07-09 13:10:00-04:00,2026-07-09 13:15:00-04:00,29949.0,29911.5,29983.0,29954.0,29941.75,29954.25,29949.0,29954.0,29951.5,2026-07-09 13:20:00-04:00,2026-07-09 14:00:00-04:00,2026-07-09 14:25:00-04:00,2026-07-09 14:00:00-04:00,2026-07-09 14:25:00-04:00,2026-07-09 14:25:00-04:00,25,101976
FVG-5m-bull-20260709T1320,NQ,bull,5m,phase1-v1.0.0,2026-07-09 13:10:00-04:00,2026-07-09 13:15:00-04:00,2026-07-09 13:20:00-04:00,29969.5,29941.5,29989.25,29970.25,29954.25,29981.25,29969.5,29970.25,29969.875,2026-07-09 13:25:00-04:00,2026-07-09 13:35:00-04:00,2026-07-09 13:35:00-04:00,2026-07-09 13:35:00-04:00,2026-07-09 13:35:00-04:00,2026-07-09 13:35:00-04:00,25,101977
FVG-5m-bear-20260709T1420,NQ,bear,5m,phase1-v1.0.0,2026-07-09 14:10:00-04:00,2026-07-09 14:15:00-04:00,2026-07-09 14:20:00-04:00,29983.25,29971.75,29970.75,29945.75,29976.5,29970.75,29970.75,29971.75,29971.25,2026-07-09 14:25:00-04:00,2026-07-09 16:10:00-04:00,,2026-07-09 16:15:00-04:00,2026-07-09 16:15:00-04:00,2026-07-09 16:15:00-04:00,25,101989
FVG-5m-bear-20260709T1425,NQ,bear,5m,phase1-v1.0.0,2026-07-09 14:15:00-04:00,2026-07-09 14:20:00-04:00,2026-07-09 14:25:00-04:00,29981.0,29962.5,29960.5,29942.0,29970.75,29948.75,29960.5,29962.5,29961.5,2026-07-09 14:30:00-04:00,2026-07-09 14:35:00-04:00,,2026-07-09 14:35:00-04:00,2026-07-09 14:35:00-04:00,2026-07-09 14:35:00-04:00,25,101990
FVG-5m-bear-20260709T1455,NQ,bear,5m,phase1-v1.0.0,2026-07-09 14:45:00-04:00,2026-07-09 14:50:00-04:00,2026-07-09 14:55:00-04:00,29965.0,29952.25,29948.5,29929.5,29957.25,29948.0,29948.5,29952.25,29950.375,2026-07-09 15:00:00-04:00,2026-07-09 15:20:00-04:00,,2026-07-09 15:20:00-04:00,2026-07-09 15:20:00-04:00,2026-07-09 15:20:00-04:00,25,101996
FVG-5m-bear-20260709T1500,NQ,bear,5m,phase1-v1.0.0,2026-07-09 14:50:00-04:00,2026-07-09 14:55:00-04:00,2026-07-09 15:00:00-04:00,29959.75,29945.5,29941.5,29910.0,29948.0,29939.25,29941.5,29945.5,29943.5,2026-07-09 15:05:00-04:00,2026-07-09 15:20:00-04:00,2026-07-09 15:20:00-04:00,2026-07-09 15:20:00-04:00,2026-07-09 15:20:00-04:00,2026-07-09 15:20:00-04:00,25,101997
FVG-5m-bull-20260709T1520,NQ,bull,5m,phase1-v1.0.0,2026-07-09 15:10:00-04:00,2026-07-09 15:15:00-04:00,2026-07-09 15:20:00-04:00,29929.5,29912.0,29957.75,29940.25,29916.5,29947.75,29929.5,29940.25,29934.875,2026-07-09 15:25:00-04:00,2026-07-09 15:30:00-04:00,2026-07-09 15:30:00-04:00,2026-07-09 15:30:00-04:00,2026-07-09 15:30:00-04:00,2026-07-09 15:30:00-04:00,25,102001
FVG-5m-bull-20260709T1600,NQ,bull,5m,phase1-v1.0.0,2026-07-09 15:50:00-04:00,2026-07-09 15:55:00-04:00,2026-07-09 16:00:00-04:00,29939.0,29896.75,29962.5,29942.75,29897.5,29948.75,29939.0,29942.75,29940.875,2026-07-09 16:05:00-04:00,2026-07-09 16:30:00-04:00,2026-07-09 16:30:00-04:00,2026-07-09 16:30:00-04:00,2026-07-09 16:30:00-04:00,2026-07-09 16:30:00-04:00,25,102009
FVG-5m-bear-20260709T1625,NQ,bear,5m,phase1-v1.0.0,2026-07-09 16:15:00-04:00,2026-07-09 16:20:00-04:00,2026-07-09 16:25:00-04:00,29970.25,29957.5,29954.25,29937.0,29957.75,29952.0,29954.25,29957.5,29955.875,2026-07-09 16:30:00-04:00,2026-07-09 18:10:00-04:00,,2026-07-09 18:10:00-04:00,2026-07-09 18:10:00-04:00,2026-07-09 18:10:00-04:00,25,102014
FVG-5m-bear-20260709T1630,NQ,bear,5m,phase1-v1.0.0,2026-07-09 16:20:00-04:00,2026-07-09 16:25:00-04:00,2026-07-09 16:30:00-04:00,29967.0,29950.75,29949.25,29935.0,29951.75,29940.0,29949.25,29950.75,29950.0,2026-07-09 16:35:00-04:00,2026-07-09 18:10:00-04:00,,2026-07-09 18:10:00-04:00,2026-07-09 18:10:00-04:00,2026-07-09 18:10:00-04:00,25,102015
FVG-5m-bear-20260709T1645,NQ,bear,5m,phase1-v1.0.0,2026-07-09 16:35:00-04:00,2026-07-09 16:40:00-04:00,2026-07-09 16:45:00-04:00,29949.0,29940.5,29939.0,29933.25,29941.5,29934.75,29939.0,29940.5,29939.75,2026-07-09 16:50:00-04:00,2026-07-09 17:00:00-04:00,2026-07-09 18:05:00-04:00,2026-07-09 18:05:00-04:00,2026-07-09 18:05:00-04:00,2026-07-09 18:05:00-04:00,25,102018
FVG-5m-bear-20260709T1820,NQ,bear,5m,phase1-v1.0.0,2026-07-09 18:10:00-04:00,2026-07-09 18:15:00-04:00,2026-07-09 18:20:00-04:00,29939.5,29929.75,29923.5,29906.75,29938.0,29917.5,29923.5,29929.75,29926.625,2026-07-09 18:25:00-04:00,2026-07-09 18:50:00-04:00,2026-07-09 19:05:00-04:00,2026-07-09 18:50:00-04:00,2026-07-09 19:05:00-04:00,2026-07-09 19:05:00-04:00,25,102025
FVG-5m-bull-20260709T1905,NQ,bull,5m,phase1-v1.0.0,2026-07-09 18:55:00-04:00,2026-07-09 19:00:00-04:00,2026-07-09 19:05:00-04:00,29923.75,29915.5,29938.75,29929.25,29921.5,29932.5,29923.75,29929.25,29926.5,2026-07-09 19:10:00-04:00,2026-07-09 19:50:00-04:00,2026-07-09 20:05:00-04:00,2026-07-09 19:50:00-04:00,2026-07-09 20:05:00-04:00,2026-07-09 20:05:00-04:00,25,102034
FVG-5m-bull-20260709T1925,NQ,bull,5m,phase1-v1.0.0,2026-07-09 19:15:00-04:00,2026-07-09 19:20:00-04:00,2026-07-09 19:25:00-04:00,29949.0,29929.5,29964.25,29954.25,29946.75,29954.25,29949.0,29954.25,29951.625,2026-07-09 19:30:00-04:00,2026-07-09 19:35:00-04:00,2026-07-09 19:35:00-04:00,2026-07-09 19:35:00-04:00,2026-07-09 19:35:00-04:00,2026-07-09 19:35:00-04:00,25,102038
FVG-5m-bear-20260709T1945,NQ,bear,5m,phase1-v1.0.0,2026-07-09 19:35:00-04:00,2026-07-09 19:40:00-04:00,2026-07-09 19:45:00-04:00,29957.0,29948.25,29945.0,29926.0,29954.25,29942.0,29945.0,29948.25,29946.625,2026-07-09 19:50:00-04:00,2026-07-09 19:55:00-04:00,2026-07-09 19:55:00-04:00,2026-07-09 19:55:00-04:00,2026-07-09 19:55:00-04:00,2026-07-09 19:55:00-04:00,25,102042
FVG-5m-bear-20260709T2005,NQ,bear,5m,phase1-v1.0.0,2026-07-09 19:55:00-04:00,2026-07-09 20:00:00-04:00,2026-07-09 20:05:00-04:00,29958.0,29930.75,29916.75,29868.0,29933.25,29907.25,29916.75,29930.75,29923.75,2026-07-09 20:10:00-04:00,2026-07-09 21:50:00-04:00,2026-07-09 22:50:00-04:00,2026-07-09 22:50:00-04:00,2026-07-09 22:50:00-04:00,2026-07-09 22:50:00-04:00,25,102046
FVG-5m-bear-20260709T2025,NQ,bear,5m,phase1-v1.0.0,2026-07-09 20:15:00-04:00,2026-07-09 20:20:00-04:00,2026-07-09 20:25:00-04:00,29903.5,29862.5,29845.25,29820.75,29879.0,29836.25,29845.25,29862.5,29853.875,2026-07-09 20:30:00-04:00,2026-07-09 21:00:00-04:00,2026-07-09 21:00:00-04:00,2026-07-09 21:00:00-04:00,2026-07-09 21:00:00-04:00,2026-07-09 21:00:00-04:00,25,102050
FVG-5m-bear-20260709T2200,NQ,bear,5m,phase1-v1.0.0,2026-07-09 21:50:00-04:00,2026-07-09 21:55:00-04:00,2026-07-09 22:00:00-04:00,29922.75,29899.25,29895.25,29865.25,29902.5,29891.5,29895.25,29899.25,29897.25,2026-07-09 22:05:00-04:00,2026-07-09 22:10:00-04:00,2026-07-09 22:10:00-04:00,2026-07-09 22:10:00-04:00,2026-07-09 22:10:00-04:00,2026-07-09 22:10:00-04:00,25,102069
FVG-5m-bull-20260709T2235,NQ,bull,5m,phase1-v1.0.0,2026-07-09 22:25:00-04:00,2026-07-09 22:30:00-04:00,2026-07-09 22:35:00-04:00,29884.75,29867.5,29910.25,29890.75,29883.25,29897.0,29884.75,29890.75,29887.75,2026-07-09 22:40:00-04:00,2026-07-10 00:55:00-04:00,,2026-07-10 00:55:00-04:00,2026-07-10 00:55:00-04:00,2026-07-10 00:55:00-04:00,25,102076
FVG-5m-bull-20260709T2240,NQ,bull,5m,phase1-v1.0.0,2026-07-09 22:30:00-04:00,2026-07-09 22:35:00-04:00,2026-07-09 22:40:00-04:00,29898.0,29874.0,29916.25,29905.25,29898.0,29908.25,29898.0,29905.25,29901.625,2026-07-09 22:45:00-04:00,2026-07-09 22:50:00-04:00,2026-07-10 00:50:00-04:00,2026-07-10 00:55:00-04:00,2026-07-10 00:55:00-04:00,2026-07-10 00:55:00-04:00,25,102077
FVG-5m-bull-20260709T2250,NQ,bull,5m,phase1-v1.0.0,2026-07-09 22:40:00-04:00,2026-07-09 22:45:00-04:00,2026-07-09 22:50:00-04:00,29916.25,29905.25,29949.0,29928.0,29908.5,29929.75,29916.25,29928.0,29922.125,2026-07-09 22:55:00-04:00,2026-07-09 23:25:00-04:00,2026-07-09 23:30:00-04:00,2026-07-09 23:30:00-04:00,2026-07-09 23:50:00-04:00,2026-07-09 23:50:00-04:00,25,102079
FVG-5m-bull-20260709T2255,NQ,bull,5m,phase1-v1.0.0,2026-07-09 22:45:00-04:00,2026-07-09 22:50:00-04:00,2026-07-09 22:55:00-04:00,29932.0,29902.0,29952.5,29936.0,29929.75,29936.5,29932.0,29936.0,29934.0,2026-07-09 23:00:00-04:00,2026-07-09 23:25:00-04:00,2026-07-09 23:25:00-04:00,2026-07-09 23:25:00-04:00,2026-07-09 23:25:00-04:00,2026-07-09 23:25:00-04:00,25,102080
FVG-5m-bear-20260709T2325,NQ,bear,5m,phase1-v1.0.0,2026-07-09 23:15:00-04:00,2026-07-09 23:20:00-04:00,2026-07-09 23:25:00-04:00,29950.5,29940.5,29932.25,29922.0,29942.5,29929.75,29932.25,29940.5,29936.375,2026-07-09 23:30:00-04:00,2026-07-09 23:35:00-04:00,2026-07-10 00:05:00-04:00,2026-07-10 00:05:00-04:00,2026-07-10 00:05:00-04:00,2026-07-10 00:05:00-04:00,25,102086
FVG-5m-bear-20260710T0025,NQ,bear,5m,phase1-v1.0.0,2026-07-10 00:15:00-04:00,2026-07-10 00:20:00-04:00,2026-07-10 00:25:00-04:00,29947.5,29935.5,29930.75,29917.25,29944.5,29921.25,29930.75,29935.5,29933.125,2026-07-10 00:30:00-04:00,2026-07-10 09:40:00-04:00,,2026-07-10 09:40:00-04:00,2026-07-10 09:40:00-04:00,2026-07-10 09:40:00-04:00,25,102098
FVG-5m-bear-20260710T0050,NQ,bear,5m,phase1-v1.0.0,2026-07-10 00:40:00-04:00,2026-07-10 00:45:00-04:00,2026-07-10 00:50:00-04:00,29923.0,29913.75,29904.0,29884.0,29915.5,29903.75,29904.0,29913.75,29908.875,2026-07-10 00:55:00-04:00,2026-07-10 09:35:00-04:00,,2026-07-10 09:35:00-04:00,2026-07-10 09:35:00-04:00,2026-07-10 09:35:00-04:00,25,102103
FVG-5m-bear-20260710T0155,NQ,bear,5m,phase1-v1.0.0,2026-07-10 01:45:00-04:00,2026-07-10 01:50:00-04:00,2026-07-10 01:55:00-04:00,29875.75,29858.25,29856.0,29840.0,29859.0,29854.5,29856.0,29858.25,29857.125,2026-07-10 02:00:00-04:00,2026-07-10 02:05:00-04:00,2026-07-10 06:45:00-04:00,2026-07-10 06:45:00-04:00,2026-07-10 06:45:00-04:00,2026-07-10 06:45:00-04:00,25,102116
FVG-5m-bear-20260710T0210,NQ,bear,5m,phase1-v1.0.0,2026-07-10 02:00:00-04:00,2026-07-10 02:05:00-04:00,2026-07-10 02:10:00-04:00,29856.75,29839.25,29834.25,29820.0,29850.25,29833.75,29834.25,29839.25,29836.75,2026-07-10 02:15:00-04:00,2026-07-10 06:05:00-04:00,,2026-07-10 06:05:00-04:00,2026-07-10 06:05:00-04:00,2026-07-10 06:05:00-04:00,25,102119
FVG-5m-bear-20260710T0220,NQ,bear,5m,phase1-v1.0.0,2026-07-10 02:10:00-04:00,2026-07-10 02:15:00-04:00,2026-07-10 02:20:00-04:00,29834.25,29820.0,29816.25,29781.0,29824.75,29816.0,29816.25,29820.0,29818.125,2026-07-10 02:25:00-04:00,2026-07-10 02:35:00-04:00,,2026-07-10 02:35:00-04:00,2026-07-10 02:35:00-04:00,2026-07-10 02:35:00-04:00,25,102121
FVG-5m-bear-20260710T0225,NQ,bear,5m,phase1-v1.0.0,2026-07-10 02:15:00-04:00,2026-07-10 02:20:00-04:00,2026-07-10 02:25:00-04:00,29830.75,29811.0,29793.25,29775.25,29815.75,29781.5,29793.25,29811.0,29802.125,2026-07-10 02:30:00-04:00,2026-07-10 02:35:00-04:00,2026-07-10 02:35:00-04:00,2026-07-10 02:35:00-04:00,2026-07-10 02:35:00-04:00,2026-07-10 02:35:00-04:00,25,102122
FVG-5m-bull-20260710T0250,NQ,bull,5m,phase1-v1.0.0,2026-07-10 02:40:00-04:00,2026-07-10 02:45:00-04:00,2026-07-10 02:50:00-04:00,29820.0,29792.0,29832.5,29820.75,29814.0,29821.5,29820.0,29820.75,29820.375,2026-07-10 02:55:00-04:00,2026-07-10 03:00:00-04:00,2026-07-10 03:00:00-04:00,2026-07-10 03:00:00-04:00,2026-07-10 03:00:00-04:00,2026-07-10 03:00:00-04:00,25,102127
FVG-5m-bear-20260710T0345,NQ,bear,5m,phase1-v1.0.0,2026-07-10 03:35:00-04:00,2026-07-10 03:40:00-04:00,2026-07-10 03:45:00-04:00,29811.75,29800.0,29799.0,29781.25,29806.5,29796.75,29799.0,29800.0,29799.5,2026-07-10 03:50:00-04:00,2026-07-10 04:15:00-04:00,,2026-07-10 04:15:00-04:00,2026-07-10 04:20:00-04:00,2026-07-10 04:20:00-04:00,25,102138
FVG-5m-bear-20260710T0355,NQ,bear,5m,phase1-v1.0.0,2026-07-10 03:45:00-04:00,2026-07-10 03:50:00-04:00,2026-07-10 03:55:00-04:00,29799.0,29781.25,29777.25,29761.75,29790.25,29769.0,29777.25,29781.25,29779.25,2026-07-10 04:00:00-04:00,2026-07-10 04:05:00-04:00,,2026-07-10 04:05:00-04:00,2026-07-10 04:05:00-04:00,2026-07-10 04:05:00-04:00,25,102140
FVG-5m-bear-20260710T0425,NQ,bear,5m,phase1-v1.0.0,2026-07-10 04:15:00-04:00,2026-07-10 04:20:00-04:00,2026-07-10 04:25:00-04:00,29803.75,29786.0,29780.25,29765.5,29789.25,29765.75,29780.25,29786.0,29783.125,2026-07-10 04:30:00-04:00,2026-07-10 04:40:00-04:00,2026-07-10 04:45:00-04:00,2026-07-10 04:40:00-04:00,2026-07-10 04:50:00-04:00,2026-07-10 04:50:00-04:00,25,102146
FVG-5m-bull-20260710T0605,NQ,bull,5m,phase1-v1.0.0,2026-07-10 05:55:00-04:00,2026-07-10 06:00:00-04:00,2026-07-10 06:05:00-04:00,29820.75,29800.75,29841.75,29828.0,29820.75,29830.75,29820.75,29828.0,29824.375,2026-07-10 06:10:00-04:00,2026-07-10 06:15:00-04:00,2026-07-10 06:20:00-04:00,2026-07-10 06:20:00-04:00,2026-07-10 06:25:00-04:00,2026-07-10 06:25:00-04:00,25,102166
FVG-5m-bull-20260710T0635,NQ,bull,5m,phase1-v1.0.0,2026-07-10 06:25:00-04:00,2026-07-10 06:30:00-04:00,2026-07-10 06:35:00-04:00,29839.5,29819.25,29854.75,29844.75,29838.0,29854.0,29839.5,29844.75,29842.125,2026-07-10 06:40:00-04:00,2026-07-10 06:45:00-04:00,2026-07-10 06:50:00-04:00,2026-07-10 06:50:00-04:00,2026-07-10 06:55:00-04:00,2026-07-10 06:55:00-04:00,25,102172
FVG-5m-bull-20260710T0700,NQ,bull,5m,phase1-v1.0.0,2026-07-10 06:50:00-04:00,2026-07-10 06:55:00-04:00,2026-07-10 07:00:00-04:00,29845.25,29834.75,29875.25,29849.0,29837.25,29850.75,29845.25,29849.0,29847.125,2026-07-10 07:05:00-04:00,2026-07-10 07:35:00-04:00,2026-07-10 07:35:00-04:00,2026-07-10 07:35:00-04:00,2026-07-10 07:35:00-04:00,2026-07-10 07:35:00-04:00,25,102177
FVG-5m-bull-20260710T0705,NQ,bull,5m,phase1-v1.0.0,2026-07-10 06:55:00-04:00,2026-07-10 07:00:00-04:00,2026-07-10 07:05:00-04:00,29853.0,29834.75,29878.0,29862.0,29850.0,29874.75,29853.0,29862.0,29857.5,2026-07-10 07:10:00-04:00,2026-07-10 07:30:00-04:00,2026-07-10 07:30:00-04:00,2026-07-10 07:30:00-04:00,2026-07-10 07:30:00-04:00,2026-07-10 07:30:00-04:00,25,102178
FVG-5m-bear-20260710T0730,NQ,bear,5m,phase1-v1.0.0,2026-07-10 07:20:00-04:00,2026-07-10 07:25:00-04:00,2026-07-10 07:30:00-04:00,29887.75,29876.75,29852.0,29820.25,29886.5,29851.75,29852.0,29876.75,29864.375,2026-07-10 07:35:00-04:00,2026-07-10 08:15:00-04:00,,2026-07-10 08:15:00-04:00,2026-07-10 08:15:00-04:00,2026-07-10 08:15:00-04:00,25,102183
FVG-5m-bear-20260710T0735,NQ,bear,5m,phase1-v1.0.0,2026-07-10 07:25:00-04:00,2026-07-10 07:30:00-04:00,2026-07-10 07:35:00-04:00,29886.75,29850.5,29840.25,29811.5,29851.5,29836.75,29840.25,29850.5,29845.375,2026-07-10 07:40:00-04:00,2026-07-10 07:45:00-04:00,2026-07-10 08:15:00-04:00,2026-07-10 08:15:00-04:00,2026-07-10 08:15:00-04:00,2026-07-10 08:15:00-04:00,25,102184
FVG-5m-bear-20260710T0805,NQ,bear,5m,phase1-v1.0.0,2026-07-10 07:55:00-04:00,2026-07-10 08:00:00-04:00,2026-07-10 08:05:00-04:00,29826.75,29806.75,29793.75,29771.25,29816.75,29784.0,29793.75,29806.75,29800.25,2026-07-10 08:10:00-04:00,2026-07-10 08:15:00-04:00,2026-07-10 08:15:00-04:00,2026-07-10 08:15:00-04:00,2026-07-10 08:15:00-04:00,2026-07-10 08:15:00-04:00,25,102190
FVG-5m-bull-20260710T0815,NQ,bull,5m,phase1-v1.0.0,2026-07-10 08:05:00-04:00,2026-07-10 08:10:00-04:00,2026-07-10 08:15:00-04:00,29793.75,29771.25,29850.75,29825.0,29792.75,29845.75,29793.75,29825.0,29809.375,2026-07-10 08:20:00-04:00,2026-07-10 08:40:00-04:00,2026-07-10 08:45:00-04:00,2026-07-10 09:00:00-04:00,2026-07-10 09:05:00-04:00,2026-07-10 09:05:00-04:00,25,102192
FVG-5m-bear-20260710T0900,NQ,bear,5m,phase1-v1.0.0,2026-07-10 08:50:00-04:00,2026-07-10 08:55:00-04:00,2026-07-10 09:00:00-04:00,29835.0,29819.25,29819.0,29790.5,29820.25,29800.0,29819.0,29819.25,29819.125,2026-07-10 09:05:00-04:00,2026-07-10 09:10:00-04:00,,2026-07-10 09:10:00-04:00,2026-07-10 09:10:00-04:00,2026-07-10 09:10:00-04:00,25,102201
FVG-5m-bull-20260710T0920,NQ,bull,5m,phase1-v1.0.0,2026-07-10 09:10:00-04:00,2026-07-10 09:15:00-04:00,2026-07-10 09:20:00-04:00,29813.25,29791.5,29835.75,29818.75,29811.5,29819.25,29813.25,29818.75,29816.0,2026-07-10 09:25:00-04:00,2026-07-10 09:30:00-04:00,,2026-07-10 09:30:00-04:00,2026-07-10 09:30:00-04:00,2026-07-10 09:30:00-04:00,25,102205
FVG-5m-bull-20260710T0935,NQ,bull,5m,phase1-v1.0.0,2026-07-10 09:25:00-04:00,2026-07-10 09:30:00-04:00,2026-07-10 09:35:00-04:00,29851.0,29809.75,29936.75,29856.75,29834.75,29902.75,29851.0,29856.75,29853.875,2026-07-10 09:40:00-04:00,2026-07-10 09:45:00-04:00,2026-07-10 09:45:00-04:00,2026-07-10 09:45:00-04:00,2026-07-10 09:45:00-04:00,2026-07-10 09:45:00-04:00,25,102208
FVG-5m-bull-20260710T0950,NQ,bull,5m,phase1-v1.0.0,2026-07-10 09:40:00-04:00,2026-07-10 09:45:00-04:00,2026-07-10 09:50:00-04:00,29874.5,29798.0,29968.5,29913.5,29855.5,29940.75,29874.5,29913.5,29894.0,2026-07-10 09:55:00-04:00,2026-07-10 10:00:00-04:00,2026-07-10 10:20:00-04:00,2026-07-10 10:20:00-04:00,2026-07-10 10:25:00-04:00,2026-07-10 10:25:00-04:00,25,102211
FVG-5m-bear-20260710T1020,NQ,bear,5m,phase1-v1.0.0,2026-07-10 10:10:00-04:00,2026-07-10 10:15:00-04:00,2026-07-10 10:20:00-04:00,29966.0,29932.25,29911.75,29844.75,29940.5,29905.75,29911.75,29932.25,29922.0,2026-07-10 10:25:00-04:00,2026-07-10 10:30:00-04:00,,2026-07-10 10:30:00-04:00,2026-07-10 10:30:00-04:00,2026-07-10 10:30:00-04:00,25,102217
FVG-5m-bear-20260710T1100,NQ,bear,5m,phase1-v1.0.0,2026-07-10 10:50:00-04:00,2026-07-10 10:55:00-04:00,2026-07-10 11:00:00-04:00,29913.0,29850.25,29834.0,29789.75,29853.0,29818.25,29834.0,29850.25,29842.125,2026-07-10 11:05:00-04:00,2026-07-10 11:10:00-04:00,2026-07-10 11:10:00-04:00,2026-07-10 11:10:00-04:00,2026-07-10 11:10:00-04:00,2026-07-10 11:10:00-04:00,25,102225
FVG-5m-bull-20260710T1110,NQ,bull,5m,phase1-v1.0.0,2026-07-10 11:00:00-04:00,2026-07-10 11:05:00-04:00,2026-07-10 11:10:00-04:00,29834.0,29789.75,29884.5,29859.5,29805.0,29861.5,29834.0,29859.5,29846.75,2026-07-10 11:15:00-04:00,2026-07-10 11:45:00-04:00,,2026-07-10 11:45:00-04:00,2026-07-10 11:45:00-04:00,2026-07-10 11:45:00-04:00,25,102227
FVG-5m-bull-20260710T1115,NQ,bull,5m,phase1-v1.0.0,2026-07-10 11:05:00-04:00,2026-07-10 11:10:00-04:00,2026-07-10 11:15:00-04:00,29862.0,29780.0,29957.0,29872.75,29861.25,29874.0,29862.0,29872.75,29867.375,2026-07-10 11:20:00-04:00,2026-07-10 11:45:00-04:00,,2026-07-10 11:45:00-04:00,2026-07-10 11:45:00-04:00,2026-07-10 11:45:00-04:00,25,102228
FVG-5m-bull-20260710T1120,NQ,bull,5m,phase1-v1.0.0,2026-07-10 11:10:00-04:00,2026-07-10 11:15:00-04:00,2026-07-10 11:20:00-04:00,29884.5,29859.5,29955.75,29917.5,29874.0,29930.0,29884.5,29917.5,29901.0,2026-07-10 11:25:00-04:00,2026-07-10 11:40:00-04:00,2026-07-10 11:40:00-04:00,2026-07-10 11:45:00-04:00,2026-07-10 11:45:00-04:00,2026-07-10 11:45:00-04:00,25,102229
FVG-5m-bull-20260710T1130,NQ,bull,5m,phase1-v1.0.0,2026-07-10 11:20:00-04:00,2026-07-10 11:25:00-04:00,2026-07-10 11:30:00-04:00,29955.75,29917.5,29991.5,29962.75,29949.0,29979.0,29955.75,29962.75,29959.25,2026-07-10 11:35:00-04:00,2026-07-10 11:40:00-04:00,2026-07-10 11:40:00-04:00,2026-07-10 11:40:00-04:00,2026-07-10 11:40:00-04:00,2026-07-10 11:40:00-04:00,25,102231
FVG-5m-bear-20260710T1140,NQ,bear,5m,phase1-v1.0.0,2026-07-10 11:30:00-04:00,2026-07-10 11:35:00-04:00,2026-07-10 11:40:00-04:00,29991.5,29962.75,29919.75,29834.0,29981.25,29917.0,29919.75,29962.75,29941.25,2026-07-10 11:45:00-04:00,2026-07-10 11:50:00-04:00,2026-07-10 11:55:00-04:00,2026-07-10 12:00:00-04:00,2026-07-10 12:05:00-04:00,2026-07-10 12:05:00-04:00,25,102233
FVG-5m-bull-20260710T1200,NQ,bull,5m,phase1-v1.0.0,2026-07-10 11:50:00-04:00,2026-07-10 11:55:00-04:00,2026-07-10 12:00:00-04:00,29938.25,29902.5,29985.0,29943.75,29930.75,29944.25,29938.25,29943.75,29941.0,2026-07-10 12:05:00-04:00,2026-07-12 18:05:00-04:00,2026-07-12 18:05:00-04:00,2026-07-12 18:05:00-04:00,2026-07-12 18:05:00-04:00,2026-07-12 18:05:00-04:00,25,102237
FVG-5m-bull-20260710T1205,NQ,bull,5m,phase1-v1.0.0,2026-07-10 11:55:00-04:00,2026-07-10 12:00:00-04:00,2026-07-10 12:05:00-04:00,29948.5,29914.0,29990.0,29963.0,29944.25,29981.75,29948.5,29963.0,29955.75,2026-07-10 12:10:00-04:00,2026-07-10 12:15:00-04:00,2026-07-12 18:05:00-04:00,2026-07-12 18:05:00-04:00,2026-07-12 18:05:00-04:00,2026-07-12 18:05:00-04:00,25,102238
FVG-5m-bull-20260710T1220,NQ,bull,5m,phase1-v1.0.0,2026-07-10 12:10:00-04:00,2026-07-10 12:15:00-04:00,2026-07-10 12:20:00-04:00,29988.0,29962.5,30023.0,29999.0,29981.5,30017.0,29988.0,29999.0,29993.5,2026-07-10 12:25:00-04:00,2026-07-10 13:15:00-04:00,,,2026-07-12 18:05:00-04:00,2026-07-12 18:05:00-04:00,25,102241
FVG-5m-bull-20260710T1325,NQ,bull,5m,phase1-v1.0.0,2026-07-10 13:15:00-04:00,2026-07-10 13:20:00-04:00,2026-07-10 13:25:00-04:00,30029.75,30008.5,30051.5,30034.0,30013.75,30035.5,30029.75,30034.0,30031.875,2026-07-10 13:30:00-04:00,2026-07-10 14:00:00-04:00,,2026-07-10 14:00:00-04:00,2026-07-10 14:20:00-04:00,2026-07-10 14:20:00-04:00,25,102254
FVG-5m-bull-20260710T1330,NQ,bull,5m,phase1-v1.0.0,2026-07-10 13:20:00-04:00,2026-07-10 13:25:00-04:00,2026-07-10 13:30:00-04:00,30036.75,30011.25,30058.25,30038.0,30036.0,30049.75,30036.75,30038.0,30037.375,2026-07-10 13:35:00-04:00,2026-07-10 14:00:00-04:00,,2026-07-10 14:00:00-04:00,2026-07-10 14:00:00-04:00,2026-07-10 14:00:00-04:00,25,102255
FVG-5m-bear-20260710T1355,NQ,bear,5m,phase1-v1.0.0,2026-07-10 13:45:00-04:00,2026-07-10 13:50:00-04:00,2026-07-10 13:55:00-04:00,30072.25,30060.25,30054.5,30031.25,30065.75,30052.5,30054.5,30060.25,30057.375,2026-07-10 14:00:00-04:00,2026-07-10 14:05:00-04:00,,2026-07-10 14:05:00-04:00,2026-07-10 14:10:00-04:00,2026-07-10 14:10:00-04:00,25,102260
FVG-5m-bull-20260710T1650,NQ,bull,5m,phase1-v1.0.0,2026-07-10 16:40:00-04:00,2026-07-10 16:45:00-04:00,2026-07-10 16:50:00-04:00,30059.25,30055.0,30064.25,30059.5,30058.25,30061.0,30059.25,30059.5,30059.375,2026-07-10 16:55:00-04:00,,,,2026-07-12 18:05:00-04:00,2026-07-12 18:05:00-04:00,25,102295
