instrument,param_version,session_globex_day,selected_contract,evidence_session,is_bootstrap,decision_timestamp_et,selected_evidence_volume,evidence_session_volumes,current_session_volumes
NQ,phase1-v1.0.0,2025-01-02,NQH5,,True,,,{},"{""NQH5"": 658865, ""NQM5"": 1303}"
NQ,phase1-v1.0.0,2025-01-03,NQH5,2025-01-02,False,2025-01-02 17:00:00-05:00,658865.0,"{""NQH5"": 658865, ""NQM5"": 1303}","{""NQH5"": 479425, ""NQM5"": 694}"
NQ,phase1-v1.0.0,2025-01-06,NQH5,2025-01-03,False,2025-01-05 17:00:00-05:00,479425.0,"{""NQH5"": 479425, ""NQM5"": 694}","{""NQH5"": 562263, ""NQM5"": 713, ""NQU5"": 1}"
NQ,phase1-v1.0.0,2025-01-07,NQH5,2025-01-06,False,2025-01-06 17:00:00-05:00,562263.0,"{""NQH5"": 562263, ""NQM5"": 713, ""NQU5"": 1}","{""NQH5"": 632574, ""NQM5"": 1221}"
NQ,phase1-v1.0.0,2025-01-08,NQH5,2025-01-07,False,2025-01-07 17:00:00-05:00,632574.0,"{""NQH5"": 632574, ""NQM5"": 1221}","{""NQH5"": 626784, ""NQM5"": 1540}"
NQ,phase1-v1.0.0,2025-01-09,NQH5,2025-01-08,False,2025-01-08 17:00:00-05:00,626784.0,"{""NQH5"": 626784, ""NQM5"": 1540}","{""NQH5"": 77136, ""NQM5"": 121}"
NQ,phase1-v1.0.0,2025-01-10,NQH5,2025-01-09,False,2025-01-09 17:00:00-05:00,77136.0,"{""NQH5"": 77136, ""NQM5"": 121}","{""NQH5"": 691607, ""NQM5"": 1192, ""NQU5"": 10}"
NQ,phase1-v1.0.0,2025-01-13,NQH5,2025-01-10,False,2025-01-12 17:00:00-05:00,691607.0,"{""NQH5"": 691607, ""NQM5"": 1192, ""NQU5"": 10}","{""NQH5"": 606692, ""NQM5"": 1952, ""NQZ5"": 6}"
NQ,phase1-v1.0.0,2025-01-14,NQH5,2025-01-13,False,2025-01-13 17:00:00-05:00,606692.0,"{""NQH5"": 606692, ""NQM5"": 1952, ""NQZ5"": 6}","{""NQH5"": 664463, ""NQM5"": 1243}"
NQ,phase1-v1.0.0,2025-01-15,NQH5,2025-01-14,False,2025-01-14 17:00:00-05:00,664463.0,"{""NQH5"": 664463, ""NQM5"": 1243}","{""NQH5"": 543896, ""NQM5"": 876, ""NQU5"": 6}"
NQ,phase1-v1.0.0,2025-01-16,NQH5,2025-01-15,False,2025-01-15 17:00:00-05:00,543896.0,"{""NQH5"": 543896, ""NQM5"": 876, ""NQU5"": 6}","{""NQH5"": 586335, ""NQM5"": 803, ""NQU5"": 13}"
NQ,phase1-v1.0.0,2025-01-17,NQH5,2025-01-16,False,2025-01-16 17:00:00-05:00,586335.0,"{""NQH5"": 586335, ""NQM5"": 803, ""NQU5"": 13}","{""NQH5"": 580291, ""NQM5"": 617, ""NQU5"": 1}"
NQ,phase1-v1.0.0,2025-01-20,NQH5,2025-01-17,False,2025-01-19 17:00:00-05:00,580291.0,"{""NQH5"": 580291, ""NQM5"": 617, ""NQU5"": 1}","{""NQH5"": 155116, ""NQM5"": 312, ""NQU5"": 1}"
NQ,phase1-v1.0.0,2025-01-21,NQH5,2025-01-20,False,2025-01-20 17:00:00-05:00,155116.0,"{""NQH5"": 155116, ""NQM5"": 312, ""NQU5"": 1}","{""NQH5"": 499679, ""NQM5"": 693, ""NQU5"": 1}"
NQ,phase1-v1.0.0,2025-01-22,NQH5,2025-01-21,False,2025-01-21 17:00:00-05:00,499679.0,"{""NQH5"": 499679, ""NQM5"": 693, ""NQU5"": 1}","{""NQH5"": 486780, ""NQM5"": 384, ""NQU5"": 11, ""NQZ5"": 1}"
NQ,phase1-v1.0.0,2025-01-23,NQH5,2025-01-22,False,2025-01-22 17:00:00-05:00,486780.0,"{""NQH5"": 486780, ""NQM5"": 384, ""NQU5"": 11, ""NQZ5"": 1}","{""NQH5"": 466745, ""NQM5"": 244, ""NQU5"": 1}"
NQ,phase1-v1.0.0,2025-01-24,NQH5,2025-01-23,False,2025-01-23 17:00:00-05:00,466745.0,"{""NQH5"": 466745, ""NQM5"": 244, ""NQU5"": 1}","{""NQH5"": 519260, ""NQM5"": 403, ""NQU5"": 5}"
NQ,phase1-v1.0.0,2025-01-27,NQH5,2025-01-24,False,2025-01-26 17:00:00-05:00,519260.0,"{""NQH5"": 519260, ""NQM5"": 403, ""NQU5"": 5}","{""NQH5"": 1034722, ""NQM5"": 1740, ""NQU5"": 10}"
NQ,phase1-v1.0.0,2025-01-28,NQH5,2025-01-27,False,2025-01-27 17:00:00-05:00,1034722.0,"{""NQH5"": 1034722, ""NQM5"": 1740, ""NQU5"": 10}","{""NQH5"": 649287, ""NQM5"": 1080, ""NQU5"": 15}"
NQ,phase1-v1.0.0,2025-01-29,NQH5,2025-01-28,False,2025-01-28 17:00:00-05:00,649287.0,"{""NQH5"": 649287, ""NQM5"": 1080, ""NQU5"": 15}","{""NQH5"": 624948, ""NQM5"": 722, ""NQU5"": 2}"
NQ,phase1-v1.0.0,2025-01-30,NQH5,2025-01-29,False,2025-01-29 17:00:00-05:00,624948.0,"{""NQH5"": 624948, ""NQM5"": 722, ""NQU5"": 2}","{""NQH5"": 612638, ""NQM5"": 700, ""NQU5"": 22}"
NQ,phase1-v1.0.0,2025-01-31,NQH5,2025-01-30,False,2025-01-30 17:00:00-05:00,612638.0,"{""NQH5"": 612638, ""NQM5"": 700, ""NQU5"": 22}","{""NQH5"": 646025, ""NQM5"": 895, ""NQU5"": 56}"
NQ,phase1-v1.0.0,2025-02-03,NQH5,2025-01-31,False,2025-02-02 17:00:00-05:00,646025.0,"{""NQH5"": 646025, ""NQM5"": 895, ""NQU5"": 56}","{""NQH5"": 720963, ""NQM5"": 1707, ""NQU5"": 33}"
NQ,phase1-v1.0.0,2025-02-04,NQH5,2025-02-03,False,2025-02-03 17:00:00-05:00,720963.0,"{""NQH5"": 720963, ""NQM5"": 1707, ""NQU5"": 33}","{""NQH5"": 491670, ""NQM5"": 823, ""NQU5"": 8, ""NQZ5"": 1}"
NQ,phase1-v1.0.0,2025-02-05,NQH5,2025-02-04,False,2025-02-04 17:00:00-05:00,491670.0,"{""NQH5"": 491670, ""NQM5"": 823, ""NQU5"": 8, ""NQZ5"": 1}","{""NQH5"": 493018, ""NQM5"": 705, ""NQU5"": 1}"
NQ,phase1-v1.0.0,2025-02-06,NQH5,2025-02-05,False,2025-02-05 17:00:00-05:00,493018.0,"{""NQH5"": 493018, ""NQM5"": 705, ""NQU5"": 1}","{""NQH5"": 436061, ""NQM5"": 568, ""NQU5"": 7}"
NQ,phase1-v1.0.0,2025-02-07,NQH5,2025-02-06,False,2025-02-06 17:00:00-05:00,436061.0,"{""NQH5"": 436061, ""NQM5"": 568, ""NQU5"": 7}","{""NQH5"": 591407, ""NQM5"": 1056, ""NQU5"": 2, ""NQZ5"": 1}"
NQ,phase1-v1.0.0,2025-02-10,NQH5,2025-02-07,False,2025-02-09 17:00:00-05:00,591407.0,"{""NQH5"": 591407, ""NQM5"": 1056, ""NQU5"": 2, ""NQZ5"": 1}","{""NQH5"": 385195, ""NQM5"": 460, ""NQU5"": 3, ""NQZ5"": 1}"
NQ,phase1-v1.0.0,2025-02-11,NQH5,2025-02-10,False,2025-02-10 17:00:00-05:00,385195.0,"{""NQH5"": 385195, ""NQM5"": 460, ""NQU5"": 3, ""NQZ5"": 1}","{""NQH5"": 418708, ""NQM5"": 345, ""NQU5"": 12}"
NQ,phase1-v1.0.0,2025-02-12,NQH5,2025-02-11,False,2025-02-11 17:00:00-05:00,418708.0,"{""NQH5"": 418708, ""NQM5"": 345, ""NQU5"": 12}","{""NQH5"": 540960, ""NQM5"": 1224, ""NQU5"": 13}"
NQ,phase1-v1.0.0,2025-02-13,NQH5,2025-02-12,False,2025-02-12 17:00:00-05:00,540960.0,"{""NQH5"": 540960, ""NQM5"": 1224, ""NQU5"": 13}","{""NQH5"": 529361, ""NQM5"": 956, ""NQU5"": 7}"
NQ,phase1-v1.0.0,2025-02-14,NQH5,2025-02-13,False,2025-02-13 17:00:00-05:00,529361.0,"{""NQH5"": 529361, ""NQM5"": 956, ""NQU5"": 7}","{""NQH5"": 429223, ""NQM5"": 430, ""NQU5"": 16, ""NQZ9"": 1}"
NQ,phase1-v1.0.0,2025-02-17,NQH5,2025-02-14,False,2025-02-16 17:00:00-05:00,429223.0,"{""NQH5"": 429223, ""NQM5"": 430, ""NQU5"": 16, ""NQZ9"": 1}","{""NQH5"": 101174, ""NQM5"": 159, ""NQU5"": 2}"
NQ,phase1-v1.0.0,2025-02-18,NQH5,2025-02-17,False,2025-02-17 17:00:00-05:00,101174.0,"{""NQH5"": 101174, ""NQM5"": 159, ""NQU5"": 2}","{""NQH5"": 458230, ""NQM5"": 417, ""NQU5"": 107}"
NQ,phase1-v1.0.0,2025-02-19,NQH5,2025-02-18,False,2025-02-18 17:00:00-05:00,458230.0,"{""NQH5"": 458230, ""NQM5"": 417, ""NQU5"": 107}","{""NQH5"": 491538, ""NQM5"": 467, ""NQU5"": 3}"
NQ,phase1-v1.0.0,2025-02-20,NQH5,2025-02-19,False,2025-02-19 17:00:00-05:00,491538.0,"{""NQH5"": 491538, ""NQM5"": 467, ""NQU5"": 3}","{""NQH5"": 555432, ""NQM5"": 702, ""NQU5"": 5}"
NQ,phase1-v1.0.0,2025-02-21,NQH5,2025-02-20,False,2025-02-20 17:00:00-05:00,555432.0,"{""NQH5"": 555432, ""NQM5"": 702, ""NQU5"": 5}","{""NQH5"": 697766, ""NQM5"": 1387, ""NQU5"": 16}"
NQ,phase1-v1.0.0,2025-02-24,NQH5,2025-02-21,False,2025-02-23 17:00:00-05:00,697766.0,"{""NQH5"": 697766, ""NQM5"": 1387, ""NQU5"": 16}","{""NQH5"": 658441, ""NQM5"": 2013, ""NQU5"": 31}"
NQ,phase1-v1.0.0,2025-02-25,NQH5,2025-02-24,False,2025-02-24 17:00:00-05:00,658441.0,"{""NQH5"": 658441, ""NQM5"": 2013, ""NQU5"": 31}","{""NQH5"": 791784, ""NQM5"": 1968, ""NQU5"": 76}"
NQ,phase1-v1.0.0,2025-02-26,NQH5,2025-02-25,False,2025-02-25 17:00:00-05:00,791784.0,"{""NQH5"": 791784, ""NQM5"": 1968, ""NQU5"": 76}","{""NQH5"": 640013, ""NQM5"": 1664, ""NQU5"": 13}"
NQ,phase1-v1.0.0,2025-02-27,NQH5,2025-02-26,False,2025-02-26 17:00:00-05:00,640013.0,"{""NQH5"": 640013, ""NQM5"": 1664, ""NQU5"": 13}","{""NQH5"": 843883, ""NQM5"": 2609, ""NQU5"": 78}"
NQ,phase1-v1.0.0,2025-02-28,NQH5,2025-02-27,False,2025-02-27 17:00:00-05:00,843883.0,"{""NQH5"": 843883, ""NQM5"": 2609, ""NQU5"": 78}","{""NQH5"": 834281, ""NQM5"": 2519, ""NQU5"": 41}"
NQ,phase1-v1.0.0,2025-03-03,NQH5,2025-02-28,False,2025-03-02 17:00:00-05:00,834281.0,"{""NQH5"": 834281, ""NQM5"": 2519, ""NQU5"": 41}","{""NQH5"": 826523, ""NQM5"": 3869, ""NQU5"": 32}"
NQ,phase1-v1.0.0,2025-03-04,NQH5,2025-03-03,False,2025-03-03 17:00:00-05:00,826523.0,"{""NQH5"": 826523, ""NQM5"": 3869, ""NQU5"": 32}","{""NQH5"": 943693, ""NQM5"": 5493, ""NQU5"": 68}"
NQ,phase1-v1.0.0,2025-03-05,NQH5,2025-03-04,False,2025-03-04 17:00:00-05:00,943693.0,"{""NQH5"": 943693, ""NQM5"": 5493, ""NQU5"": 68}","{""NQH5"": 772979, ""NQM5"": 3553, ""NQU5"": 9}"
NQ,phase1-v1.0.0,2025-03-06,NQH5,2025-03-05,False,2025-03-05 17:00:00-05:00,772979.0,"{""NQH5"": 772979, ""NQM5"": 3553, ""NQU5"": 9}","{""NQH5"": 750516, ""NQM5"": 4922, ""NQU5"": 33}"
NQ,phase1-v1.0.0,2025-03-07,NQH5,2025-03-06,False,2025-03-06 17:00:00-05:00,750516.0,"{""NQH5"": 750516, ""NQM5"": 4922, ""NQU5"": 33}","{""NQH5"": 750524, ""NQM5"": 8384, ""NQU5"": 36}"
NQ,phase1-v1.0.0,2025-03-10,NQH5,2025-03-07,False,2025-03-09 17:00:00-04:00,750524.0,"{""NQH5"": 750524, ""NQM5"": 8384, ""NQU5"": 36}","{""NQH5"": 776378, ""NQM5"": 8147, ""NQU5"": 221, ""NQZ5"": 5}"
NQ,phase1-v1.0.0,2025-03-11,NQH5,2025-03-10,False,2025-03-10 17:00:00-04:00,776378.0,"{""NQH5"": 776378, ""NQM5"": 8147, ""NQU5"": 221, ""NQZ5"": 5}","{""NQH5"": 838247, ""NQH6"": 7, ""NQM5"": 12319, ""NQU5"": 56, ""NQZ5"": 1}"
NQ,phase1-v1.0.0,2025-03-12,NQH5,2025-03-11,False,2025-03-11 17:00:00-04:00,838247.0,"{""NQH5"": 838247, ""NQH6"": 7, ""NQM5"": 12319, ""NQU5"": 56, ""NQZ5"": 1}","{""NQH5"": 683839, ""NQM5"": 10943, ""NQU5"": 439}"
NQ,phase1-v1.0.0,2025-03-13,NQH5,2025-03-12,False,2025-03-12 17:00:00-04:00,683839.0,"{""NQH5"": 683839, ""NQM5"": 10943, ""NQU5"": 439}","{""NQH5"": 728581, ""NQM5"": 16911, ""NQU5"": 204}"
NQ,phase1-v1.0.0,2025-03-14,NQH5,2025-03-13,False,2025-03-13 17:00:00-04:00,728581.0,"{""NQH5"": 728581, ""NQM5"": 16911, ""NQU5"": 204}","{""NQH5"": 686302, ""NQM5"": 59982, ""NQU5"": 28}"
NQ,phase1-v1.0.0,2025-03-17,NQH5,2025-03-14,False,2025-03-16 17:00:00-04:00,686302.0,"{""NQH5"": 686302, ""NQM5"": 59982, ""NQU5"": 28}","{""NQH5"": 393973, ""NQM5"": 329719, ""NQU5"": 53}"
NQ,phase1-v1.0.0,2025-03-18,NQH5,2025-03-17,False,2025-03-17 17:00:00-04:00,393973.0,"{""NQH5"": 393973, ""NQM5"": 329719, ""NQU5"": 53}","{""NQH5"": 247688, ""NQM5"": 467061, ""NQU5"": 91}"
NQ,phase1-v1.0.0,2025-03-19,NQM5,2025-03-18,False,2025-03-18 17:00:00-04:00,467061.0,"{""NQH5"": 247688, ""NQM5"": 467061, ""NQU5"": 91}","{""NQH5"": 144566, ""NQM5"": 511665, ""NQU5"": 49}"
NQ,phase1-v1.0.0,2025-03-20,NQM5,2025-03-19,False,2025-03-19 17:00:00-04:00,511665.0,"{""NQH5"": 144566, ""NQM5"": 511665, ""NQU5"": 49}","{""NQH5"": 75830, ""NQM5"": 569867, ""NQU5"": 103}"
NQ,phase1-v1.0.0,2025-03-21,NQM5,2025-03-20,False,2025-03-20 17:00:00-04:00,569867.0,"{""NQH5"": 75830, ""NQM5"": 569867, ""NQU5"": 103}","{""NQH5"": 4153, ""NQM5"": 593029, ""NQU5"": 371}"
NQ,phase1-v1.0.0,2025-03-24,NQM5,2025-03-21,False,2025-03-23 17:00:00-04:00,593029.0,"{""NQH5"": 4153, ""NQM5"": 593029, ""NQU5"": 371}","{""NQM5"": 547242, ""NQU5"": 436, ""NQZ5"": 1}"
NQ,phase1-v1.0.0,2025-03-25,NQM5,2025-03-24,False,2025-03-24 17:00:00-04:00,547242.0,"{""NQM5"": 547242, ""NQU5"": 436, ""NQZ5"": 1}","{""NQM5"": 466259, ""NQU5"": 535}"
NQ,phase1-v1.0.0,2025-03-26,NQM5,2025-03-25,False,2025-03-25 17:00:00-04:00,466259.0,"{""NQM5"": 466259, ""NQU5"": 535}","{""NQM5"": 610815, ""NQU5"": 673}"
NQ,phase1-v1.0.0,2025-03-27,NQM5,2025-03-26,False,2025-03-26 17:00:00-04:00,610815.0,"{""NQM5"": 610815, ""NQU5"": 673}","{""NQM5"": 624835, ""NQU5"": 688, ""NQZ5"": 1}"
NQ,phase1-v1.0.0,2025-03-28,NQM5,2025-03-27,False,2025-03-27 17:00:00-04:00,624835.0,"{""NQM5"": 624835, ""NQU5"": 688, ""NQZ5"": 1}","{""NQM5"": 683770, ""NQU5"": 1284, ""NQZ5"": 8}"
NQ,phase1-v1.0.0,2025-03-31,NQM5,2025-03-28,False,2025-03-30 17:00:00-04:00,683770.0,"{""NQM5"": 683770, ""NQU5"": 1284, ""NQZ5"": 8}","{""NQM5"": 829003, ""NQU5"": 950, ""NQZ5"": 4}"
NQ,phase1-v1.0.0,2025-04-01,NQM5,2025-03-31,False,2025-03-31 17:00:00-04:00,829003.0,"{""NQM5"": 829003, ""NQU5"": 950, ""NQZ5"": 4}","{""NQM5"": 783579, ""NQU5"": 835, ""NQZ5"": 31}"
NQ,phase1-v1.0.0,2025-04-02,NQM5,2025-04-01,False,2025-04-01 17:00:00-04:00,783579.0,"{""NQM5"": 783579, ""NQU5"": 835, ""NQZ5"": 31}","{""NQM5"": 829638, ""NQU5"": 1574}"
NQ,phase1-v1.0.0,2025-04-03,NQM5,2025-04-02,False,2025-04-02 17:00:00-04:00,829638.0,"{""NQM5"": 829638, ""NQU5"": 1574}","{""NQM5"": 871649, ""NQU5"": 1443, ""NQZ5"": 9}"
NQ,phase1-v1.0.0,2025-04-04,NQM5,2025-04-03,False,2025-04-03 17:00:00-04:00,871649.0,"{""NQM5"": 871649, ""NQU5"": 1443, ""NQZ5"": 9}","{""NQH6"": 2, ""NQM5"": 1173315, ""NQU5"": 2438, ""NQZ5"": 3}"
NQ,phase1-v1.0.0,2025-04-07,NQM5,2025-04-04,False,2025-04-06 17:00:00-04:00,1173315.0,"{""NQH6"": 2, ""NQM5"": 1173315, ""NQU5"": 2438, ""NQZ5"": 3}","{""NQM5"": 1123811, ""NQU5"": 2254, ""NQZ5"": 13}"
NQ,phase1-v1.0.0,2025-04-08,NQM5,2025-04-07,False,2025-04-07 17:00:00-04:00,1123811.0,"{""NQM5"": 1123811, ""NQU5"": 2254, ""NQZ5"": 13}","{""NQM5"": 939853, ""NQU5"": 1941, ""NQZ5"": 7}"
NQ,phase1-v1.0.0,2025-04-09,NQM5,2025-04-08,False,2025-04-08 17:00:00-04:00,939853.0,"{""NQM5"": 939853, ""NQU5"": 1941, ""NQZ5"": 7}","{""NQH6"": 2, ""NQM5"": 1055054, ""NQU5"": 2378, ""NQZ5"": 14}"
NQ,phase1-v1.0.0,2025-04-10,NQM5,2025-04-09,False,2025-04-09 17:00:00-04:00,1055054.0,"{""NQH6"": 2, ""NQM5"": 1055054, ""NQU5"": 2378, ""NQZ5"": 14}","{""NQM5"": 952611, ""NQU5"": 1408, ""NQZ5"": 5}"
NQ,phase1-v1.0.0,2025-04-11,NQM5,2025-04-10,False,2025-04-10 17:00:00-04:00,952611.0,"{""NQM5"": 952611, ""NQU5"": 1408, ""NQZ5"": 5}","{""NQM5"": 660099, ""NQM6"": 1, ""NQU5"": 1045}"
NQ,phase1-v1.0.0,2025-04-14,NQM5,2025-04-11,False,2025-04-13 17:00:00-04:00,660099.0,"{""NQM5"": 660099, ""NQM6"": 1, ""NQU5"": 1045}","{""NQH6"": 1, ""NQM5"": 564487, ""NQM6"": 1, ""NQU5"": 354}"
NQ,phase1-v1.0.0,2025-04-15,NQM5,2025-04-14,False,2025-04-14 17:00:00-04:00,564487.0,"{""NQH6"": 1, ""NQM5"": 564487, ""NQM6"": 1, ""NQU5"": 354}","{""NQM5"": 520354, ""NQU5"": 210}"
NQ,phase1-v1.0.0,2025-04-16,NQM5,2025-04-15,False,2025-04-15 17:00:00-04:00,520354.0,"{""NQM5"": 520354, ""NQU5"": 210}","{""NQH6"": 1, ""NQM5"": 674475, ""NQU5"": 594, ""NQZ5"": 2}"
NQ,phase1-v1.0.0,2025-04-17,NQM5,2025-04-16,False,2025-04-16 17:00:00-04:00,674475.0,"{""NQH6"": 1, ""NQM5"": 674475, ""NQU5"": 594, ""NQZ5"": 2}","{""NQM5"": 623226, ""NQU5"": 354}"
NQ,phase1-v1.0.0,2025-04-21,NQM5,2025-04-17,False,2025-04-20 17:00:00-04:00,623226.0,"{""NQM5"": 623226, ""NQU5"": 354}","{""NQM5"": 473548, ""NQU5"": 495}"
NQ,phase1-v1.0.0,2025-04-22,NQM5,2025-04-21,False,2025-04-21 17:00:00-04:00,473548.0,"{""NQM5"": 473548, ""NQU5"": 495}","{""NQM5"": 610213, ""NQU5"": 551, ""NQZ5"": 3}"
NQ,phase1-v1.0.0,2025-04-23,NQM5,2025-04-22,False,2025-04-22 17:00:00-04:00,610213.0,"{""NQM5"": 610213, ""NQU5"": 551, ""NQZ5"": 3}","{""NQM5"": 724101, ""NQU5"": 560, ""NQZ5"": 1}"
NQ,phase1-v1.0.0,2025-04-24,NQM5,2025-04-23,False,2025-04-23 17:00:00-04:00,724101.0,"{""NQM5"": 724101, ""NQU5"": 560, ""NQZ5"": 1}","{""NQM5"": 589977, ""NQU5"": 441, ""NQZ5"": 2}"
NQ,phase1-v1.0.0,2025-04-25,NQM5,2025-04-24,False,2025-04-24 17:00:00-04:00,589977.0,"{""NQM5"": 589977, ""NQU5"": 441, ""NQZ5"": 2}","{""NQM5"": 580630, ""NQU5"": 543, ""NQZ5"": 4}"
NQ,phase1-v1.0.0,2025-04-28,NQM5,2025-04-25,False,2025-04-27 17:00:00-04:00,580630.0,"{""NQM5"": 580630, ""NQU5"": 543, ""NQZ5"": 4}","{""NQM5"": 505671, ""NQU5"": 301, ""NQZ5"": 1}"
NQ,phase1-v1.0.0,2025-04-29,NQM5,2025-04-28,False,2025-04-28 17:00:00-04:00,505671.0,"{""NQM5"": 505671, ""NQU5"": 301, ""NQZ5"": 1}","{""NQM5"": 561158, ""NQU5"": 270, ""NQZ5"": 2}"
NQ,phase1-v1.0.0,2025-04-30,NQM5,2025-04-29,False,2025-04-29 17:00:00-04:00,561158.0,"{""NQM5"": 561158, ""NQU5"": 270, ""NQZ5"": 2}","{""NQM5"": 705432, ""NQU5"": 707, ""NQZ5"": 6}"
NQ,phase1-v1.0.0,2025-05-01,NQM5,2025-04-30,False,2025-04-30 17:00:00-04:00,705432.0,"{""NQM5"": 705432, ""NQU5"": 707, ""NQZ5"": 6}","{""NQM5"": 581491, ""NQU5"": 489, ""NQZ5"": 6}"
NQ,phase1-v1.0.0,2025-05-02,NQM5,2025-05-01,False,2025-05-01 17:00:00-04:00,581491.0,"{""NQM5"": 581491, ""NQU5"": 489, ""NQZ5"": 6}","{""NQM5"": 509436, ""NQU5"": 556, ""NQZ5"": 4}"
NQ,phase1-v1.0.0,2025-05-05,NQM5,2025-05-02,False,2025-05-04 17:00:00-04:00,509436.0,"{""NQM5"": 509436, ""NQU5"": 556, ""NQZ5"": 4}","{""NQM5"": 407810, ""NQU5"": 290, ""NQZ5"": 2}"
NQ,phase1-v1.0.0,2025-05-06,NQM5,2025-05-05,False,2025-05-05 17:00:00-04:00,407810.0,"{""NQM5"": 407810, ""NQU5"": 290, ""NQZ5"": 2}","{""NQM5"": 509449, ""NQU5"": 552, ""NQZ5"": 1}"
NQ,phase1-v1.0.0,2025-05-07,NQM5,2025-05-06,False,2025-05-06 17:00:00-04:00,509449.0,"{""NQM5"": 509449, ""NQU5"": 552, ""NQZ5"": 1}","{""NQM5"": 587037, ""NQU5"": 577}"
NQ,phase1-v1.0.0,2025-05-08,NQM5,2025-05-07,False,2025-05-07 17:00:00-04:00,587037.0,"{""NQM5"": 587037, ""NQU5"": 577}","{""NQM5"": 558866, ""NQU5"": 563, ""NQZ5"": 3}"
NQ,phase1-v1.0.0,2025-05-09,NQM5,2025-05-08,False,2025-05-08 17:00:00-04:00,558866.0,"{""NQM5"": 558866, ""NQU5"": 563, ""NQZ5"": 3}","{""NQM5"": 447061, ""NQU5"": 248, ""NQZ5"": 5}"
NQ,phase1-v1.0.0,2025-05-12,NQM5,2025-05-09,False,2025-05-11 17:00:00-04:00,447061.0,"{""NQM5"": 447061, ""NQU5"": 248, ""NQZ5"": 5}","{""NQH6"": 5, ""NQM5"": 624540, ""NQU5"": 813, ""NQZ5"": 20}"
NQ,phase1-v1.0.0,2025-05-13,NQM5,2025-05-12,False,2025-05-12 17:00:00-04:00,624540.0,"{""NQH6"": 5, ""NQM5"": 624540, ""NQU5"": 813, ""NQZ5"": 20}","{""NQM5"": 516679, ""NQU5"": 573, ""NQZ5"": 2}"
NQ,phase1-v1.0.0,2025-05-14,NQM5,2025-05-13,False,2025-05-13 17:00:00-04:00,516679.0,"{""NQM5"": 516679, ""NQU5"": 573, ""NQZ5"": 2}","{""NQM5"": 504568, ""NQU5"": 556, ""NQZ5"": 21}"
NQ,phase1-v1.0.0,2025-05-15,NQM5,2025-05-14,False,2025-05-14 17:00:00-04:00,504568.0,"{""NQM5"": 504568, ""NQU5"": 556, ""NQZ5"": 21}","{""NQH6"": 1, ""NQM5"": 535253, ""NQU5"": 431}"
NQ,phase1-v1.0.0,2025-05-16,NQM5,2025-05-15,False,2025-05-15 17:00:00-04:00,535253.0,"{""NQH6"": 1, ""NQM5"": 535253, ""NQU5"": 431}","{""NQM5"": 406829, ""NQU5"": 344, ""NQZ5"": 38}"
NQ,phase1-v1.0.0,2025-05-19,NQM5,2025-05-16,False,2025-05-18 17:00:00-04:00,406829.0,"{""NQM5"": 406829, ""NQU5"": 344, ""NQZ5"": 38}","{""NQM5"": 503585, ""NQU5"": 460, ""NQZ5"": 46}"
NQ,phase1-v1.0.0,2025-05-20,NQM5,2025-05-19,False,2025-05-19 17:00:00-04:00,503585.0,"{""NQM5"": 503585, ""NQU5"": 460, ""NQZ5"": 46}","{""NQM5"": 431760, ""NQU5"": 373, ""NQZ5"": 33}"
NQ,phase1-v1.0.0,2025-05-21,NQM5,2025-05-20,False,2025-05-20 17:00:00-04:00,431760.0,"{""NQM5"": 431760, ""NQU5"": 373, ""NQZ5"": 33}","{""NQH6"": 2, ""NQM5"": 597621, ""NQU5"": 822, ""NQZ5"": 30}"
NQ,phase1-v1.0.0,2025-05-22,NQM5,2025-05-21,False,2025-05-21 17:00:00-04:00,597621.0,"{""NQH6"": 2, ""NQM5"": 597621, ""NQU5"": 822, ""NQZ5"": 30}","{""NQM5"": 508856, ""NQU5"": 588, ""NQZ5"": 40}"
NQ,phase1-v1.0.0,2025-05-23,NQM5,2025-05-22,False,2025-05-22 17:00:00-04:00,508856.0,"{""NQM5"": 508856, ""NQU5"": 588, ""NQZ5"": 40}","{""NQM5"": 520244, ""NQU5"": 976, ""NQZ5"": 5}"
NQ,phase1-v1.0.0,2025-05-26,NQM5,2025-05-23,False,2025-05-25 17:00:00-04:00,520244.0,"{""NQM5"": 520244, ""NQU5"": 976, ""NQZ5"": 5}","{""NQM5"": 87319, ""NQU5"": 242, ""NQZ5"": 4}"
NQ,phase1-v1.0.0,2025-05-27,NQM5,2025-05-26,False,2025-05-26 17:00:00-04:00,87319.0,"{""NQM5"": 87319, ""NQU5"": 242, ""NQZ5"": 4}","{""NQM5"": 437426, ""NQU5"": 597, ""NQZ5"": 1}"
NQ,phase1-v1.0.0,2025-05-28,NQM5,2025-05-27,False,2025-05-27 17:00:00-04:00,437426.0,"{""NQM5"": 437426, ""NQU5"": 597, ""NQZ5"": 1}","{""NQM5"": 415811, ""NQU5"": 583, ""NQZ5"": 5}"
NQ,phase1-v1.0.0,2025-05-29,NQM5,2025-05-28,False,2025-05-28 17:00:00-04:00,415811.0,"{""NQM5"": 415811, ""NQU5"": 583, ""NQZ5"": 5}","{""NQM5"": 559283, ""NQU5"": 999, ""NQZ5"": 12}"
NQ,phase1-v1.0.0,2025-05-30,NQM5,2025-05-29,False,2025-05-29 17:00:00-04:00,559283.0,"{""NQM5"": 559283, ""NQU5"": 999, ""NQZ5"": 12}","{""NQH6"": 2, ""NQM5"": 542351, ""NQU5"": 1117, ""NQZ5"": 3, ""NQZ7"": 1}"
NQ,phase1-v1.0.0,2025-06-02,NQM5,2025-05-30,False,2025-06-01 17:00:00-04:00,542351.0,"{""NQH6"": 2, ""NQM5"": 542351, ""NQU5"": 1117, ""NQZ5"": 3, ""NQZ7"": 1}","{""NQM5"": 428279, ""NQU5"": 973, ""NQZ5"": 9}"
NQ,phase1-v1.0.0,2025-06-03,NQM5,2025-06-02,False,2025-06-02 17:00:00-04:00,428279.0,"{""NQM5"": 428279, ""NQU5"": 973, ""NQZ5"": 9}","{""NQM5"": 419118, ""NQU5"": 776, ""NQZ5"": 9}"
NQ,phase1-v1.0.0,2025-06-04,NQM5,2025-06-03,False,2025-06-03 17:00:00-04:00,419118.0,"{""NQM5"": 419118, ""NQU5"": 776, ""NQZ5"": 9}","{""NQM5"": 396186, ""NQU5"": 1099, ""NQZ5"": 12}"
NQ,phase1-v1.0.0,2025-06-05,NQM5,2025-06-04,False,2025-06-04 17:00:00-04:00,396186.0,"{""NQM5"": 396186, ""NQU5"": 1099, ""NQZ5"": 12}","{""NQM5"": 581110, ""NQU5"": 2229, ""NQZ5"": 38}"
NQ,phase1-v1.0.0,2025-06-06,NQM5,2025-06-05,False,2025-06-05 17:00:00-04:00,581110.0,"{""NQM5"": 581110, ""NQU5"": 2229, ""NQZ5"": 38}","{""NQM5"": 460119, ""NQU5"": 2137, ""NQZ5"": 28}"
NQ,phase1-v1.0.0,2025-06-09,NQM5,2025-06-06,False,2025-06-08 17:00:00-04:00,460119.0,"{""NQM5"": 460119, ""NQU5"": 2137, ""NQZ5"": 28}","{""NQM5"": 350758, ""NQU5"": 1519, ""NQZ5"": 5}"
NQ,phase1-v1.0.0,2025-06-10,NQM5,2025-06-09,False,2025-06-09 17:00:00-04:00,350758.0,"{""NQM5"": 350758, ""NQU5"": 1519, ""NQZ5"": 5}","{""NQM5"": 429199, ""NQU5"": 2914, ""NQZ5"": 12}"
NQ,phase1-v1.0.0,2025-06-11,NQM5,2025-06-10,False,2025-06-10 17:00:00-04:00,429199.0,"{""NQM5"": 429199, ""NQU5"": 2914, ""NQZ5"": 12}","{""NQM5"": 509299, ""NQU5"": 3852, ""NQZ5"": 18}"
NQ,phase1-v1.0.0,2025-06-12,NQM5,2025-06-11,False,2025-06-11 17:00:00-04:00,509299.0,"{""NQM5"": 509299, ""NQU5"": 3852, ""NQZ5"": 18}","{""NQM5"": 378429, ""NQU5"": 8356, ""NQZ5"": 21}"
NQ,phase1-v1.0.0,2025-06-13,NQM5,2025-06-12,False,2025-06-12 17:00:00-04:00,378429.0,"{""NQM5"": 378429, ""NQU5"": 8356, ""NQZ5"": 21}","{""NQM5"": 483935, ""NQU5"": 54724, ""NQZ5"": 46}"
NQ,phase1-v1.0.0,2025-06-16,NQM5,2025-06-13,False,2025-06-15 17:00:00-04:00,483935.0,"{""NQM5"": 483935, ""NQU5"": 54724, ""NQZ5"": 46}","{""NQM5"": 169373, ""NQU5"": 262263, ""NQZ5"": 69}"
NQ,phase1-v1.0.0,2025-06-17,NQU5,2025-06-16,False,2025-06-16 17:00:00-04:00,262263.0,"{""NQM5"": 169373, ""NQU5"": 262263, ""NQZ5"": 69}","{""NQM5"": 92687, ""NQU5"": 400305, ""NQZ5"": 36}"
NQ,phase1-v1.0.0,2025-06-18,NQU5,2025-06-17,False,2025-06-17 17:00:00-04:00,400305.0,"{""NQM5"": 92687, ""NQU5"": 400305, ""NQZ5"": 36}","{""NQH6"": 11, ""NQM5"": 73262, ""NQM6"": 1, ""NQU5"": 440717, ""NQZ5"": 45}"
NQ,phase1-v1.0.0,2025-06-19,NQU5,2025-06-18,False,2025-06-18 17:00:00-04:00,440717.0,"{""NQH6"": 11, ""NQM5"": 73262, ""NQM6"": 1, ""NQU5"": 440717, ""NQZ5"": 45}","{""NQM5"": 12162, ""NQU5"": 113479, ""NQZ5"": 19}"
NQ,phase1-v1.0.0,2025-06-20,NQU5,2025-06-19,False,2025-06-19 17:00:00-04:00,113479.0,"{""NQM5"": 12162, ""NQU5"": 113479, ""NQZ5"": 19}","{""NQM5"": 3888, ""NQU5"": 515500, ""NQZ5"": 239}"
NQ,phase1-v1.0.0,2025-06-23,NQU5,2025-06-20,False,2025-06-22 17:00:00-04:00,515500.0,"{""NQM5"": 3888, ""NQU5"": 515500, ""NQZ5"": 239}","{""NQU5"": 542445, ""NQZ5"": 435}"
NQ,phase1-v1.0.0,2025-06-24,NQU5,2025-06-23,False,2025-06-23 17:00:00-04:00,542445.0,"{""NQU5"": 542445, ""NQZ5"": 435}","{""NQH6"": 31, ""NQU5"": 441302, ""NQZ5"": 488}"
NQ,phase1-v1.0.0,2025-06-25,NQU5,2025-06-24,False,2025-06-24 17:00:00-04:00,441302.0,"{""NQH6"": 31, ""NQU5"": 441302, ""NQZ5"": 488}","{""NQU5"": 390111, ""NQZ5"": 255}"
NQ,phase1-v1.0.0,2025-06-26,NQU5,2025-06-25,False,2025-06-25 17:00:00-04:00,390111.0,"{""NQU5"": 390111, ""NQZ5"": 255}","{""NQU5"": 404964, ""NQZ5"": 321}"
NQ,phase1-v1.0.0,2025-06-27,NQU5,2025-06-26,False,2025-06-26 17:00:00-04:00,404964.0,"{""NQU5"": 404964, ""NQZ5"": 321}","{""NQU5"": 470733, ""NQZ5"": 445}"
NQ,phase1-v1.0.0,2025-06-30,NQU5,2025-06-27,False,2025-06-29 17:00:00-04:00,470733.0,"{""NQU5"": 470733, ""NQZ5"": 445}","{""NQU5"": 424767, ""NQZ5"": 491}"
NQ,phase1-v1.0.0,2025-07-01,NQU5,2025-06-30,False,2025-06-30 17:00:00-04:00,424767.0,"{""NQU5"": 424767, ""NQZ5"": 491}","{""NQU5"": 483196, ""NQZ5"": 416}"
NQ,phase1-v1.0.0,2025-07-02,NQU5,2025-07-01,False,2025-07-01 17:00:00-04:00,483196.0,"{""NQU5"": 483196, ""NQZ5"": 416}","{""NQH6"": 16, ""NQU5"": 402342, ""NQZ5"": 283}"
NQ,phase1-v1.0.0,2025-07-03,NQU5,2025-07-02,False,2025-07-02 17:00:00-04:00,402342.0,"{""NQH6"": 16, ""NQU5"": 402342, ""NQZ5"": 283}","{""NQH6"": 3, ""NQU5"": 264660, ""NQZ5"": 370}"
NQ,phase1-v1.0.0,2025-07-04,NQU5,2025-07-03,False,2025-07-03 17:00:00-04:00,264660.0,"{""NQH6"": 3, ""NQU5"": 264660, ""NQZ5"": 370}","{""NQU5"": 72496, ""NQZ5"": 221}"
NQ,phase1-v1.0.0,2025-07-07,NQU5,2025-07-04,False,2025-07-06 17:00:00-04:00,72496.0,"{""NQU5"": 72496, ""NQZ5"": 221}","{""NQU5"": 458601, ""NQZ5"": 328}"
NQ,phase1-v1.0.0,2025-07-08,NQU5,2025-07-07,False,2025-07-07 17:00:00-04:00,458601.0,"{""NQU5"": 458601, ""NQZ5"": 328}","{""NQU5"": 417034, ""NQZ5"": 159}"
NQ,phase1-v1.0.0,2025-07-09,NQU5,2025-07-08,False,2025-07-08 17:00:00-04:00,417034.0,"{""NQU5"": 417034, ""NQZ5"": 159}","{""NQH6"": 16, ""NQU5"": 444792, ""NQZ5"": 253}"
NQ,phase1-v1.0.0,2025-07-10,NQU5,2025-07-09,False,2025-07-09 17:00:00-04:00,444792.0,"{""NQH6"": 16, ""NQU5"": 444792, ""NQZ5"": 253}","{""NQU5"": 385379, ""NQZ5"": 189}"
NQ,phase1-v1.0.0,2025-07-11,NQU5,2025-07-10,False,2025-07-10 17:00:00-04:00,385379.0,"{""NQU5"": 385379, ""NQZ5"": 189}","{""NQU5"": 455727, ""NQZ5"": 430}"
NQ,phase1-v1.0.0,2025-07-14,NQU5,2025-07-11,False,2025-07-13 17:00:00-04:00,455727.0,"{""NQU5"": 455727, ""NQZ5"": 430}","{""NQU5"": 408577, ""NQZ5"": 311}"
NQ,phase1-v1.0.0,2025-07-15,NQU5,2025-07-14,False,2025-07-14 17:00:00-04:00,408577.0,"{""NQU5"": 408577, ""NQZ5"": 311}","{""NQH6"": 8, ""NQU5"": 519188, ""NQZ5"": 673}"
NQ,phase1-v1.0.0,2025-07-16,NQU5,2025-07-15,False,2025-07-15 17:00:00-04:00,519188.0,"{""NQH6"": 8, ""NQU5"": 519188, ""NQZ5"": 673}","{""NQU5"": 540438, ""NQZ5"": 420}"
NQ,phase1-v1.0.0,2025-07-17,NQU5,2025-07-16,False,2025-07-16 17:00:00-04:00,540438.0,"{""NQU5"": 540438, ""NQZ5"": 420}","{""NQH6"": 1, ""NQU5"": 436788, ""NQZ5"": 586}"
NQ,phase1-v1.0.0,2025-07-18,NQU5,2025-07-17,False,2025-07-17 17:00:00-04:00,436788.0,"{""NQH6"": 1, ""NQU5"": 436788, ""NQZ5"": 586}","{""NQH6"": 3, ""NQU5"": 437309, ""NQZ5"": 492}"
NQ,phase1-v1.0.0,2025-07-21,NQU5,2025-07-18,False,2025-07-20 17:00:00-04:00,437309.0,"{""NQH6"": 3, ""NQU5"": 437309, ""NQZ5"": 492}","{""NQH6"": 6, ""NQU5"": 390105, ""NQZ5"": 341}"
NQ,phase1-v1.0.0,2025-07-22,NQU5,2025-07-21,False,2025-07-21 17:00:00-04:00,390105.0,"{""NQH6"": 6, ""NQU5"": 390105, ""NQZ5"": 341}","{""NQU5"": 530913, ""NQZ5"": 373}"
NQ,phase1-v1.0.0,2025-07-23,NQU5,2025-07-22,False,2025-07-22 17:00:00-04:00,530913.0,"{""NQU5"": 530913, ""NQZ5"": 373}","{""NQH6"": 6, ""NQU5"": 508328, ""NQZ5"": 520}"
NQ,phase1-v1.0.0,2025-07-24,NQU5,2025-07-23,False,2025-07-23 17:00:00-04:00,508328.0,"{""NQH6"": 6, ""NQU5"": 508328, ""NQZ5"": 520}","{""NQH6"": 1, ""NQU5"": 430895, ""NQZ5"": 255}"
NQ,phase1-v1.0.0,2025-07-25,NQU5,2025-07-24,False,2025-07-24 17:00:00-04:00,430895.0,"{""NQH6"": 1, ""NQU5"": 430895, ""NQZ5"": 255}","{""NQU5"": 389934, ""NQZ5"": 208}"
NQ,phase1-v1.0.0,2025-07-28,NQU5,2025-07-25,False,2025-07-27 17:00:00-04:00,389934.0,"{""NQU5"": 389934, ""NQZ5"": 208}","{""NQH6"": 1, ""NQU5"": 419312, ""NQZ5"": 198}"
NQ,phase1-v1.0.0,2025-07-29,NQU5,2025-07-28,False,2025-07-28 17:00:00-04:00,419312.0,"{""NQH6"": 1, ""NQU5"": 419312, ""NQZ5"": 198}","{""NQH6"": 8, ""NQU5"": 530800, ""NQZ5"": 378}"
NQ,phase1-v1.0.0,2025-07-30,NQU5,2025-07-29,False,2025-07-29 17:00:00-04:00,530800.0,"{""NQH6"": 8, ""NQU5"": 530800, ""NQZ5"": 378}","{""NQH6"": 8, ""NQU5"": 527586, ""NQZ5"": 629}"
NQ,phase1-v1.0.0,2025-07-31,NQU5,2025-07-30,False,2025-07-30 17:00:00-04:00,527586.0,"{""NQH6"": 8, ""NQU5"": 527586, ""NQZ5"": 629}","{""NQH6"": 9, ""NQU5"": 728764, ""NQZ5"": 995}"
NQ,phase1-v1.0.0,2025-08-01,NQU5,2025-07-31,False,2025-07-31 17:00:00-04:00,728764.0,"{""NQH6"": 9, ""NQU5"": 728764, ""NQZ5"": 995}","{""NQH6"": 42, ""NQU5"": 792154, ""NQZ5"": 1496}"
NQ,phase1-v1.0.0,2025-08-04,NQU5,2025-08-01,False,2025-08-03 17:00:00-04:00,792154.0,"{""NQH6"": 42, ""NQU5"": 792154, ""NQZ5"": 1496}","{""NQH6"": 9, ""NQU5"": 463834, ""NQZ5"": 492}"
NQ,phase1-v1.0.0,2025-08-05,NQU5,2025-08-04,False,2025-08-04 17:00:00-04:00,463834.0,"{""NQH6"": 9, ""NQU5"": 463834, ""NQZ5"": 492}","{""NQH6"": 8, ""NQU5"": 536166, ""NQZ5"": 626}"
NQ,phase1-v1.0.0,2025-08-06,NQU5,2025-08-05,False,2025-08-05 17:00:00-04:00,536166.0,"{""NQH6"": 8, ""NQU5"": 536166, ""NQZ5"": 626}","{""NQH6"": 5, ""NQU5"": 516358, ""NQZ5"": 521}"
NQ,phase1-v1.0.0,2025-08-07,NQU5,2025-08-06,False,2025-08-06 17:00:00-04:00,516358.0,"{""NQH6"": 5, ""NQU5"": 516358, ""NQZ5"": 521}","{""NQH6"": 3, ""NQU5"": 557015, ""NQZ5"": 741}"
NQ,phase1-v1.0.0,2025-08-08,NQU5,2025-08-07,False,2025-08-07 17:00:00-04:00,557015.0,"{""NQH6"": 3, ""NQU5"": 557015, ""NQZ5"": 741}","{""NQH6"": 1, ""NQU5"": 447592, ""NQZ5"": 534}"
NQ,phase1-v1.0.0,2025-08-11,NQU5,2025-08-08,False,2025-08-10 17:00:00-04:00,447592.0,"{""NQH6"": 1, ""NQU5"": 447592, ""NQZ5"": 534}","{""NQU5"": 439363, ""NQZ5"": 423}"
NQ,phase1-v1.0.0,2025-08-12,NQU5,2025-08-11,False,2025-08-11 17:00:00-04:00,439363.0,"{""NQU5"": 439363, ""NQZ5"": 423}","{""NQH6"": 8, ""NQU5"": 480628, ""NQZ5"": 752}"
NQ,phase1-v1.0.0,2025-08-13,NQU5,2025-08-12,False,2025-08-12 17:00:00-04:00,480628.0,"{""NQH6"": 8, ""NQU5"": 480628, ""NQZ5"": 752}","{""NQH6"": 2, ""NQU5"": 448246, ""NQZ5"": 579}"
NQ,phase1-v1.0.0,2025-08-14,NQU5,2025-08-13,False,2025-08-13 17:00:00-04:00,448246.0,"{""NQH6"": 2, ""NQU5"": 448246, ""NQZ5"": 579}","{""NQH6"": 1, ""NQU5"": 486535, ""NQZ5"": 404}"
NQ,phase1-v1.0.0,2025-08-15,NQU5,2025-08-14,False,2025-08-14 17:00:00-04:00,486535.0,"{""NQH6"": 1, ""NQU5"": 486535, ""NQZ5"": 404}","{""NQH6"": 4, ""NQM6"": 1, ""NQU5"": 434317, ""NQZ5"": 523}"
NQ,phase1-v1.0.0,2025-08-18,NQU5,2025-08-15,False,2025-08-17 17:00:00-04:00,434317.0,"{""NQH6"": 4, ""NQM6"": 1, ""NQU5"": 434317, ""NQZ5"": 523}","{""NQH6"": 6, ""NQU5"": 396238, ""NQZ5"": 249}"
NQ,phase1-v1.0.0,2025-08-19,NQU5,2025-08-18,False,2025-08-18 17:00:00-04:00,396238.0,"{""NQH6"": 6, ""NQU5"": 396238, ""NQZ5"": 249}","{""NQU5"": 547883, ""NQZ5"": 404}"
NQ,phase1-v1.0.0,2025-08-20,NQU5,2025-08-19,False,2025-08-19 17:00:00-04:00,547883.0,"{""NQU5"": 547883, ""NQZ5"": 404}","{""NQH6"": 13, ""NQU5"": 704395, ""NQZ5"": 1049}"
NQ,phase1-v1.0.0,2025-08-21,NQU5,2025-08-20,False,2025-08-20 17:00:00-04:00,704395.0,"{""NQH6"": 13, ""NQU5"": 704395, ""NQZ5"": 1049}","{""NQU5"": 520650, ""NQZ5"": 911}"
NQ,phase1-v1.0.0,2025-08-22,NQU5,2025-08-21,False,2025-08-21 17:00:00-04:00,520650.0,"{""NQU5"": 520650, ""NQZ5"": 911}","{""NQH6"": 9, ""NQU5"": 480041, ""NQZ5"": 964}"
NQ,phase1-v1.0.0,2025-08-25,NQU5,2025-08-22,False,2025-08-24 17:00:00-04:00,480041.0,"{""NQH6"": 9, ""NQU5"": 480041, ""NQZ5"": 964}","{""NQH6"": 1, ""NQU5"": 396107, ""NQZ5"": 398}"
NQ,phase1-v1.0.0,2025-08-26,NQU5,2025-08-25,False,2025-08-25 17:00:00-04:00,396107.0,"{""NQH6"": 1, ""NQU5"": 396107, ""NQZ5"": 398}","{""NQH6"": 2, ""NQU5"": 437212, ""NQZ5"": 798}"
NQ,phase1-v1.0.0,2025-08-27,NQU5,2025-08-26,False,2025-08-26 17:00:00-04:00,437212.0,"{""NQH6"": 2, ""NQU5"": 437212, ""NQZ5"": 798}","{""NQH6"": 11, ""NQU5"": 428803, ""NQZ5"": 432}"
NQ,phase1-v1.0.0,2025-08-28,NQU5,2025-08-27,False,2025-08-27 17:00:00-04:00,428803.0,"{""NQH6"": 11, ""NQU5"": 428803, ""NQZ5"": 432}","{""NQH6"": 6, ""NQU5"": 479461, ""NQZ5"": 752}"
NQ,phase1-v1.0.0,2025-08-29,NQU5,2025-08-28,False,2025-08-28 17:00:00-04:00,479461.0,"{""NQH6"": 6, ""NQU5"": 479461, ""NQZ5"": 752}","{""NQH6"": 3, ""NQU5"": 527958, ""NQZ5"": 780}"
NQ,phase1-v1.0.0,2025-09-01,NQU5,2025-08-29,False,2025-08-31 17:00:00-04:00,527958.0,"{""NQH6"": 3, ""NQU5"": 527958, ""NQZ5"": 780}","{""NQH6"": 3, ""NQU5"": 87680, ""NQZ5"": 182}"
NQ,phase1-v1.0.0,2025-09-02,NQU5,2025-09-01,False,2025-09-01 17:00:00-04:00,87680.0,"{""NQH6"": 3, ""NQU5"": 87680, ""NQZ5"": 182}","{""NQH6"": 13, ""NQU5"": 649736, ""NQZ5"": 2133}"
NQ,phase1-v1.0.0,2025-09-03,NQU5,2025-09-02,False,2025-09-02 17:00:00-04:00,649736.0,"{""NQH6"": 13, ""NQU5"": 649736, ""NQZ5"": 2133}","{""NQH6"": 8, ""NQU5"": 557397, ""NQZ5"": 1362}"
NQ,phase1-v1.0.0,2025-09-04,NQU5,2025-09-03,False,2025-09-03 17:00:00-04:00,557397.0,"{""NQH6"": 8, ""NQU5"": 557397, ""NQZ5"": 1362}","{""NQH6"": 4, ""NQU5"": 475080, ""NQZ5"": 1637}"
NQ,phase1-v1.0.0,2025-09-05,NQU5,2025-09-04,False,2025-09-04 17:00:00-04:00,475080.0,"{""NQH6"": 4, ""NQU5"": 475080, ""NQZ5"": 1637}","{""NQH6"": 34, ""NQU5"": 662754, ""NQZ5"": 2997}"
NQ,phase1-v1.0.0,2025-09-08,NQU5,2025-09-05,False,2025-09-07 17:00:00-04:00,662754.0,"{""NQH6"": 34, ""NQU5"": 662754, ""NQZ5"": 2997}","{""NQH6"": 7, ""NQU5"": 450764, ""NQZ5"": 2170}"
NQ,phase1-v1.0.0,2025-09-09,NQU5,2025-09-08,False,2025-09-08 17:00:00-04:00,450764.0,"{""NQH6"": 7, ""NQU5"": 450764, ""NQZ5"": 2170}","{""NQH6"": 9, ""NQU5"": 466233, ""NQZ5"": 2412}"
NQ,phase1-v1.0.0,2025-09-10,NQU5,2025-09-09,False,2025-09-09 17:00:00-04:00,466233.0,"{""NQH6"": 9, ""NQU5"": 466233, ""NQZ5"": 2412}","{""NQH6"": 20, ""NQU5"": 510078, ""NQZ5"": 3301}"
NQ,phase1-v1.0.0,2025-09-11,NQU5,2025-09-10,False,2025-09-10 17:00:00-04:00,510078.0,"{""NQH6"": 20, ""NQU5"": 510078, ""NQZ5"": 3301}","{""NQH6"": 24, ""NQU5"": 429449, ""NQZ5"": 8107}"
NQ,phase1-v1.0.0,2025-09-12,NQU5,2025-09-11,False,2025-09-11 17:00:00-04:00,429449.0,"{""NQH6"": 24, ""NQU5"": 429449, ""NQZ5"": 8107}","{""NQH6"": 13, ""NQU5"": 382625, ""NQZ5"": 30118}"
NQ,phase1-v1.0.0,2025-09-15,NQU5,2025-09-12,False,2025-09-14 17:00:00-04:00,382625.0,"{""NQH6"": 13, ""NQU5"": 382625, ""NQZ5"": 30118}","{""NQH6"": 26, ""NQU5"": 218969, ""NQZ5"": 216515, ""NQZ7"": 1}"
NQ,phase1-v1.0.0,2025-09-16,NQU5,2025-09-15,False,2025-09-15 17:00:00-04:00,218969.0,"{""NQH6"": 26, ""NQU5"": 218969, ""NQZ5"": 216515, ""NQZ7"": 1}","{""NQH6"": 40, ""NQU5"": 94412, ""NQZ5"": 320651}"
NQ,phase1-v1.0.0,2025-09-17,NQZ5,2025-09-16,False,2025-09-16 17:00:00-04:00,320651.0,"{""NQH6"": 40, ""NQU5"": 94412, ""NQZ5"": 320651}","{""NQH6"": 64, ""NQU5"": 107323, ""NQZ5"": 549031}"
NQ,phase1-v1.0.0,2025-09-18,NQZ5,2025-09-17,False,2025-09-17 17:00:00-04:00,549031.0,"{""NQH6"": 64, ""NQU5"": 107323, ""NQZ5"": 549031}","{""NQH6"": 116, ""NQU5"": 66944, ""NQZ5"": 518528}"
NQ,phase1-v1.0.0,2025-09-19,NQZ5,2025-09-18,False,2025-09-18 17:00:00-04:00,518528.0,"{""NQH6"": 116, ""NQU5"": 66944, ""NQZ5"": 518528}","{""NQH6"": 217, ""NQM6"": 1, ""NQU5"": 2461, ""NQZ5"": 480380}"
NQ,phase1-v1.0.0,2025-09-22,NQZ5,2025-09-19,False,2025-09-21 17:00:00-04:00,480380.0,"{""NQH6"": 217, ""NQM6"": 1, ""NQU5"": 2461, ""NQZ5"": 480380}","{""NQH6"": 132, ""NQZ5"": 467903}"
NQ,phase1-v1.0.0,2025-09-23,NQZ5,2025-09-22,False,2025-09-22 17:00:00-04:00,467903.0,"{""NQH6"": 132, ""NQZ5"": 467903}","{""NQH6"": 311, ""NQZ5"": 551327}"
NQ,phase1-v1.0.0,2025-09-24,NQZ5,2025-09-23,False,2025-09-23 17:00:00-04:00,551327.0,"{""NQH6"": 311, ""NQZ5"": 551327}","{""NQH6"": 324, ""NQZ5"": 521655}"
NQ,phase1-v1.0.0,2025-09-25,NQZ5,2025-09-24,False,2025-09-24 17:00:00-04:00,521655.0,"{""NQH6"": 324, ""NQZ5"": 521655}","{""NQH6"": 519, ""NQZ5"": 687130}"
NQ,phase1-v1.0.0,2025-09-26,NQZ5,2025-09-25,False,2025-09-25 17:00:00-04:00,687130.0,"{""NQH6"": 519, ""NQZ5"": 687130}","{""NQH6"": 367, ""NQZ5"": 542986}"
NQ,phase1-v1.0.0,2025-09-29,NQZ5,2025-09-26,False,2025-09-28 17:00:00-04:00,542986.0,"{""NQH6"": 367, ""NQZ5"": 542986}","{""NQH6"": 360, ""NQZ5"": 501113}"
NQ,phase1-v1.0.0,2025-09-30,NQZ5,2025-09-29,False,2025-09-29 17:00:00-04:00,501113.0,"{""NQH6"": 360, ""NQZ5"": 501113}","{""NQH6"": 353, ""NQZ5"": 503096}"
NQ,phase1-v1.0.0,2025-10-01,NQZ5,2025-09-30,False,2025-09-30 17:00:00-04:00,503096.0,"{""NQH6"": 353, ""NQZ5"": 503096}","{""NQH6"": 313, ""NQZ5"": 466539, ""NQZ6"": 1}"
NQ,phase1-v1.0.0,2025-10-02,NQZ5,2025-10-01,False,2025-10-01 17:00:00-04:00,466539.0,"{""NQH6"": 313, ""NQZ5"": 466539, ""NQZ6"": 1}","{""NQH6"": 372, ""NQZ5"": 451665}"
NQ,phase1-v1.0.0,2025-10-03,NQZ5,2025-10-02,False,2025-10-02 17:00:00-04:00,451665.0,"{""NQH6"": 372, ""NQZ5"": 451665}","{""NQH6"": 391, ""NQZ5"": 482299}"
NQ,phase1-v1.0.0,2025-10-06,NQZ5,2025-10-03,False,2025-10-05 17:00:00-04:00,482299.0,"{""NQH6"": 391, ""NQZ5"": 482299}","{""NQH6"": 269, ""NQZ5"": 410616}"
NQ,phase1-v1.0.0,2025-10-07,NQZ5,2025-10-06,False,2025-10-06 17:00:00-04:00,410616.0,"{""NQH6"": 269, ""NQZ5"": 410616}","{""NQH6"": 342, ""NQZ5"": 532138}"
NQ,phase1-v1.0.0,2025-10-08,NQZ5,2025-10-07,False,2025-10-07 17:00:00-04:00,532138.0,"{""NQH6"": 342, ""NQZ5"": 532138}","{""NQH6"": 349, ""NQM6"": 2, ""NQZ5"": 436333}"
NQ,phase1-v1.0.0,2025-10-09,NQZ5,2025-10-08,False,2025-10-08 17:00:00-04:00,436333.0,"{""NQH6"": 349, ""NQM6"": 2, ""NQZ5"": 436333}","{""NQH6"": 356, ""NQZ5"": 493736}"
NQ,phase1-v1.0.0,2025-10-10,NQZ5,2025-10-09,False,2025-10-09 17:00:00-04:00,493736.0,"{""NQH6"": 356, ""NQZ5"": 493736}","{""NQH6"": 1177, ""NQM6"": 5, ""NQZ5"": 914794}"
NQ,phase1-v1.0.0,2025-10-13,NQZ5,2025-10-10,False,2025-10-12 17:00:00-04:00,914794.0,"{""NQH6"": 1177, ""NQM6"": 5, ""NQZ5"": 914794}","{""NQH6"": 633, ""NQM6"": 5, ""NQZ5"": 649746}"
NQ,phase1-v1.0.0,2025-10-14,NQZ5,2025-10-13,False,2025-10-13 17:00:00-04:00,649746.0,"{""NQH6"": 633, ""NQM6"": 5, ""NQZ5"": 649746}","{""NQH6"": 704, ""NQM6"": 4, ""NQZ5"": 720613}"
NQ,phase1-v1.0.0,2025-10-15,NQZ5,2025-10-14,False,2025-10-14 17:00:00-04:00,720613.0,"{""NQH6"": 704, ""NQM6"": 4, ""NQZ5"": 720613}","{""NQH6"": 562, ""NQM6"": 5, ""NQZ5"": 623584}"
NQ,phase1-v1.0.0,2025-10-16,NQZ5,2025-10-15,False,2025-10-15 17:00:00-04:00,623584.0,"{""NQH6"": 562, ""NQM6"": 5, ""NQZ5"": 623584}","{""NQH6"": 732, ""NQM6"": 4, ""NQZ5"": 726829}"
NQ,phase1-v1.0.0,2025-10-17,NQZ5,2025-10-16,False,2025-10-16 17:00:00-04:00,726829.0,"{""NQH6"": 732, ""NQM6"": 4, ""NQZ5"": 726829}","{""NQH6"": 737, ""NQM6"": 4, ""NQZ5"": 735170}"
NQ,phase1-v1.0.0,2025-10-20,NQZ5,2025-10-17,False,2025-10-19 17:00:00-04:00,735170.0,"{""NQH6"": 737, ""NQM6"": 4, ""NQZ5"": 735170}","{""NQH6"": 230, ""NQM6"": 9, ""NQZ5"": 429882}"
NQ,phase1-v1.0.0,2025-10-21,NQZ5,2025-10-20,False,2025-10-20 17:00:00-04:00,429882.0,"{""NQH6"": 230, ""NQM6"": 9, ""NQZ5"": 429882}","{""NQH6"": 292, ""NQM6"": 9, ""NQZ5"": 432351}"
NQ,phase1-v1.0.0,2025-10-22,NQZ5,2025-10-21,False,2025-10-21 17:00:00-04:00,432351.0,"{""NQH6"": 292, ""NQM6"": 9, ""NQZ5"": 432351}","{""NQH6"": 558, ""NQM6"": 6, ""NQZ5"": 683813}"
NQ,phase1-v1.0.0,2025-10-23,NQZ5,2025-10-22,False,2025-10-22 17:00:00-04:00,683813.0,"{""NQH6"": 558, ""NQM6"": 6, ""NQZ5"": 683813}","{""NQH6"": 392, ""NQM6"": 3, ""NQZ5"": 521868}"
NQ,phase1-v1.0.0,2025-10-24,NQZ5,2025-10-23,False,2025-10-23 17:00:00-04:00,521868.0,"{""NQH6"": 392, ""NQM6"": 3, ""NQZ5"": 521868}","{""NQH6"": 513, ""NQM6"": 11, ""NQZ5"": 459795}"
NQ,phase1-v1.0.0,2025-10-27,NQZ5,2025-10-24,False,2025-10-26 17:00:00-04:00,459795.0,"{""NQH6"": 513, ""NQM6"": 11, ""NQZ5"": 459795}","{""NQH6"": 478, ""NQM6"": 6, ""NQU6"": 1, ""NQZ5"": 421306}"
NQ,phase1-v1.0.0,2025-10-28,NQZ5,2025-10-27,False,2025-10-27 17:00:00-04:00,421306.0,"{""NQH6"": 478, ""NQM6"": 6, ""NQU6"": 1, ""NQZ5"": 421306}","{""NQH6"": 323, ""NQM6"": 1, ""NQZ5"": 440019}"
NQ,phase1-v1.0.0,2025-10-29,NQZ5,2025-10-28,False,2025-10-28 17:00:00-04:00,440019.0,"{""NQH6"": 323, ""NQM6"": 1, ""NQZ5"": 440019}","{""NQH6"": 700, ""NQM6"": 2, ""NQZ5"": 548648}"
NQ,phase1-v1.0.0,2025-10-30,NQZ5,2025-10-29,False,2025-10-29 17:00:00-04:00,548648.0,"{""NQH6"": 700, ""NQM6"": 2, ""NQZ5"": 548648}","{""NQH6"": 807, ""NQM6"": 4, ""NQZ5"": 654512}"
NQ,phase1-v1.0.0,2025-10-31,NQZ5,2025-10-30,False,2025-10-30 17:00:00-04:00,654512.0,"{""NQH6"": 807, ""NQM6"": 4, ""NQZ5"": 654512}","{""NQH6"": 812, ""NQM6"": 6, ""NQU6"": 1, ""NQZ5"": 590702}"
NQ,phase1-v1.0.0,2025-11-02,NQZ5,2025-10-31,False,2025-11-01 17:00:00-04:00,590702.0,"{""NQH6"": 812, ""NQM6"": 6, ""NQU6"": 1, ""NQZ5"": 590702}","{""NQH6"": 34, ""NQZ5"": 28384}"
NQ,phase1-v1.0.0,2025-11-03,NQZ5,2025-11-02,False,2025-11-02 17:00:00-05:00,28384.0,"{""NQH6"": 34, ""NQZ5"": 28384}","{""NQH6"": 279, ""NQM6"": 9, ""NQZ5"": 440022}"
NQ,phase1-v1.0.0,2025-11-04,NQZ5,2025-11-03,False,2025-11-03 17:00:00-05:00,440022.0,"{""NQH6"": 279, ""NQM6"": 9, ""NQZ5"": 440022}","{""NQH6"": 732, ""NQM6"": 15, ""NQZ5"": 659924}"
NQ,phase1-v1.0.0,2025-11-05,NQZ5,2025-11-04,False,2025-11-04 17:00:00-05:00,659924.0,"{""NQH6"": 732, ""NQM6"": 15, ""NQZ5"": 659924}","{""NQH6"": 929, ""NQM6"": 17, ""NQZ5"": 610347}"
NQ,phase1-v1.0.0,2025-11-06,NQZ5,2025-11-05,False,2025-11-05 17:00:00-05:00,610347.0,"{""NQH6"": 929, ""NQM6"": 17, ""NQZ5"": 610347}","{""NQH6"": 749, ""NQM6"": 14, ""NQZ5"": 746174}"
NQ,phase1-v1.0.0,2025-11-07,NQZ5,2025-11-06,False,2025-11-06 17:00:00-05:00,746174.0,"{""NQH6"": 749, ""NQM6"": 14, ""NQZ5"": 746174}","{""NQH6"": 1099, ""NQM6"": 9, ""NQZ5"": 752909}"
NQ,phase1-v1.0.0,2025-11-10,NQZ5,2025-11-07,False,2025-11-09 17:00:00-05:00,752909.0,"{""NQH6"": 1099, ""NQM6"": 9, ""NQZ5"": 752909}","{""NQH6"": 708, ""NQM6"": 30, ""NQZ5"": 609648}"
NQ,phase1-v1.0.0,2025-11-11,NQZ5,2025-11-10,False,2025-11-10 17:00:00-05:00,609648.0,"{""NQH6"": 708, ""NQM6"": 30, ""NQZ5"": 609648}","{""NQH6"": 459, ""NQM6"": 17, ""NQZ5"": 524477}"
NQ,phase1-v1.0.0,2025-11-12,NQZ5,2025-11-11,False,2025-11-11 17:00:00-05:00,524477.0,"{""NQH6"": 459, ""NQM6"": 17, ""NQZ5"": 524477}","{""NQH6"": 594, ""NQM6"": 11, ""NQZ5"": 599965}"
NQ,phase1-v1.0.0,2025-11-13,NQZ5,2025-11-12,False,2025-11-12 17:00:00-05:00,599965.0,"{""NQH6"": 594, ""NQM6"": 11, ""NQZ5"": 599965}","{""NQH6"": 719, ""NQM6"": 32, ""NQZ5"": 764574}"
NQ,phase1-v1.0.0,2025-11-14,NQZ5,2025-11-13,False,2025-11-13 17:00:00-05:00,764574.0,"{""NQH6"": 719, ""NQM6"": 32, ""NQZ5"": 764574}","{""NQH6"": 911, ""NQM6"": 21, ""NQZ5"": 847616}"
NQ,phase1-v1.0.0,2025-11-17,NQZ5,2025-11-14,False,2025-11-16 17:00:00-05:00,847616.0,"{""NQH6"": 911, ""NQM6"": 21, ""NQZ5"": 847616}","{""NQH6"": 936, ""NQM6"": 13, ""NQZ5"": 731541}"
NQ,phase1-v1.0.0,2025-11-18,NQZ5,2025-11-17,False,2025-11-17 17:00:00-05:00,731541.0,"{""NQH6"": 936, ""NQM6"": 13, ""NQZ5"": 731541}","{""NQH6"": 1302, ""NQM6"": 2, ""NQZ5"": 860410}"
NQ,phase1-v1.0.0,2025-11-19,NQZ5,2025-11-18,False,2025-11-18 17:00:00-05:00,860410.0,"{""NQH6"": 1302, ""NQM6"": 2, ""NQZ5"": 860410}","{""NQH6"": 964, ""NQM6"": 15, ""NQZ5"": 761609}"
NQ,phase1-v1.0.0,2025-11-20,NQZ5,2025-11-19,False,2025-11-19 17:00:00-05:00,761609.0,"{""NQH6"": 964, ""NQM6"": 15, ""NQZ5"": 761609}","{""NQH6"": 1835, ""NQM6"": 29, ""NQZ5"": 975531}"
NQ,phase1-v1.0.0,2025-11-21,NQZ5,2025-11-20,False,2025-11-20 17:00:00-05:00,975531.0,"{""NQH6"": 1835, ""NQM6"": 29, ""NQZ5"": 975531}","{""NQH6"": 1885, ""NQM6"": 21, ""NQZ5"": 903236}"
NQ,phase1-v1.0.0,2025-11-24,NQZ5,2025-11-21,False,2025-11-23 17:00:00-05:00,903236.0,"{""NQH6"": 1885, ""NQM6"": 21, ""NQZ5"": 903236}","{""NQH6"": 847, ""NQM6"": 22, ""NQZ5"": 593852}"
NQ,phase1-v1.0.0,2025-11-25,NQZ5,2025-11-24,False,2025-11-24 17:00:00-05:00,593852.0,"{""NQH6"": 847, ""NQM6"": 22, ""NQZ5"": 593852}","{""NQH6"": 1159, ""NQM6"": 16, ""NQZ5"": 617788}"
NQ,phase1-v1.0.0,2025-11-26,NQZ5,2025-11-25,False,2025-11-25 17:00:00-05:00,617788.0,"{""NQH6"": 1159, ""NQM6"": 16, ""NQZ5"": 617788}","{""NQH6"": 932, ""NQM6"": 7, ""NQZ5"": 513391}"
NQ,phase1-v1.0.0,2025-11-27,NQZ5,2025-11-26,False,2025-11-26 17:00:00-05:00,513391.0,"{""NQH6"": 932, ""NQM6"": 7, ""NQZ5"": 513391}","{""NQH6"": 171, ""NQZ5"": 46766}"
NQ,phase1-v1.0.0,2025-11-28,NQZ5,2025-11-27,False,2025-11-27 17:00:00-05:00,46766.0,"{""NQH6"": 171, ""NQZ5"": 46766}","{""NQH6"": 262, ""NQZ5"": 149531}"
NQ,phase1-v1.0.0,2025-12-01,NQZ5,2025-11-28,False,2025-11-30 17:00:00-05:00,149531.0,"{""NQH6"": 262, ""NQZ5"": 149531}","{""NQH6"": 1096, ""NQM6"": 3, ""NQZ5"": 567265}"
NQ,phase1-v1.0.0,2025-12-02,NQZ5,2025-12-01,False,2025-12-01 17:00:00-05:00,567265.0,"{""NQH6"": 1096, ""NQM6"": 3, ""NQZ5"": 567265}","{""NQH6"": 1283, ""NQM6"": 33, ""NQZ5"": 554416}"
NQ,phase1-v1.0.0,2025-12-03,NQZ5,2025-12-02,False,2025-12-02 17:00:00-05:00,554416.0,"{""NQH6"": 1283, ""NQM6"": 33, ""NQZ5"": 554416}","{""NQH6"": 1136, ""NQM6"": 30, ""NQZ5"": 485865}"
NQ,phase1-v1.0.0,2025-12-04,NQZ5,2025-12-03,False,2025-12-03 17:00:00-05:00,485865.0,"{""NQH6"": 1136, ""NQM6"": 30, ""NQZ5"": 485865}","{""NQH6"": 1188, ""NQM6"": 39, ""NQZ5"": 504410}"
NQ,phase1-v1.0.0,2025-12-05,NQZ5,2025-12-04,False,2025-12-04 17:00:00-05:00,504410.0,"{""NQH6"": 1188, ""NQM6"": 39, ""NQZ5"": 504410}","{""NQH6"": 1566, ""NQM6"": 30, ""NQZ5"": 488183}"
NQ,phase1-v1.0.0,2025-12-08,NQZ5,2025-12-05,False,2025-12-07 17:00:00-05:00,488183.0,"{""NQH6"": 1566, ""NQM6"": 30, ""NQZ5"": 488183}","{""NQH6"": 2071, ""NQM6"": 14, ""NQZ5"": 467045}"
NQ,phase1-v1.0.0,2025-12-09,NQZ5,2025-12-08,False,2025-12-08 17:00:00-05:00,467045.0,"{""NQH6"": 2071, ""NQM6"": 14, ""NQZ5"": 467045}","{""NQH6"": 1462, ""NQM6"": 12, ""NQZ5"": 400961}"
NQ,phase1-v1.0.0,2025-12-10,NQZ5,2025-12-09,False,2025-12-09 17:00:00-05:00,400961.0,"{""NQH6"": 1462, ""NQM6"": 12, ""NQZ5"": 400961}","{""NQH6"": 4188, ""NQM6"": 39, ""NQZ5"": 538109}"
NQ,phase1-v1.0.0,2025-12-11,NQZ5,2025-12-10,False,2025-12-10 17:00:00-05:00,538109.0,"{""NQH6"": 4188, ""NQM6"": 39, ""NQZ5"": 538109}","{""NQH6"": 8069, ""NQM6"": 75, ""NQZ5"": 612703}"
NQ,phase1-v1.0.0,2025-12-12,NQZ5,2025-12-11,False,2025-12-11 17:00:00-05:00,612703.0,"{""NQH6"": 8069, ""NQM6"": 75, ""NQZ5"": 612703}","{""NQH6"": 31456, ""NQM6"": 54, ""NQZ5"": 688034}"
NQ,phase1-v1.0.0,2025-12-15,NQZ5,2025-12-12,False,2025-12-14 17:00:00-05:00,688034.0,"{""NQH6"": 31456, ""NQM6"": 54, ""NQZ5"": 688034}","{""NQH6"": 304939, ""NQM6"": 51, ""NQZ5"": 241982}"
NQ,phase1-v1.0.0,2025-12-16,NQH6,2025-12-15,False,2025-12-15 17:00:00-05:00,304939.0,"{""NQH6"": 304939, ""NQM6"": 51, ""NQZ5"": 241982}","{""NQH6"": 545470, ""NQM6"": 161, ""NQZ5"": 115614}"
NQ,phase1-v1.0.0,2025-12-17,NQH6,2025-12-16,False,2025-12-16 17:00:00-05:00,545470.0,"{""NQH6"": 545470, ""NQM6"": 161, ""NQZ5"": 115614}","{""NQH6"": 628078, ""NQM6"": 282, ""NQU6"": 2, ""NQZ5"": 72506}"
NQ,phase1-v1.0.0,2025-12-18,NQH6,2025-12-17,False,2025-12-17 17:00:00-05:00,628078.0,"{""NQH6"": 628078, ""NQM6"": 282, ""NQU6"": 2, ""NQZ5"": 72506}","{""NQH6"": 661010, ""NQM6"": 149, ""NQZ5"": 60218}"
NQ,phase1-v1.0.0,2025-12-19,NQH6,2025-12-18,False,2025-12-18 17:00:00-05:00,661010.0,"{""NQH6"": 661010, ""NQM6"": 149, ""NQZ5"": 60218}","{""NQH6"": 485585, ""NQM6"": 352, ""NQZ5"": 2620}"
NQ,phase1-v1.0.0,2025-12-22,NQH6,2025-12-19,False,2025-12-21 17:00:00-05:00,485585.0,"{""NQH6"": 485585, ""NQM6"": 352, ""NQZ5"": 2620}","{""NQH6"": 361214, ""NQM6"": 232}"
NQ,phase1-v1.0.0,2025-12-23,NQH6,2025-12-22,False,2025-12-22 17:00:00-05:00,361214.0,"{""NQH6"": 361214, ""NQM6"": 232}","{""NQH6"": 330542, ""NQM6"": 187}"
NQ,phase1-v1.0.0,2025-12-24,NQH6,2025-12-23,False,2025-12-23 17:00:00-05:00,330542.0,"{""NQH6"": 330542, ""NQM6"": 187}","{""NQH6"": 159844, ""NQM6"": 71}"
NQ,phase1-v1.0.0,2025-12-26,NQH6,2025-12-24,False,2025-12-25 17:00:00-05:00,159844.0,"{""NQH6"": 159844, ""NQM6"": 71}","{""NQH6"": 235607, ""NQM6"": 236}"
NQ,phase1-v1.0.0,2025-12-29,NQH6,2025-12-26,False,2025-12-28 17:00:00-05:00,235607.0,"{""NQH6"": 235607, ""NQM6"": 236}","{""NQH6"": 341852, ""NQM6"": 271, ""NQU6"": 2}"
NQ,phase1-v1.0.0,2025-12-30,NQH6,2025-12-29,False,2025-12-29 17:00:00-05:00,341852.0,"{""NQH6"": 341852, ""NQM6"": 271, ""NQU6"": 2}","{""NQH6"": 296428, ""NQM6"": 108}"
NQ,phase1-v1.0.0,2025-12-31,NQH6,2025-12-30,False,2025-12-30 17:00:00-05:00,296428.0,"{""NQH6"": 296428, ""NQM6"": 108}","{""NQH6"": 319280, ""NQM6"": 161, ""NQU6"": 1}"
NQ,phase1-v1.0.0,2026-01-02,NQH6,2025-12-31,False,2026-01-01 17:00:00-05:00,319280.0,"{""NQH6"": 319280, ""NQM6"": 161, ""NQU6"": 1}","{""NQH6"": 538534, ""NQM6"": 402}"
NQ,phase1-v1.0.0,2026-01-05,NQH6,2026-01-02,False,2026-01-04 17:00:00-05:00,538534.0,"{""NQH6"": 538534, ""NQM6"": 402}","{""NQH6"": 453961, ""NQM6"": 320}"
NQ,phase1-v1.0.0,2026-01-06,NQH6,2026-01-05,False,2026-01-05 17:00:00-05:00,453961.0,"{""NQH6"": 453961, ""NQM6"": 320}","{""NQH6"": 439147, ""NQM6"": 335}"
NQ,phase1-v1.0.0,2026-01-07,NQH6,2026-01-06,False,2026-01-06 17:00:00-05:00,439147.0,"{""NQH6"": 439147, ""NQM6"": 335}","{""NQH6"": 470730, ""NQM6"": 240, ""NQU6"": 1}"
NQ,phase1-v1.0.0,2026-01-08,NQH6,2026-01-07,False,2026-01-07 17:00:00-05:00,470730.0,"{""NQH6"": 470730, ""NQM6"": 240, ""NQU6"": 1}","{""NQH6"": 501382, ""NQM6"": 241}"
NQ,phase1-v1.0.0,2026-01-09,NQH6,2026-01-08,False,2026-01-08 17:00:00-05:00,501382.0,"{""NQH6"": 501382, ""NQM6"": 241}","{""NQH6"": 502228, ""NQM6"": 278}"
NQ,phase1-v1.0.0,2026-01-12,NQH6,2026-01-09,False,2026-01-11 17:00:00-05:00,502228.0,"{""NQH6"": 502228, ""NQM6"": 278}","{""NQH6"": 449308, ""NQM6"": 297}"
NQ,phase1-v1.0.0,2026-01-13,NQH6,2026-01-12,False,2026-01-12 17:00:00-05:00,449308.0,"{""NQH6"": 449308, ""NQM6"": 297}","{""NQH6"": 554832, ""NQM6"": 339}"
NQ,phase1-v1.0.0,2026-01-14,NQH6,2026-01-13,False,2026-01-13 17:00:00-05:00,554832.0,"{""NQH6"": 554832, ""NQM6"": 339}","{""NQH6"": 634632, ""NQM6"": 464, ""NQU6"": 1}"
NQ,phase1-v1.0.0,2026-01-15,NQH6,2026-01-14,False,2026-01-14 17:00:00-05:00,634632.0,"{""NQH6"": 634632, ""NQM6"": 464, ""NQU6"": 1}","{""NQH6"": 583324, ""NQM6"": 657}"
NQ,phase1-v1.0.0,2026-01-16,NQH6,2026-01-15,False,2026-01-15 17:00:00-05:00,583324.0,"{""NQH6"": 583324, ""NQM6"": 657}","{""NQH6"": 482272, ""NQM6"": 317}"
NQ,phase1-v1.0.0,2026-01-19,NQH6,2026-01-16,False,2026-01-18 17:00:00-05:00,482272.0,"{""NQH6"": 482272, ""NQM6"": 317}","{""NQH6"": 168250, ""NQM6"": 394, ""NQU6"": 3}"
NQ,phase1-v1.0.0,2026-01-20,NQH6,2026-01-19,False,2026-01-19 17:00:00-05:00,168250.0,"{""NQH6"": 168250, ""NQM6"": 394, ""NQU6"": 3}","{""NQH6"": 683009, ""NQM6"": 682, ""NQU6"": 4}"
NQ,phase1-v1.0.0,2026-01-21,NQH6,2026-01-20,False,2026-01-20 17:00:00-05:00,683009.0,"{""NQH6"": 683009, ""NQM6"": 682, ""NQU6"": 4}","{""NQH6"": 794674, ""NQM6"": 1413, ""NQU6"": 9}"
NQ,phase1-v1.0.0,2026-01-22,NQH6,2026-01-21,False,2026-01-21 17:00:00-05:00,794674.0,"{""NQH6"": 794674, ""NQM6"": 1413, ""NQU6"": 9}","{""NQH6"": 526657, ""NQM6"": 550, ""NQU6"": 2}"
NQ,phase1-v1.0.0,2026-01-23,NQH6,2026-01-22,False,2026-01-22 17:00:00-05:00,526657.0,"{""NQH6"": 526657, ""NQM6"": 550, ""NQU6"": 2}","{""NQH6"": 499583, ""NQM6"": 502}"
NQ,phase1-v1.0.0,2026-01-26,NQH6,2026-01-23,False,2026-01-25 17:00:00-05:00,499583.0,"{""NQH6"": 499583, ""NQM6"": 502}","{""NQH6"": 442305, ""NQM6"": 652, ""NQU6"": 2}"
NQ,phase1-v1.0.0,2026-01-27,NQH6,2026-01-26,False,2026-01-26 17:00:00-05:00,442305.0,"{""NQH6"": 442305, ""NQM6"": 652, ""NQU6"": 2}","{""NQH6"": 420244, ""NQM6"": 853, ""NQU6"": 24}"
NQ,phase1-v1.0.0,2026-01-28,NQH6,2026-01-27,False,2026-01-27 17:00:00-05:00,420244.0,"{""NQH6"": 420244, ""NQM6"": 853, ""NQU6"": 24}","{""NQH6"": 506423, ""NQM6"": 1097}"
NQ,phase1-v1.0.0,2026-01-29,NQH6,2026-01-28,False,2026-01-28 17:00:00-05:00,506423.0,"{""NQH6"": 506423, ""NQM6"": 1097}","{""NQH6"": 687692, ""NQM6"": 1403}"
NQ,phase1-v1.0.0,2026-01-30,NQH6,2026-01-29,False,2026-01-29 17:00:00-05:00,687692.0,"{""NQH6"": 687692, ""NQM6"": 1403}","{""NQH6"": 700879, ""NQM6"": 2683}"
NQ,phase1-v1.0.0,2026-02-02,NQH6,2026-01-30,False,2026-02-01 17:00:00-05:00,700879.0,"{""NQH6"": 700879, ""NQM6"": 2683}","{""NQH6"": 570038, ""NQM6"": 1274, ""NQU6"": 1}"
NQ,phase1-v1.0.0,2026-02-03,NQH6,2026-02-02,False,2026-02-02 17:00:00-05:00,570038.0,"{""NQH6"": 570038, ""NQM6"": 1274, ""NQU6"": 1}","{""NQH6"": 685605, ""NQM6"": 1538, ""NQU6"": 7}"
NQ,phase1-v1.0.0,2026-02-04,NQH6,2026-02-03,False,2026-02-03 17:00:00-05:00,685605.0,"{""NQH6"": 685605, ""NQM6"": 1538, ""NQU6"": 7}","{""NQH6"": 732808, ""NQM6"": 2628, ""NQU6"": 22, ""NQZ6"": 1}"
NQ,phase1-v1.0.0,2026-02-05,NQH6,2026-02-04,False,2026-02-04 17:00:00-05:00,732808.0,"{""NQH6"": 732808, ""NQM6"": 2628, ""NQU6"": 22, ""NQZ6"": 1}","{""NQH6"": 762113, ""NQM6"": 1950, ""NQU6"": 28}"
NQ,phase1-v1.0.0,2026-02-06,NQH6,2026-02-05,False,2026-02-05 17:00:00-05:00,762113.0,"{""NQH6"": 762113, ""NQM6"": 1950, ""NQU6"": 28}","{""NQH6"": 638954, ""NQM6"": 3229, ""NQU6"": 13}"
NQ,phase1-v1.0.0,2026-02-09,NQH6,2026-02-06,False,2026-02-08 17:00:00-05:00,638954.0,"{""NQH6"": 638954, ""NQM6"": 3229, ""NQU6"": 13}","{""NQH6"": 482764, ""NQM6"": 1729, ""NQU6"": 7}"
NQ,phase1-v1.0.0,2026-02-10,NQH6,2026-02-09,False,2026-02-09 17:00:00-05:00,482764.0,"{""NQH6"": 482764, ""NQM6"": 1729, ""NQU6"": 7}","{""NQH6"": 465118, ""NQM6"": 449, ""NQU6"": 1}"
NQ,phase1-v1.0.0,2026-02-11,NQH6,2026-02-10,False,2026-02-10 17:00:00-05:00,465118.0,"{""NQH6"": 465118, ""NQM6"": 449, ""NQU6"": 1}","{""NQH6"": 524535, ""NQM6"": 674, ""NQU6"": 1}"
NQ,phase1-v1.0.0,2026-02-12,NQH6,2026-02-11,False,2026-02-11 17:00:00-05:00,524535.0,"{""NQH6"": 524535, ""NQM6"": 674, ""NQU6"": 1}","{""NQH6"": 653809, ""NQM6"": 2561, ""NQU6"": 15}"
NQ,phase1-v1.0.0,2026-02-13,NQH6,2026-02-12,False,2026-02-12 17:00:00-05:00,653809.0,"{""NQH6"": 653809, ""NQM6"": 2561, ""NQU6"": 15}","{""NQH6"": 678824, ""NQM6"": 2011, ""NQU6"": 9}"
NQ,phase1-v1.0.0,2026-02-16,NQH6,2026-02-13,False,2026-02-15 17:00:00-05:00,678824.0,"{""NQH6"": 678824, ""NQM6"": 2011, ""NQU6"": 9}","{""NQH6"": 106793, ""NQM6"": 307}"
NQ,phase1-v1.0.0,2026-02-17,NQH6,2026-02-16,False,2026-02-16 17:00:00-05:00,106793.0,"{""NQH6"": 106793, ""NQM6"": 307}","{""NQH6"": 636519, ""NQM6"": 3314, ""NQU6"": 23}"
NQ,phase1-v1.0.0,2026-02-18,NQH6,2026-02-17,False,2026-02-17 17:00:00-05:00,636519.0,"{""NQH6"": 636519, ""NQM6"": 3314, ""NQU6"": 23}","{""NQH6"": 532109, ""NQM6"": 989, ""NQU6"": 3}"
NQ,phase1-v1.0.0,2026-02-19,NQH6,2026-02-18,False,2026-02-18 17:00:00-05:00,532109.0,"{""NQH6"": 532109, ""NQM6"": 989, ""NQU6"": 3}","{""NQH6"": 500469, ""NQM6"": 1405, ""NQU6"": 1}"
NQ,phase1-v1.0.0,2026-02-20,NQH6,2026-02-19,False,2026-02-19 17:00:00-05:00,500469.0,"{""NQH6"": 500469, ""NQM6"": 1405, ""NQU6"": 1}","{""NQH6"": 609190, ""NQM6"": 1992, ""NQU6"": 1}"
NQ,phase1-v1.0.0,2026-02-23,NQH6,2026-02-20,False,2026-02-22 17:00:00-05:00,609190.0,"{""NQH6"": 609190, ""NQM6"": 1992, ""NQU6"": 1}","{""NQH6"": 583352, ""NQM6"": 2083, ""NQU6"": 8}"
NQ,phase1-v1.0.0,2026-02-24,NQH6,2026-02-23,False,2026-02-23 17:00:00-05:00,583352.0,"{""NQH6"": 583352, ""NQM6"": 2083, ""NQU6"": 8}","{""NQH6"": 510065, ""NQM6"": 934, ""NQU6"": 3}"
NQ,phase1-v1.0.0,2026-02-25,NQH6,2026-02-24,False,2026-02-24 17:00:00-05:00,510065.0,"{""NQH6"": 510065, ""NQM6"": 934, ""NQU6"": 3}","{""NQH6"": 409069, ""NQM6"": 867, ""NQU6"": 7}"
NQ,phase1-v1.0.0,2026-02-26,NQH6,2026-02-25,False,2026-02-25 17:00:00-05:00,409069.0,"{""NQH6"": 409069, ""NQM6"": 867, ""NQU6"": 7}","{""NQH6"": 581208, ""NQM6"": 2995, ""NQU6"": 16}"
NQ,phase1-v1.0.0,2026-02-27,NQH6,2026-02-26,False,2026-02-26 17:00:00-05:00,581208.0,"{""NQH6"": 581208, ""NQM6"": 2995, ""NQU6"": 16}","{""NQH6"": 552498, ""NQM6"": 3939, ""NQU6"": 20}"
NQ,phase1-v1.0.0,2026-03-02,NQH6,2026-02-27,False,2026-03-01 17:00:00-05:00,552498.0,"{""NQH6"": 552498, ""NQM6"": 3939, ""NQU6"": 20}","{""NQH6"": 615472, ""NQM6"": 5779, ""NQU6"": 16}"
NQ,phase1-v1.0.0,2026-03-03,NQH6,2026-03-02,False,2026-03-02 17:00:00-05:00,615472.0,"{""NQH6"": 615472, ""NQM6"": 5779, ""NQU6"": 16}","{""NQH6"": 704497, ""NQM6"": 11314, ""NQU6"": 30}"
NQ,phase1-v1.0.0,2026-03-04,NQH6,2026-03-03,False,2026-03-03 17:00:00-05:00,704497.0,"{""NQH6"": 704497, ""NQM6"": 11314, ""NQU6"": 30}","{""NQH6"": 588798, ""NQM6"": 4896, ""NQU6"": 17, ""NQZ6"": 1}"
NQ,phase1-v1.0.0,2026-03-05,NQH6,2026-03-04,False,2026-03-04 17:00:00-05:00,588798.0,"{""NQH6"": 588798, ""NQM6"": 4896, ""NQU6"": 17, ""NQZ6"": 1}","{""NQH6"": 670421, ""NQM6"": 3608, ""NQU6"": 27}"
NQ,phase1-v1.0.0,2026-03-06,NQH6,2026-03-05,False,2026-03-05 17:00:00-05:00,670421.0,"{""NQH6"": 670421, ""NQM6"": 3608, ""NQU6"": 27}","{""NQH6"": 629977, ""NQM6"": 3854, ""NQU6"": 26}"
NQ,phase1-v1.0.0,2026-03-09,NQH6,2026-03-06,False,2026-03-08 17:00:00-04:00,629977.0,"{""NQH6"": 629977, ""NQM6"": 3854, ""NQU6"": 26}","{""NQH6"": 696544, ""NQM6"": 8442, ""NQU6"": 36, ""NQZ6"": 1}"
NQ,phase1-v1.0.0,2026-03-10,NQH6,2026-03-09,False,2026-03-09 17:00:00-04:00,696544.0,"{""NQH6"": 696544, ""NQM6"": 8442, ""NQU6"": 36, ""NQZ6"": 1}","{""NQH6"": 552388, ""NQM6"": 4579, ""NQU6"": 21}"
NQ,phase1-v1.0.0,2026-03-11,NQH6,2026-03-10,False,2026-03-10 17:00:00-04:00,552388.0,"{""NQH6"": 552388, ""NQM6"": 4579, ""NQU6"": 21}","{""NQH6"": 467980, ""NQM6"": 4492, ""NQU6"": 8}"
NQ,phase1-v1.0.0,2026-03-12,NQH6,2026-03-11,False,2026-03-11 17:00:00-04:00,467980.0,"{""NQH6"": 467980, ""NQM6"": 4492, ""NQU6"": 8}","{""NQH6"": 542709, ""NQM6"": 9042, ""NQU6"": 19}"
NQ,phase1-v1.0.0,2026-03-13,NQH6,2026-03-12,False,2026-03-12 17:00:00-04:00,542709.0,"{""NQH6"": 542709, ""NQM6"": 9042, ""NQU6"": 19}","{""NQH6"": 539281, ""NQM6"": 26553, ""NQU6"": 30}"
NQ,phase1-v1.0.0,2026-03-16,NQH6,2026-03-13,False,2026-03-15 17:00:00-04:00,539281.0,"{""NQH6"": 539281, ""NQM6"": 26553, ""NQU6"": 30}","{""NQH6"": 249341, ""NQM6"": 280694, ""NQU6"": 61}"
NQ,phase1-v1.0.0,2026-03-17,NQM6,2026-03-16,False,2026-03-16 17:00:00-04:00,280694.0,"{""NQH6"": 249341, ""NQM6"": 280694, ""NQU6"": 61}","{""NQH6"": 77381, ""NQM6"": 354897, ""NQU6"": 21}"
NQ,phase1-v1.0.0,2026-03-18,NQM6,2026-03-17,False,2026-03-17 17:00:00-04:00,354897.0,"{""NQH6"": 77381, ""NQM6"": 354897, ""NQU6"": 21}","{""NQH6"": 68869, ""NQM6"": 444077, ""NQU6"": 137}"
NQ,phase1-v1.0.0,2026-03-19,NQM6,2026-03-18,False,2026-03-18 17:00:00-04:00,444077.0,"{""NQH6"": 68869, ""NQM6"": 444077, ""NQU6"": 137}","{""NQH6"": 32783, ""NQM6"": 586238, ""NQU6"": 95}"
NQ,phase1-v1.0.0,2026-03-20,NQM6,2026-03-19,False,2026-03-19 17:00:00-04:00,586238.0,"{""NQH6"": 32783, ""NQM6"": 586238, ""NQU6"": 95}","{""NQH6"": 3859, ""NQM6"": 579181, ""NQU6"": 721}"
NQ,phase1-v1.0.0,2026-03-23,NQM6,2026-03-20,False,2026-03-22 17:00:00-04:00,579181.0,"{""NQH6"": 3859, ""NQM6"": 579181, ""NQU6"": 721}","{""NQM6"": 672424, ""NQU6"": 1736}"
NQ,phase1-v1.0.0,2026-03-24,NQM6,2026-03-23,False,2026-03-23 17:00:00-04:00,672424.0,"{""NQM6"": 672424, ""NQU6"": 1736}","{""NQM6"": 538222, ""NQU6"": 480}"
NQ,phase1-v1.0.0,2026-03-25,NQM6,2026-03-24,False,2026-03-24 17:00:00-04:00,538222.0,"{""NQM6"": 538222, ""NQU6"": 480}","{""NQM6"": 515447, ""NQU6"": 443}"
NQ,phase1-v1.0.0,2026-03-26,NQM6,2026-03-25,False,2026-03-25 17:00:00-04:00,515447.0,"{""NQM6"": 515447, ""NQU6"": 443}","{""NQM6"": 538803, ""NQU6"": 1237}"
NQ,phase1-v1.0.0,2026-03-27,NQM6,2026-03-26,False,2026-03-26 17:00:00-04:00,538803.0,"{""NQM6"": 538803, ""NQU6"": 1237}","{""NQM6"": 550358, ""NQU6"": 1309}"
NQ,phase1-v1.0.0,2026-03-30,NQM6,2026-03-27,False,2026-03-29 17:00:00-04:00,550358.0,"{""NQM6"": 550358, ""NQU6"": 1309}","{""NQM6"": 549468, ""NQU6"": 1244}"
NQ,phase1-v1.0.0,2026-03-31,NQM6,2026-03-30,False,2026-03-30 17:00:00-04:00,549468.0,"{""NQM6"": 549468, ""NQU6"": 1244}","{""NQM6"": 735377, ""NQU6"": 1155}"
NQ,phase1-v1.0.0,2026-04-01,NQM6,2026-03-31,False,2026-03-31 17:00:00-04:00,735377.0,"{""NQM6"": 735377, ""NQU6"": 1155}","{""NQM6"": 563402, ""NQU6"": 1138, ""NQZ6"": 2}"
NQ,phase1-v1.0.0,2026-04-02,NQM6,2026-04-01,False,2026-04-01 17:00:00-04:00,563402.0,"{""NQM6"": 563402, ""NQU6"": 1138, ""NQZ6"": 2}","{""NQM6"": 567490, ""NQU6"": 1137}"
NQ,phase1-v1.0.0,2026-04-03,NQM6,2026-04-02,False,2026-04-02 17:00:00-04:00,567490.0,"{""NQM6"": 567490, ""NQU6"": 1137}","{""NQM6"": 42430, ""NQU6"": 20, ""NQZ6"": 2}"
NQ,phase1-v1.0.0,2026-04-06,NQM6,2026-04-03,False,2026-04-05 17:00:00-04:00,42430.0,"{""NQM6"": 42430, ""NQU6"": 20, ""NQZ6"": 2}","{""NQM6"": 434240, ""NQU6"": 617}"
NQ,phase1-v1.0.0,2026-04-07,NQM6,2026-04-06,False,2026-04-06 17:00:00-04:00,434240.0,"{""NQM6"": 434240, ""NQU6"": 617}","{""NQM6"": 569404, ""NQU6"": 2696}"
NQ,phase1-v1.0.0,2026-04-08,NQM6,2026-04-07,False,2026-04-07 17:00:00-04:00,569404.0,"{""NQM6"": 569404, ""NQU6"": 2696}","{""NQM6"": 626765, ""NQU6"": 879, ""NQZ6"": 2}"
NQ,phase1-v1.0.0,2026-04-09,NQM6,2026-04-08,False,2026-04-08 17:00:00-04:00,626765.0,"{""NQM6"": 626765, ""NQU6"": 879, ""NQZ6"": 2}","{""NQM6"": 505801, ""NQU6"": 803}"
NQ,phase1-v1.0.0,2026-04-10,NQM6,2026-04-09,False,2026-04-09 17:00:00-04:00,505801.0,"{""NQM6"": 505801, ""NQU6"": 803}","{""NQM6"": 423912, ""NQU6"": 375, ""NQZ6"": 1}"
NQ,phase1-v1.0.0,2026-04-13,NQM6,2026-04-10,False,2026-04-12 17:00:00-04:00,423912.0,"{""NQM6"": 423912, ""NQU6"": 375, ""NQZ6"": 1}","{""NQM6"": 500858, ""NQU6"": 699, ""NQZ6"": 2}"
NQ,phase1-v1.0.0,2026-04-14,NQM6,2026-04-13,False,2026-04-13 17:00:00-04:00,500858.0,"{""NQM6"": 500858, ""NQU6"": 699, ""NQZ6"": 2}","{""NQM6"": 461316, ""NQU6"": 483, ""NQZ6"": 1}"
NQ,phase1-v1.0.0,2026-04-15,NQM6,2026-04-14,False,2026-04-14 17:00:00-04:00,461316.0,"{""NQM6"": 461316, ""NQU6"": 483, ""NQZ6"": 1}","{""NQM6"": 504256, ""NQU6"": 524, ""NQZ6"": 10}"
NQ,phase1-v1.0.0,2026-04-16,NQM6,2026-04-15,False,2026-04-15 17:00:00-04:00,504256.0,"{""NQM6"": 504256, ""NQU6"": 524, ""NQZ6"": 10}","{""NQM6"": 577541, ""NQU6"": 478, ""NQZ6"": 8}"
NQ,phase1-v1.0.0,2026-04-17,NQM6,2026-04-16,False,2026-04-16 17:00:00-04:00,577541.0,"{""NQM6"": 577541, ""NQU6"": 478, ""NQZ6"": 8}","{""NQM6"": 582463, ""NQU6"": 523, ""NQZ6"": 2}"
NQ,phase1-v1.0.0,2026-04-20,NQM6,2026-04-17,False,2026-04-19 17:00:00-04:00,582463.0,"{""NQM6"": 582463, ""NQU6"": 523, ""NQZ6"": 2}","{""NQM6"": 490577, ""NQU6"": 395, ""NQZ6"": 1}"
NQ,phase1-v1.0.0,2026-04-21,NQM6,2026-04-20,False,2026-04-20 17:00:00-04:00,490577.0,"{""NQM6"": 490577, ""NQU6"": 395, ""NQZ6"": 1}","{""NQM6"": 599674, ""NQU6"": 448}"
NQ,phase1-v1.0.0,2026-04-22,NQM6,2026-04-21,False,2026-04-21 17:00:00-04:00,599674.0,"{""NQM6"": 599674, ""NQU6"": 448}","{""NQM6"": 498627, ""NQU6"": 482, ""NQZ6"": 2}"
NQ,phase1-v1.0.0,2026-04-23,NQM6,2026-04-22,False,2026-04-22 17:00:00-04:00,498627.0,"{""NQM6"": 498627, ""NQU6"": 482, ""NQZ6"": 2}","{""NQM6"": 635289, ""NQU6"": 696, ""NQZ6"": 6}"
NQ,phase1-v1.0.0,2026-04-24,NQM6,2026-04-23,False,2026-04-23 17:00:00-04:00,635289.0,"{""NQM6"": 635289, ""NQU6"": 696, ""NQZ6"": 6}","{""NQM6"": 532415, ""NQU6"": 596, ""NQZ6"": 7}"
NQ,phase1-v1.0.0,2026-04-27,NQM6,2026-04-24,False,2026-04-26 17:00:00-04:00,532415.0,"{""NQM6"": 532415, ""NQU6"": 596, ""NQZ6"": 7}","{""NQM6"": 434646, ""NQU6"": 500}"
NQ,phase1-v1.0.0,2026-04-28,NQM6,2026-04-27,False,2026-04-27 17:00:00-04:00,434646.0,"{""NQM6"": 434646, ""NQU6"": 500}","{""NQM6"": 591663, ""NQU6"": 435, ""NQZ6"": 5}"
NQ,phase1-v1.0.0,2026-04-29,NQM6,2026-04-28,False,2026-04-28 17:00:00-04:00,591663.0,"{""NQM6"": 591663, ""NQU6"": 435, ""NQZ6"": 5}","{""NQM6"": 511472, ""NQU6"": 483, ""NQZ6"": 2}"
NQ,phase1-v1.0.0,2026-04-30,NQM6,2026-04-29,False,2026-04-29 17:00:00-04:00,511472.0,"{""NQM6"": 511472, ""NQU6"": 483, ""NQZ6"": 2}","{""NQM6"": 688492, ""NQM7"": 1, ""NQU6"": 1029, ""NQZ6"": 5}"
NQ,phase1-v1.0.0,2026-05-01,NQM6,2026-04-30,False,2026-04-30 17:00:00-04:00,688492.0,"{""NQM6"": 688492, ""NQM7"": 1, ""NQU6"": 1029, ""NQZ6"": 5}","{""NQM6"": 499576, ""NQU6"": 1136, ""NQZ6"": 6}"
NQ,phase1-v1.0.0,2026-05-04,NQM6,2026-05-01,False,2026-05-03 17:00:00-04:00,499576.0,"{""NQM6"": 499576, ""NQU6"": 1136, ""NQZ6"": 6}","{""NQM6"": 563422, ""NQU6"": 590, ""NQZ6"": 5}"
NQ,phase1-v1.0.0,2026-05-05,NQM6,2026-05-04,False,2026-05-04 17:00:00-04:00,563422.0,"{""NQM6"": 563422, ""NQU6"": 590, ""NQZ6"": 5}","{""NQM6"": 443187, ""NQU6"": 672, ""NQZ6"": 9}"
NQ,phase1-v1.0.0,2026-05-06,NQM6,2026-05-05,False,2026-05-05 17:00:00-04:00,443187.0,"{""NQM6"": 443187, ""NQU6"": 672, ""NQZ6"": 9}","{""NQM6"": 620719, ""NQU6"": 908, ""NQZ6"": 10}"
NQ,phase1-v1.0.0,2026-05-07,NQM6,2026-05-06,False,2026-05-06 17:00:00-04:00,620719.0,"{""NQM6"": 620719, ""NQU6"": 908, ""NQZ6"": 10}","{""NQM6"": 648101, ""NQU6"": 1385, ""NQZ6"": 13}"
NQ,phase1-v1.0.0,2026-05-08,NQM6,2026-05-07,False,2026-05-07 17:00:00-04:00,648101.0,"{""NQM6"": 648101, ""NQU6"": 1385, ""NQZ6"": 13}","{""NQM6"": 527654, ""NQM7"": 2, ""NQU6"": 808, ""NQZ6"": 22}"
NQ,phase1-v1.0.0,2026-05-11,NQM6,2026-05-08,False,2026-05-10 17:00:00-04:00,527654.0,"{""NQM6"": 527654, ""NQM7"": 2, ""NQU6"": 808, ""NQZ6"": 22}","{""NQM6"": 539212, ""NQU6"": 746, ""NQZ6"": 18}"
NQ,phase1-v1.0.0,2026-05-12,NQM6,2026-05-11,False,2026-05-11 17:00:00-04:00,539212.0,"{""NQM6"": 539212, ""NQU6"": 746, ""NQZ6"": 18}","{""NQM6"": 703198, ""NQU6"": 1322, ""NQZ6"": 12}"
NQ,phase1-v1.0.0,2026-05-13,NQM6,2026-05-12,False,2026-05-12 17:00:00-04:00,703198.0,"{""NQM6"": 703198, ""NQU6"": 1322, ""NQZ6"": 12}","{""NQM6"": 559962, ""NQU6"": 964, ""NQZ6"": 31}"
NQ,phase1-v1.0.0,2026-05-14,NQM6,2026-05-13,False,2026-05-13 17:00:00-04:00,559962.0,"{""NQM6"": 559962, ""NQU6"": 964, ""NQZ6"": 31}","{""NQH7"": 1, ""NQM6"": 601457, ""NQU6"": 1160, ""NQZ6"": 12}"
NQ,phase1-v1.0.0,2026-05-15,NQM6,2026-05-14,False,2026-05-14 17:00:00-04:00,601457.0,"{""NQH7"": 1, ""NQM6"": 601457, ""NQU6"": 1160, ""NQZ6"": 12}","{""NQM6"": 739183, ""NQU6"": 1514, ""NQZ6"": 30}"
NQ,phase1-v1.0.0,2026-05-18,NQM6,2026-05-15,False,2026-05-17 17:00:00-04:00,739183.0,"{""NQM6"": 739183, ""NQU6"": 1514, ""NQZ6"": 30}","{""NQM6"": 838221, ""NQU6"": 1875, ""NQZ6"": 24}"
NQ,phase1-v1.0.0,2026-05-19,NQM6,2026-05-18,False,2026-05-18 17:00:00-04:00,838221.0,"{""NQM6"": 838221, ""NQU6"": 1875, ""NQZ6"": 24}","{""NQM6"": 705989, ""NQU6"": 1947, ""NQZ6"": 17}"
NQ,phase1-v1.0.0,2026-05-20,NQM6,2026-05-19,False,2026-05-19 17:00:00-04:00,705989.0,"{""NQM6"": 705989, ""NQU6"": 1947, ""NQZ6"": 17}","{""NQM6"": 594556, ""NQU6"": 1249, ""NQZ6"": 7}"
NQ,phase1-v1.0.0,2026-05-21,NQM6,2026-05-20,False,2026-05-20 17:00:00-04:00,594556.0,"{""NQM6"": 594556, ""NQU6"": 1249, ""NQZ6"": 7}","{""NQM6"": 603451, ""NQU6"": 1245, ""NQZ6"": 8}"
NQ,phase1-v1.0.0,2026-05-22,NQM6,2026-05-21,False,2026-05-21 17:00:00-04:00,603451.0,"{""NQM6"": 603451, ""NQU6"": 1245, ""NQZ6"": 8}","{""NQM6"": 482942, ""NQU6"": 1357, ""NQZ6"": 12}"
NQ,phase1-v1.0.0,2026-05-25,NQM6,2026-05-22,False,2026-05-24 17:00:00-04:00,482942.0,"{""NQM6"": 482942, ""NQU6"": 1357, ""NQZ6"": 12}","{""NQM6"": 125160, ""NQU6"": 827, ""NQZ6"": 6}"
NQ,phase1-v1.0.0,2026-05-26,NQM6,2026-05-25,False,2026-05-25 17:00:00-04:00,125160.0,"{""NQM6"": 125160, ""NQU6"": 827, ""NQZ6"": 6}","{""NQM6"": 532832, ""NQU6"": 1438, ""NQZ6"": 24}"
NQ,phase1-v1.0.0,2026-05-27,NQM6,2026-05-26,False,2026-05-26 17:00:00-04:00,532832.0,"{""NQM6"": 532832, ""NQU6"": 1438, ""NQZ6"": 24}","{""NQM6"": 625014, ""NQU6"": 4105, ""NQZ6"": 38}"
NQ,phase1-v1.0.0,2026-05-28,NQM6,2026-05-27,False,2026-05-27 17:00:00-04:00,625014.0,"{""NQM6"": 625014, ""NQU6"": 4105, ""NQZ6"": 38}","{""NQM6"": 546308, ""NQU6"": 2568, ""NQZ6"": 25}"
NQ,phase1-v1.0.0,2026-05-29,NQM6,2026-05-28,False,2026-05-28 17:00:00-04:00,546308.0,"{""NQM6"": 546308, ""NQU6"": 2568, ""NQZ6"": 25}","{""NQM6"": 564469, ""NQU6"": 1581, ""NQZ6"": 28}"
NQ,phase1-v1.0.0,2026-06-01,NQM6,2026-05-29,False,2026-05-31 17:00:00-04:00,564469.0,"{""NQM6"": 564469, ""NQU6"": 1581, ""NQZ6"": 28}","{""NQM6"": 557868, ""NQU6"": 1932, ""NQZ6"": 42}"
NQ,phase1-v1.0.0,2026-06-02,NQM6,2026-06-01,False,2026-06-01 17:00:00-04:00,557868.0,"{""NQM6"": 557868, ""NQU6"": 1932, ""NQZ6"": 42}","{""NQM6"": 512347, ""NQU6"": 1714, ""NQZ6"": 6}"
NQ,phase1-v1.0.0,2026-06-03,NQM6,2026-06-02,False,2026-06-02 17:00:00-04:00,512347.0,"{""NQM6"": 512347, ""NQU6"": 1714, ""NQZ6"": 6}","{""NQM6"": 621284, ""NQU6"": 3277, ""NQZ6"": 7}"
NQ,phase1-v1.0.0,2026-06-04,NQM6,2026-06-03,False,2026-06-03 17:00:00-04:00,621284.0,"{""NQM6"": 621284, ""NQU6"": 3277, ""NQZ6"": 7}","{""NQM6"": 668884, ""NQU6"": 3773, ""NQZ6"": 40}"
NQ,phase1-v1.0.0,2026-06-05,NQM6,2026-06-04,False,2026-06-04 17:00:00-04:00,668884.0,"{""NQM6"": 668884, ""NQU6"": 3773, ""NQZ6"": 40}","{""NQM6"": 1001874, ""NQU6"": 10402, ""NQZ6"": 41}"
NQ,phase1-v1.0.0,2026-06-08,NQM6,2026-06-05,False,2026-06-07 17:00:00-04:00,1001874.0,"{""NQM6"": 1001874, ""NQU6"": 10402, ""NQZ6"": 41}","{""NQM6"": 42653, ""NQU6"": 355, ""NQZ6"": 2}"
NQ,phase1-v1.0.0,2026-07-06,NQU6,2026-06-08,True,2026-07-05 17:00:00-04:00,,"{""NQM6"": 42653, ""NQU6"": 355, ""NQZ6"": 2}","{""NQU6"": 431536, ""NQZ6"": 660}"
NQ,phase1-v1.0.0,2026-07-07,NQU6,2026-07-06,False,2026-07-06 17:00:00-04:00,431536.0,"{""NQU6"": 431536, ""NQZ6"": 660}","{""NQU6"": 572409, ""NQZ6"": 955}"
NQ,phase1-v1.0.0,2026-07-08,NQU6,2026-07-07,False,2026-07-07 17:00:00-04:00,572409.0,"{""NQU6"": 572409, ""NQZ6"": 955}","{""NQU6"": 547350, ""NQZ6"": 1530}"
NQ,phase1-v1.0.0,2026-07-09,NQU6,2026-07-08,False,2026-07-08 17:00:00-04:00,547350.0,"{""NQU6"": 547350, ""NQZ6"": 1530}","{""NQU6"": 456423, ""NQZ6"": 855}"
NQ,phase1-v1.0.0,2026-07-10,NQU6,2026-07-09,False,2026-07-09 17:00:00-04:00,456423.0,"{""NQU6"": 456423, ""NQZ6"": 855}","{""NQU6"": 419300, ""NQZ6"": 483}"
NQ,phase1-v1.0.0,2026-07-13,NQU6,2026-07-10,False,2026-07-12 17:00:00-04:00,419300.0,"{""NQU6"": 419300, ""NQZ6"": 483}","{""NQU6"": 18451, ""NQZ6"": 17}"
