session,day,event_type,event_subtype
2026-07-13,2026-07-13,displacement,BAD_BEARISH_DISPLACEMENT x4
2026-07-13,2026-07-13,displacement,BAD_BULLISH_DISPLACEMENT x6
2026-07-13,2026-07-13,displacement,DISPLACEMENT_CONTINUATION x86
2026-07-13,2026-07-13,displacement,DISPLACEMENT_FAILED_CONTINUATION x11
2026-07-13,2026-07-13,displacement,GOOD_BEARISH_DISPLACEMENT x20
2026-07-13,2026-07-13,displacement,GOOD_BULLISH_DISPLACEMENT x15
2026-07-13,2026-07-13,displacement,MIXED_BEARISH_DISPLACEMENT x55
2026-07-13,2026-07-13,displacement,MIXED_BULLISH_DISPLACEMENT x52
2026-07-13,2026-07-13,fvg,BEARISH_FVG_CONTINUATION x1
2026-07-13,2026-07-13,fvg,BEARISH_FVG_EXACT_TOUCH x2
2026-07-13,2026-07-13,fvg,BEARISH_FVG_EXPIRY x4
2026-07-13,2026-07-13,fvg,BEARISH_FVG_FAILURE x47
2026-07-13,2026-07-13,fvg,BEARISH_FVG_FIRST_FILL x48
2026-07-13,2026-07-13,fvg,BEARISH_FVG_FIRST_TOUCH x48
2026-07-13,2026-07-13,fvg,BEARISH_FVG_FORMED x50
2026-07-13,2026-07-13,fvg,BEARISH_FVG_FULL_FILL x51
2026-07-13,2026-07-13,fvg,BEARISH_FVG_MIDPOINT x49
2026-07-13,2026-07-13,fvg,BEARISH_FVG_REVISIT x149
2026-07-13,2026-07-13,fvg,BULLISH_FVG_EXACT_TOUCH x3
2026-07-13,2026-07-13,fvg,BULLISH_FVG_FAILURE x42
2026-07-13,2026-07-13,fvg,BULLISH_FVG_FIRST_FILL x40
2026-07-13,2026-07-13,fvg,BULLISH_FVG_FIRST_TOUCH x40
2026-07-13,2026-07-13,fvg,BULLISH_FVG_FORMED x46
2026-07-13,2026-07-13,fvg,BULLISH_FVG_FULL_FILL x40
2026-07-13,2026-07-13,fvg,BULLISH_FVG_MIDPOINT x41
2026-07-13,2026-07-13,fvg,BULLISH_FVG_REVISIT x161
2026-07-13,2026-07-13,hist_level,PREV_3SESSION_LOW_EXACT_TOUCH x1
2026-07-13,2026-07-13,hist_level,PREV_3SESSION_LOW_FIRST_TOUCH x1
2026-07-13,2026-07-13,hist_level,PREV_DAY_LOW_EXACT_TOUCH x1
2026-07-13,2026-07-13,hist_level,PREV_DAY_LOW_FIRST_TOUCH x1
2026-07-13,2026-07-13,hist_level,PREV_RTH_CLOSE_ACCEPTANCE_ABOVE x6
2026-07-13,2026-07-13,hist_level,PREV_RTH_CLOSE_ACCEPTANCE_BELOW x7
2026-07-13,2026-07-13,hist_level,PREV_RTH_CLOSE_CONTINUATION x12
2026-07-13,2026-07-13,hist_level,PREV_RTH_CLOSE_RECLAIM x16
2026-07-13,2026-07-13,hist_level,PREV_RTH_CLOSE_REJECTION x19
2026-07-13,2026-07-13,hist_level,PREV_RTH_CLOSE_REVISIT x35
2026-07-13,2026-07-13,hist_level,PREV_RTH_CLOSE_SWEEP_ABOVE x14
2026-07-13,2026-07-13,hist_level,PREV_RTH_CLOSE_SWEEP_BELOW x5
2026-07-13,2026-07-13,hist_level,PREV_RTH_LOW_ACCEPTANCE_ABOVE x5
2026-07-13,2026-07-13,hist_level,PREV_RTH_LOW_ACCEPTANCE_BELOW x7
2026-07-13,2026-07-13,hist_level,PREV_RTH_LOW_CONTINUATION x12
2026-07-13,2026-07-13,hist_level,PREV_RTH_LOW_EXACT_TOUCH x1
2026-07-13,2026-07-13,hist_level,PREV_RTH_LOW_RECLAIM x20
2026-07-13,2026-07-13,hist_level,PREV_RTH_LOW_REJECTION x21
2026-07-13,2026-07-13,hist_level,PREV_RTH_LOW_REVISIT x42
2026-07-13,2026-07-13,hist_level,PREV_RTH_LOW_SWEEP_ABOVE x10
2026-07-13,2026-07-13,hist_level,PREV_RTH_LOW_SWEEP_BELOW x11
2026-07-13,2026-07-13,ifvg,BEARISH_IFVG_ACTIVATION x42
2026-07-13,2026-07-13,ifvg,BEARISH_IFVG_EXPIRY x7
2026-07-13,2026-07-13,ifvg,BEARISH_IFVG_FIRST_TOUCH x42
2026-07-13,2026-07-13,ifvg,BEARISH_IFVG_REINVERSION x43
2026-07-13,2026-07-13,ifvg,BEARISH_IFVG_REJECTION x92
2026-07-13,2026-07-13,ifvg,BEARISH_IFVG_REVISIT x184
2026-07-13,2026-07-13,ifvg,BULLISH_IFVG_ACTIVATION x47
2026-07-13,2026-07-13,ifvg,BULLISH_IFVG_FIRST_TOUCH x46
2026-07-13,2026-07-13,ifvg,BULLISH_IFVG_REINVERSION x42
2026-07-13,2026-07-13,ifvg,BULLISH_IFVG_REJECTION x79
2026-07-13,2026-07-13,ifvg,BULLISH_IFVG_REVISIT x159
2026-07-13,2026-07-13,liquidity,EQUAL_HIGHS_ACCEPTANCE_ABOVE x116
2026-07-13,2026-07-13,liquidity,EQUAL_HIGHS_ACCEPTANCE_BELOW x145
2026-07-13,2026-07-13,liquidity,EQUAL_HIGHS_BREAK x20
2026-07-13,2026-07-13,liquidity,EQUAL_HIGHS_CONFIRMED x20
2026-07-13,2026-07-13,liquidity,EQUAL_HIGHS_CONTINUATION x226
2026-07-13,2026-07-13,liquidity,EQUAL_HIGHS_EXACT_TOUCH x11
2026-07-13,2026-07-13,liquidity,EQUAL_HIGHS_EXPIRY x29
2026-07-13,2026-07-13,liquidity,EQUAL_HIGHS_FIRST_TOUCH x22
2026-07-13,2026-07-13,liquidity,EQUAL_HIGHS_RECLAIM x321
2026-07-13,2026-07-13,liquidity,EQUAL_HIGHS_REJECTION x303
2026-07-13,2026-07-13,liquidity,EQUAL_HIGHS_REVISIT x623
2026-07-13,2026-07-13,liquidity,EQUAL_HIGHS_SWEEP_ABOVE x169
2026-07-13,2026-07-13,liquidity,EQUAL_HIGHS_SWEEP_BELOW x134
2026-07-13,2026-07-13,liquidity,EQUAL_LOWS_ACCEPTANCE_ABOVE x173
2026-07-13,2026-07-13,liquidity,EQUAL_LOWS_ACCEPTANCE_BELOW x173
2026-07-13,2026-07-13,liquidity,EQUAL_LOWS_BREAK x21
2026-07-13,2026-07-13,liquidity,EQUAL_LOWS_CONFIRMED x21
2026-07-13,2026-07-13,liquidity,EQUAL_LOWS_CONTINUATION x294
2026-07-13,2026-07-13,liquidity,EQUAL_LOWS_EXACT_TOUCH x12
2026-07-13,2026-07-13,liquidity,EQUAL_LOWS_EXPIRY x30
2026-07-13,2026-07-13,liquidity,EQUAL_LOWS_FIRST_TOUCH x22
2026-07-13,2026-07-13,liquidity,EQUAL_LOWS_RECLAIM x434
2026-07-13,2026-07-13,liquidity,EQUAL_LOWS_REJECTION x453
2026-07-13,2026-07-13,liquidity,EQUAL_LOWS_REVISIT x893
2026-07-13,2026-07-13,liquidity,EQUAL_LOWS_SWEEP_ABOVE x228
2026-07-13,2026-07-13,liquidity,EQUAL_LOWS_SWEEP_BELOW x225
2026-07-13,2026-07-13,liquidity,SWING_HIGH_ACCEPTANCE_ABOVE x261
2026-07-13,2026-07-13,liquidity,SWING_HIGH_ACCEPTANCE_BELOW x323
2026-07-13,2026-07-13,liquidity,SWING_HIGH_BREAK x47
2026-07-13,2026-07-13,liquidity,SWING_HIGH_CONFIRMED x46
2026-07-13,2026-07-13,liquidity,SWING_HIGH_CONTINUATION x513
2026-07-13,2026-07-13,liquidity,SWING_HIGH_EXACT_TOUCH x60
2026-07-13,2026-07-13,liquidity,SWING_HIGH_EXPIRY x52
2026-07-13,2026-07-13,liquidity,SWING_HIGH_FIRST_TOUCH x47
2026-07-13,2026-07-13,liquidity,SWING_HIGH_RECLAIM x728
2026-07-13,2026-07-13,liquidity,SWING_HIGH_REJECTION x688
2026-07-13,2026-07-13,liquidity,SWING_HIGH_REVISIT x1435
2026-07-13,2026-07-13,liquidity,SWING_HIGH_SWEEP_ABOVE x386
2026-07-13,2026-07-13,liquidity,SWING_HIGH_SWEEP_BELOW x302
2026-07-13,2026-07-13,liquidity,SWING_LOW_ACCEPTANCE_ABOVE x367
2026-07-13,2026-07-13,liquidity,SWING_LOW_ACCEPTANCE_BELOW x376
2026-07-13,2026-07-13,liquidity,SWING_LOW_BREAK x43
2026-07-13,2026-07-13,liquidity,SWING_LOW_CONFIRMED x43
2026-07-13,2026-07-13,liquidity,SWING_LOW_CONTINUATION x626
2026-07-13,2026-07-13,liquidity,SWING_LOW_EXACT_TOUCH x65
2026-07-13,2026-07-13,liquidity,SWING_LOW_EXPIRY x49
2026-07-13,2026-07-13,liquidity,SWING_LOW_FIRST_TOUCH x42
2026-07-13,2026-07-13,liquidity,SWING_LOW_RECLAIM x972
2026-07-13,2026-07-13,liquidity,SWING_LOW_REJECTION x926
2026-07-13,2026-07-13,liquidity,SWING_LOW_REVISIT x1942
2026-07-13,2026-07-13,liquidity,SWING_LOW_SWEEP_ABOVE x467
2026-07-13,2026-07-13,liquidity,SWING_LOW_SWEEP_BELOW x459
2026-07-13,2026-07-13,rejection_block,BEARISH_RB_CONFIRMED x12
2026-07-13,2026-07-13,rejection_block,BEARISH_RB_EXACT_TOUCH x1
2026-07-13,2026-07-13,rejection_block,BEARISH_RB_EXPIRY x5
2026-07-13,2026-07-13,rejection_block,BEARISH_RB_FAILURE x7
2026-07-13,2026-07-13,rejection_block,BEARISH_RB_FORMED x19
2026-07-13,2026-07-13,rejection_block,BEARISH_RB_INVALIDATION x12
2026-07-13,2026-07-13,rejection_block,BEARISH_RB_REJECTION x29
2026-07-13,2026-07-13,rejection_block,BEARISH_RB_REVISIT x39
2026-07-13,2026-07-13,rejection_block,BEARISH_RB_TAP x12
2026-07-13,2026-07-13,rejection_block,BULLISH_RB_CONFIRMED x17
2026-07-13,2026-07-13,rejection_block,BULLISH_RB_FAILURE x9
2026-07-13,2026-07-13,rejection_block,BULLISH_RB_FORMED x26
2026-07-13,2026-07-13,rejection_block,BULLISH_RB_INVALIDATION x18
2026-07-13,2026-07-13,rejection_block,BULLISH_RB_REJECTION x39
2026-07-13,2026-07-13,rejection_block,BULLISH_RB_REVISIT x113
2026-07-13,2026-07-13,rejection_block,BULLISH_RB_TAP x17
2026-07-13,2026-07-13,structure,BEARISH_EXPANSION x15
2026-07-13,2026-07-13,structure,BULLISH_EXPANSION x14
2026-07-13,2026-07-13,structure,COMPRESSION x3
2026-07-13,2026-07-13,structure,STRUCT_BREAK x2
2026-07-13,2026-07-13,structure,STRUCT_CONTINUATION x1
2026-07-13,2026-07-13,structure,STRUCT_FAILED_CONTINUATION x1
2026-07-13,2026-07-13,time_anchor,ANCHOR_ASIA_OPEN_ACCEPTANCE_ABOVE x6
2026-07-13,2026-07-13,time_anchor,ANCHOR_ASIA_OPEN_ACCEPTANCE_BELOW x6
2026-07-13,2026-07-13,time_anchor,ANCHOR_ASIA_OPEN_BREAK x1
2026-07-13,2026-07-13,time_anchor,ANCHOR_ASIA_OPEN_CONTINUATION x8
2026-07-13,2026-07-13,time_anchor,ANCHOR_ASIA_OPEN_EXPIRY x1
2026-07-13,2026-07-13,time_anchor,ANCHOR_ASIA_OPEN_FIRST_TOUCH x1
2026-07-13,2026-07-13,time_anchor,ANCHOR_ASIA_OPEN_FORMED x1
2026-07-13,2026-07-13,time_anchor,ANCHOR_ASIA_OPEN_RECLAIM x14
2026-07-13,2026-07-13,time_anchor,ANCHOR_ASIA_OPEN_REJECTION x15
2026-07-13,2026-07-13,time_anchor,ANCHOR_ASIA_OPEN_REVISIT x28
2026-07-13,2026-07-13,time_anchor,ANCHOR_ASIA_OPEN_SWEEP x15
2026-07-13,2026-07-13,vwap,VWAP_BAND_REJECT_M1_618 x20
2026-07-13,2026-07-13,vwap,VWAP_BAND_REJECT_M2_618 x5
2026-07-13,2026-07-13,vwap,VWAP_BAND_REJECT_M3_618 x1
2026-07-13,2026-07-13,vwap,VWAP_BAND_REJECT_P1_618 x16
2026-07-13,2026-07-13,vwap,VWAP_BAND_REJECT_P2_618 x3
2026-07-13,2026-07-13,vwap,VWAP_BAND_REJECT_P3_618 x1
2026-07-13,2026-07-13,vwap,VWAP_VWAP x19
2026-07-13,2026-07-13,vwap,VWAP_VWAP_ABOVE x8
2026-07-13,2026-07-13,vwap,VWAP_VWAP_BELOW x7
2026-07-13,2026-07-13,vwap,VWAP_VWAP_BOUNCE_DOWN x20
2026-07-13,2026-07-13,vwap,VWAP_VWAP_BOUNCE_UP x21
2026-07-13,2026-07-13,vwap,VWAP_VWAP_DOWN x13
2026-07-13,2026-07-13,vwap,VWAP_VWAP_UP x13
2026-07-13,2026-07-14,displacement,BAD_BEARISH_DISPLACEMENT x10
2026-07-13,2026-07-14,displacement,BAD_BULLISH_DISPLACEMENT x10
2026-07-13,2026-07-14,displacement,DISPLACEMENT_CONTINUATION x205
2026-07-13,2026-07-14,displacement,DISPLACEMENT_FAILED_CONTINUATION x43
2026-07-13,2026-07-14,displacement,GOOD_BEARISH_DISPLACEMENT x36
2026-07-13,2026-07-14,displacement,GOOD_BULLISH_DISPLACEMENT x43
2026-07-13,2026-07-14,displacement,MIXED_BEARISH_DISPLACEMENT x148
2026-07-13,2026-07-14,displacement,MIXED_BULLISH_DISPLACEMENT x161
2026-07-13,2026-07-14,fvg,BEARISH_FVG_EXACT_TOUCH x7
2026-07-13,2026-07-14,fvg,BEARISH_FVG_FAILURE x109
2026-07-13,2026-07-14,fvg,BEARISH_FVG_FIRST_FILL x108
2026-07-13,2026-07-14,fvg,BEARISH_FVG_FIRST_TOUCH x108
2026-07-13,2026-07-14,fvg,BEARISH_FVG_FORMED x106
2026-07-13,2026-07-14,fvg,BEARISH_FVG_FULL_FILL x105
2026-07-13,2026-07-14,fvg,BEARISH_FVG_MIDPOINT x106
2026-07-13,2026-07-14,fvg,BEARISH_FVG_REVISIT x313
2026-07-13,2026-07-14,fvg,BULLISH_FVG_CONTINUATION x10
2026-07-13,2026-07-14,fvg,BULLISH_FVG_EXACT_TOUCH x15
2026-07-13,2026-07-14,fvg,BULLISH_FVG_EXPIRY x18
2026-07-13,2026-07-14,fvg,BULLISH_FVG_FAILURE x114
2026-07-13,2026-07-14,fvg,BULLISH_FVG_FIRST_FILL x126
2026-07-13,2026-07-14,fvg,BULLISH_FVG_FIRST_TOUCH x127
2026-07-13,2026-07-14,fvg,BULLISH_FVG_FORMED x134
2026-07-13,2026-07-14,fvg,BULLISH_FVG_FULL_FILL x122
2026-07-13,2026-07-14,fvg,BULLISH_FVG_MIDPOINT x124
2026-07-13,2026-07-14,fvg,BULLISH_FVG_REVISIT x457
2026-07-13,2026-07-14,hist_level,HL_0900_HIGH_ACCEPTANCE_ABOVE x14
2026-07-13,2026-07-14,hist_level,HL_0900_HIGH_ACCEPTANCE_BELOW x11
2026-07-13,2026-07-14,hist_level,HL_0900_HIGH_BREAK x1
2026-07-13,2026-07-14,hist_level,HL_0900_HIGH_CONTINUATION x23
2026-07-13,2026-07-14,hist_level,HL_0900_HIGH_EXACT_TOUCH x2
2026-07-13,2026-07-14,hist_level,HL_0900_HIGH_EXPIRY x1
2026-07-13,2026-07-14,hist_level,HL_0900_HIGH_FIRST_TOUCH x1
2026-07-13,2026-07-14,hist_level,HL_0900_HIGH_FORMED x1
2026-07-13,2026-07-14,hist_level,HL_0900_HIGH_RECLAIM x34
2026-07-13,2026-07-14,hist_level,HL_0900_HIGH_REJECTION x44
2026-07-13,2026-07-14,hist_level,HL_0900_HIGH_REVISIT x81
2026-07-13,2026-07-14,hist_level,HL_0900_HIGH_SWEEP_ABOVE x31
2026-07-13,2026-07-14,hist_level,HL_0900_HIGH_SWEEP_BELOW x13
2026-07-13,2026-07-14,hist_level,HL_0900_LOW_ACCEPTANCE_ABOVE x13
2026-07-13,2026-07-14,hist_level,HL_0900_LOW_ACCEPTANCE_BELOW x12
2026-07-13,2026-07-14,hist_level,HL_0900_LOW_BREAK x1
2026-07-13,2026-07-14,hist_level,HL_0900_LOW_CONTINUATION x17
2026-07-13,2026-07-14,hist_level,HL_0900_LOW_EXACT_TOUCH x2
2026-07-13,2026-07-14,hist_level,HL_0900_LOW_EXPIRY x1
2026-07-13,2026-07-14,hist_level,HL_0900_LOW_FIRST_TOUCH x1
2026-07-13,2026-07-14,hist_level,HL_0900_LOW_FORMED x1
2026-07-13,2026-07-14,hist_level,HL_0900_LOW_RECLAIM x29
2026-07-13,2026-07-14,hist_level,HL_0900_LOW_REJECTION x36
2026-07-13,2026-07-14,hist_level,HL_0900_LOW_REVISIT x66
2026-07-13,2026-07-14,hist_level,HL_0900_LOW_SWEEP_ABOVE x20
2026-07-13,2026-07-14,hist_level,HL_0900_LOW_SWEEP_BELOW x16
2026-07-13,2026-07-14,hist_level,HL_0930_HIGH_ACCEPTANCE_ABOVE x10
2026-07-13,2026-07-14,hist_level,HL_0930_HIGH_ACCEPTANCE_BELOW x11
2026-07-13,2026-07-14,hist_level,HL_0930_HIGH_BREAK x1
2026-07-13,2026-07-14,hist_level,HL_0930_HIGH_CONTINUATION x18
2026-07-13,2026-07-14,hist_level,HL_0930_HIGH_EXACT_TOUCH x2
2026-07-13,2026-07-14,hist_level,HL_0930_HIGH_EXPIRY x1
2026-07-13,2026-07-14,hist_level,HL_0930_HIGH_FIRST_TOUCH x1
2026-07-13,2026-07-14,hist_level,HL_0930_HIGH_FORMED x1
2026-07-13,2026-07-14,hist_level,HL_0930_HIGH_RECLAIM x24
2026-07-13,2026-07-14,hist_level,HL_0930_HIGH_REJECTION x42
2026-07-13,2026-07-14,hist_level,HL_0930_HIGH_REVISIT x67
2026-07-13,2026-07-14,hist_level,HL_0930_HIGH_SWEEP_ABOVE x18
2026-07-13,2026-07-14,hist_level,HL_0930_HIGH_SWEEP_BELOW x24
2026-07-13,2026-07-14,hist_level,HL_0930_LOW_ACCEPTANCE_ABOVE x12
2026-07-13,2026-07-14,hist_level,HL_0930_LOW_ACCEPTANCE_BELOW x10
2026-07-13,2026-07-14,hist_level,HL_0930_LOW_BREAK x1
2026-07-13,2026-07-14,hist_level,HL_0930_LOW_CONTINUATION x19
2026-07-13,2026-07-14,hist_level,HL_0930_LOW_EXACT_TOUCH x2
2026-07-13,2026-07-14,hist_level,HL_0930_LOW_EXPIRY x1
2026-07-13,2026-07-14,hist_level,HL_0930_LOW_FIRST_TOUCH x1
2026-07-13,2026-07-14,hist_level,HL_0930_LOW_FORMED x1
2026-07-13,2026-07-14,hist_level,HL_0930_LOW_RECLAIM x28
2026-07-13,2026-07-14,hist_level,HL_0930_LOW_REJECTION x26
2026-07-13,2026-07-14,hist_level,HL_0930_LOW_REVISIT x57
2026-07-13,2026-07-14,hist_level,HL_0930_LOW_SWEEP_ABOVE x10
2026-07-13,2026-07-14,hist_level,HL_0930_LOW_SWEEP_BELOW x16
2026-07-13,2026-07-14,hist_level,HL_1000_HIGH_ACCEPTANCE_ABOVE x12
2026-07-13,2026-07-14,hist_level,HL_1000_HIGH_ACCEPTANCE_BELOW x11
2026-07-13,2026-07-14,hist_level,HL_1000_HIGH_BREAK x1
2026-07-13,2026-07-14,hist_level,HL_1000_HIGH_CONTINUATION x22
2026-07-13,2026-07-14,hist_level,HL_1000_HIGH_EXPIRY x1
2026-07-13,2026-07-14,hist_level,HL_1000_HIGH_FIRST_TOUCH x1
2026-07-13,2026-07-14,hist_level,HL_1000_HIGH_FORMED x1
2026-07-13,2026-07-14,hist_level,HL_1000_HIGH_RECLAIM x29
2026-07-13,2026-07-14,hist_level,HL_1000_HIGH_REJECTION x29
2026-07-13,2026-07-14,hist_level,HL_1000_HIGH_REVISIT x57
2026-07-13,2026-07-14,hist_level,HL_1000_HIGH_SWEEP_ABOVE x12
2026-07-13,2026-07-14,hist_level,HL_1000_HIGH_SWEEP_BELOW x17
2026-07-13,2026-07-14,hist_level,HL_1000_LOW_ACCEPTANCE_ABOVE x20
2026-07-13,2026-07-14,hist_level,HL_1000_LOW_ACCEPTANCE_BELOW x13
2026-07-13,2026-07-14,hist_level,HL_1000_LOW_BREAK x1
2026-07-13,2026-07-14,hist_level,HL_1000_LOW_CONTINUATION x30
2026-07-13,2026-07-14,hist_level,HL_1000_LOW_EXACT_TOUCH x3
2026-07-13,2026-07-14,hist_level,HL_1000_LOW_EXPIRY x1
2026-07-13,2026-07-14,hist_level,HL_1000_LOW_FIRST_TOUCH x1
2026-07-13,2026-07-14,hist_level,HL_1000_LOW_FORMED x1
2026-07-13,2026-07-14,hist_level,HL_1000_LOW_RECLAIM x46
2026-07-13,2026-07-14,hist_level,HL_1000_LOW_REJECTION x35
2026-07-13,2026-07-14,hist_level,HL_1000_LOW_REVISIT x85
2026-07-13,2026-07-14,hist_level,HL_1000_LOW_SWEEP_ABOVE x14
2026-07-13,2026-07-14,hist_level,HL_1000_LOW_SWEEP_BELOW x21
2026-07-13,2026-07-14,hist_level,PREV_3SESSION_HIGH_ACCEPTANCE_BELOW x1
2026-07-13,2026-07-14,hist_level,PREV_3SESSION_HIGH_BREAK x1
2026-07-13,2026-07-14,hist_level,PREV_3SESSION_HIGH_CONTINUATION x1
2026-07-13,2026-07-14,hist_level,PREV_3SESSION_HIGH_EXPIRY x1
2026-07-13,2026-07-14,hist_level,PREV_3SESSION_HIGH_FORMED x1
2026-07-13,2026-07-14,hist_level,PREV_3SESSION_LOW_ACCEPTANCE_ABOVE x1
2026-07-13,2026-07-14,hist_level,PREV_3SESSION_LOW_BREAK x1
2026-07-13,2026-07-14,hist_level,PREV_3SESSION_LOW_CONTINUATION x1
2026-07-13,2026-07-14,hist_level,PREV_3SESSION_LOW_EXPIRY x1
2026-07-13,2026-07-14,hist_level,PREV_3SESSION_LOW_FORMED x1
2026-07-13,2026-07-14,hist_level,PREV_DAY_HIGH_ACCEPTANCE_ABOVE x9
2026-07-13,2026-07-14,hist_level,PREV_DAY_HIGH_ACCEPTANCE_BELOW x13
2026-07-13,2026-07-14,hist_level,PREV_DAY_HIGH_BREAK x1
2026-07-13,2026-07-14,hist_level,PREV_DAY_HIGH_CONTINUATION x18
2026-07-13,2026-07-14,hist_level,PREV_DAY_HIGH_EXACT_TOUCH x1
2026-07-13,2026-07-14,hist_level,PREV_DAY_HIGH_EXPIRY x1
2026-07-13,2026-07-14,hist_level,PREV_DAY_HIGH_FIRST_TOUCH x1
2026-07-13,2026-07-14,hist_level,PREV_DAY_HIGH_FORMED x1
2026-07-13,2026-07-14,hist_level,PREV_DAY_HIGH_RECLAIM x26
2026-07-13,2026-07-14,hist_level,PREV_DAY_HIGH_REJECTION x29
2026-07-13,2026-07-14,hist_level,PREV_DAY_HIGH_REVISIT x56
2026-07-13,2026-07-14,hist_level,PREV_DAY_HIGH_SWEEP_ABOVE x19
2026-07-13,2026-07-14,hist_level,PREV_DAY_HIGH_SWEEP_BELOW x10
2026-07-13,2026-07-14,hist_level,PREV_DAY_LOW_ACCEPTANCE_ABOVE x1
2026-07-13,2026-07-14,hist_level,PREV_DAY_LOW_BREAK x1
2026-07-13,2026-07-14,hist_level,PREV_DAY_LOW_CONTINUATION x1
2026-07-13,2026-07-14,hist_level,PREV_DAY_LOW_EXPIRY x1
2026-07-13,2026-07-14,hist_level,PREV_DAY_LOW_FORMED x1
2026-07-13,2026-07-14,hist_level,PREV_MONTH20_HIGH_ACCEPTANCE_BELOW x1
2026-07-13,2026-07-14,hist_level,PREV_MONTH20_HIGH_BREAK x1
2026-07-13,2026-07-14,hist_level,PREV_MONTH20_HIGH_CONTINUATION x1
2026-07-13,2026-07-14,hist_level,PREV_MONTH20_HIGH_EXPIRY x1
2026-07-13,2026-07-14,hist_level,PREV_MONTH20_HIGH_FORMED x1
2026-07-13,2026-07-14,hist_level,PREV_MONTH20_LOW_ACCEPTANCE_ABOVE x1
2026-07-13,2026-07-14,hist_level,PREV_MONTH20_LOW_BREAK x1
2026-07-13,2026-07-14,hist_level,PREV_MONTH20_LOW_CONTINUATION x1
2026-07-13,2026-07-14,hist_level,PREV_MONTH20_LOW_EXPIRY x1
2026-07-13,2026-07-14,hist_level,PREV_MONTH20_LOW_FORMED x1
2026-07-13,2026-07-14,hist_level,PREV_RTH_CLOSE_ACCEPTANCE_ABOVE x4
2026-07-13,2026-07-14,hist_level,PREV_RTH_CLOSE_ACCEPTANCE_BELOW x3
2026-07-13,2026-07-14,hist_level,PREV_RTH_CLOSE_BREAK x1
2026-07-13,2026-07-14,hist_level,PREV_RTH_CLOSE_CONTINUATION x7
2026-07-13,2026-07-14,hist_level,PREV_RTH_CLOSE_EXACT_TOUCH x1
2026-07-13,2026-07-14,hist_level,PREV_RTH_CLOSE_EXPIRY x1
2026-07-13,2026-07-14,hist_level,PREV_RTH_CLOSE_FIRST_TOUCH x1
2026-07-13,2026-07-14,hist_level,PREV_RTH_CLOSE_FORMED x1
2026-07-13,2026-07-14,hist_level,PREV_RTH_CLOSE_RECLAIM x6
2026-07-13,2026-07-14,hist_level,PREV_RTH_CLOSE_REJECTION x5
2026-07-13,2026-07-14,hist_level,PREV_RTH_CLOSE_REVISIT x12
2026-07-13,2026-07-14,hist_level,PREV_RTH_CLOSE_SWEEP_ABOVE x1
2026-07-13,2026-07-14,hist_level,PREV_RTH_CLOSE_SWEEP_BELOW x4
2026-07-13,2026-07-14,hist_level,PREV_RTH_HIGH_ACCEPTANCE_ABOVE x8
2026-07-13,2026-07-14,hist_level,PREV_RTH_HIGH_ACCEPTANCE_BELOW x6
2026-07-13,2026-07-14,hist_level,PREV_RTH_HIGH_BREAK x1
2026-07-13,2026-07-14,hist_level,PREV_RTH_HIGH_CONTINUATION x12
2026-07-13,2026-07-14,hist_level,PREV_RTH_HIGH_EXPIRY x1
2026-07-13,2026-07-14,hist_level,PREV_RTH_HIGH_FIRST_TOUCH x1
2026-07-13,2026-07-14,hist_level,PREV_RTH_HIGH_FORMED x1
2026-07-13,2026-07-14,hist_level,PREV_RTH_HIGH_RECLAIM x17
2026-07-13,2026-07-14,hist_level,PREV_RTH_HIGH_REJECTION x20
2026-07-13,2026-07-14,hist_level,PREV_RTH_HIGH_REVISIT x36
2026-07-13,2026-07-14,hist_level,PREV_RTH_HIGH_SWEEP_ABOVE x7
2026-07-13,2026-07-14,hist_level,PREV_RTH_HIGH_SWEEP_BELOW x13
2026-07-13,2026-07-14,hist_level,PREV_RTH_LOW_ACCEPTANCE_ABOVE x2
2026-07-13,2026-07-14,hist_level,PREV_RTH_LOW_ACCEPTANCE_BELOW x1
2026-07-13,2026-07-14,hist_level,PREV_RTH_LOW_BREAK x1
2026-07-13,2026-07-14,hist_level,PREV_RTH_LOW_CONTINUATION x3
2026-07-13,2026-07-14,hist_level,PREV_RTH_LOW_EXACT_TOUCH x2
2026-07-13,2026-07-14,hist_level,PREV_RTH_LOW_EXPIRY x1
2026-07-13,2026-07-14,hist_level,PREV_RTH_LOW_FORMED x1
2026-07-13,2026-07-14,hist_level,PREV_RTH_LOW_RECLAIM x2
2026-07-13,2026-07-14,hist_level,PREV_RTH_LOW_REJECTION x3
2026-07-13,2026-07-14,hist_level,PREV_RTH_LOW_REVISIT x7
2026-07-13,2026-07-14,hist_level,PREV_RTH_LOW_SWEEP_ABOVE x2
2026-07-13,2026-07-14,hist_level,PREV_RTH_LOW_SWEEP_BELOW x1
2026-07-13,2026-07-14,hist_level,PREV_TWOWEEK10_HIGH_ACCEPTANCE_BELOW x1
2026-07-13,2026-07-14,hist_level,PREV_TWOWEEK10_HIGH_BREAK x1
2026-07-13,2026-07-14,hist_level,PREV_TWOWEEK10_HIGH_CONTINUATION x1
2026-07-13,2026-07-14,hist_level,PREV_TWOWEEK10_HIGH_EXPIRY x1
2026-07-13,2026-07-14,hist_level,PREV_TWOWEEK10_HIGH_FORMED x1
2026-07-13,2026-07-14,hist_level,PREV_TWOWEEK10_LOW_ACCEPTANCE_ABOVE x1
2026-07-13,2026-07-14,hist_level,PREV_TWOWEEK10_LOW_BREAK x1
2026-07-13,2026-07-14,hist_level,PREV_TWOWEEK10_LOW_CONTINUATION x1
2026-07-13,2026-07-14,hist_level,PREV_TWOWEEK10_LOW_EXPIRY x1
2026-07-13,2026-07-14,hist_level,PREV_TWOWEEK10_LOW_FORMED x1
2026-07-13,2026-07-14,hist_level,PREV_WEEK5_HIGH_ACCEPTANCE_BELOW x1
2026-07-13,2026-07-14,hist_level,PREV_WEEK5_HIGH_BREAK x1
2026-07-13,2026-07-14,hist_level,PREV_WEEK5_HIGH_CONTINUATION x1
2026-07-13,2026-07-14,hist_level,PREV_WEEK5_HIGH_EXPIRY x1
2026-07-13,2026-07-14,hist_level,PREV_WEEK5_HIGH_FORMED x1
2026-07-13,2026-07-14,hist_level,PREV_WEEK5_LOW_ACCEPTANCE_ABOVE x1
2026-07-13,2026-07-14,hist_level,PREV_WEEK5_LOW_BREAK x1
2026-07-13,2026-07-14,hist_level,PREV_WEEK5_LOW_CONTINUATION x1
2026-07-13,2026-07-14,hist_level,PREV_WEEK5_LOW_EXPIRY x1
2026-07-13,2026-07-14,hist_level,PREV_WEEK5_LOW_FORMED x1
2026-07-13,2026-07-14,ifvg,BEARISH_IFVG_ACTIVATION x114
2026-07-13,2026-07-14,ifvg,BEARISH_IFVG_FIRST_TOUCH x113
2026-07-13,2026-07-14,ifvg,BEARISH_IFVG_REINVERSION x116
2026-07-13,2026-07-14,ifvg,BEARISH_IFVG_REJECTION x182
2026-07-13,2026-07-14,ifvg,BEARISH_IFVG_REVISIT x359
2026-07-13,2026-07-14,ifvg,BULLISH_IFVG_ACTIVATION x109
2026-07-13,2026-07-14,ifvg,BULLISH_IFVG_EXPIRY x14
2026-07-13,2026-07-14,ifvg,BULLISH_IFVG_FIRST_TOUCH x103
2026-07-13,2026-07-14,ifvg,BULLISH_IFVG_REINVERSION x94
2026-07-13,2026-07-14,ifvg,BULLISH_IFVG_REJECTION x188
2026-07-13,2026-07-14,ifvg,BULLISH_IFVG_REVISIT x300
2026-07-13,2026-07-14,liquidity,EQUAL_HIGHS_ACCEPTANCE_ABOVE x481
2026-07-13,2026-07-14,liquidity,EQUAL_HIGHS_ACCEPTANCE_BELOW x431
2026-07-13,2026-07-14,liquidity,EQUAL_HIGHS_BREAK x65
2026-07-13,2026-07-14,liquidity,EQUAL_HIGHS_CONFIRMED x65
2026-07-13,2026-07-14,liquidity,EQUAL_HIGHS_CONTINUATION x780
2026-07-13,2026-07-14,liquidity,EQUAL_HIGHS_EXACT_TOUCH x33
2026-07-13,2026-07-14,liquidity,EQUAL_HIGHS_EXPIRY x67
2026-07-13,2026-07-14,liquidity,EQUAL_HIGHS_FIRST_TOUCH x70
2026-07-13,2026-07-14,liquidity,EQUAL_HIGHS_RECLAIM x1156
2026-07-13,2026-07-14,liquidity,EQUAL_HIGHS_REJECTION x1106
2026-07-13,2026-07-14,liquidity,EQUAL_HIGHS_REVISIT x2229
2026-07-13,2026-07-14,liquidity,EQUAL_HIGHS_SWEEP_ABOVE x542
2026-07-13,2026-07-14,liquidity,EQUAL_HIGHS_SWEEP_BELOW x564
2026-07-13,2026-07-14,liquidity,EQUAL_LOWS_ACCEPTANCE_ABOVE x515
2026-07-13,2026-07-14,liquidity,EQUAL_LOWS_ACCEPTANCE_BELOW x409
2026-07-13,2026-07-14,liquidity,EQUAL_LOWS_BREAK x73
2026-07-13,2026-07-14,liquidity,EQUAL_LOWS_CONFIRMED x73
2026-07-13,2026-07-14,liquidity,EQUAL_LOWS_CONTINUATION x782
2026-07-13,2026-07-14,liquidity,EQUAL_LOWS_EXACT_TOUCH x54
2026-07-13,2026-07-14,liquidity,EQUAL_LOWS_EXPIRY x69
2026-07-13,2026-07-14,liquidity,EQUAL_LOWS_FIRST_TOUCH x59
2026-07-13,2026-07-14,liquidity,EQUAL_LOWS_RECLAIM x1191
2026-07-13,2026-07-14,liquidity,EQUAL_LOWS_REJECTION x1183
2026-07-13,2026-07-14,liquidity,EQUAL_LOWS_REVISIT x2375
2026-07-13,2026-07-14,liquidity,EQUAL_LOWS_SWEEP_ABOVE x575
2026-07-13,2026-07-14,liquidity,EQUAL_LOWS_SWEEP_BELOW x608
2026-07-13,2026-07-14,liquidity,SWING_HIGH_ACCEPTANCE_ABOVE x1014
2026-07-13,2026-07-14,liquidity,SWING_HIGH_ACCEPTANCE_BELOW x881
2026-07-13,2026-07-14,liquidity,SWING_HIGH_BREAK x137
2026-07-13,2026-07-14,liquidity,SWING_HIGH_CONFIRMED x138
2026-07-13,2026-07-14,liquidity,SWING_HIGH_CONTINUATION x1636
2026-07-13,2026-07-14,liquidity,SWING_HIGH_EXACT_TOUCH x211
2026-07-13,2026-07-14,liquidity,SWING_HIGH_EXPIRY x132
2026-07-13,2026-07-14,liquidity,SWING_HIGH_FIRST_TOUCH x146
2026-07-13,2026-07-14,liquidity,SWING_HIGH_RECLAIM x2454
2026-07-13,2026-07-14,liquidity,SWING_HIGH_REJECTION x2248
2026-07-13,2026-07-14,liquidity,SWING_HIGH_REVISIT x4799
2026-07-13,2026-07-14,liquidity,SWING_HIGH_SWEEP_ABOVE x1126
2026-07-13,2026-07-14,liquidity,SWING_HIGH_SWEEP_BELOW x1122
2026-07-13,2026-07-14,liquidity,SWING_LOW_ACCEPTANCE_ABOVE x992
2026-07-13,2026-07-14,liquidity,SWING_LOW_ACCEPTANCE_BELOW x796
2026-07-13,2026-07-14,liquidity,SWING_LOW_BREAK x135
2026-07-13,2026-07-14,liquidity,SWING_LOW_CONFIRMED x135
2026-07-13,2026-07-14,liquidity,SWING_LOW_CONTINUATION x1530
2026-07-13,2026-07-14,liquidity,SWING_LOW_EXACT_TOUCH x175
2026-07-13,2026-07-14,liquidity,SWING_LOW_EXPIRY x139
2026-07-13,2026-07-14,liquidity,SWING_LOW_FIRST_TOUCH x117
2026-07-13,2026-07-14,liquidity,SWING_LOW_RECLAIM x2348
2026-07-13,2026-07-14,liquidity,SWING_LOW_REJECTION x2191
2026-07-13,2026-07-14,liquidity,SWING_LOW_REVISIT x4609
2026-07-13,2026-07-14,liquidity,SWING_LOW_SWEEP_ABOVE x1054
2026-07-13,2026-07-14,liquidity,SWING_LOW_SWEEP_BELOW x1137
2026-07-13,2026-07-14,rejection_block,BEARISH_RB_CONFIRMED x43
2026-07-13,2026-07-14,rejection_block,BEARISH_RB_EXACT_TOUCH x2
2026-07-13,2026-07-14,rejection_block,BEARISH_RB_EXPIRY x1
2026-07-13,2026-07-14,rejection_block,BEARISH_RB_FAILURE x13
2026-07-13,2026-07-14,rejection_block,BEARISH_RB_FORMED x56
2026-07-13,2026-07-14,rejection_block,BEARISH_RB_INVALIDATION x38
2026-07-13,2026-07-14,rejection_block,BEARISH_RB_REJECTION x86
2026-07-13,2026-07-14,rejection_block,BEARISH_RB_REVISIT x204
2026-07-13,2026-07-14,rejection_block,BEARISH_RB_TAP x43
2026-07-13,2026-07-14,rejection_block,BULLISH_RB_CONFIRMED x46
2026-07-13,2026-07-14,rejection_block,BULLISH_RB_EXACT_TOUCH x7
2026-07-13,2026-07-14,rejection_block,BULLISH_RB_EXPIRY x8
2026-07-13,2026-07-14,rejection_block,BULLISH_RB_FAILURE x17
2026-07-13,2026-07-14,rejection_block,BULLISH_RB_FORMED x64
2026-07-13,2026-07-14,rejection_block,BULLISH_RB_INVALIDATION x34
2026-07-13,2026-07-14,rejection_block,BULLISH_RB_REJECTION x89
2026-07-13,2026-07-14,rejection_block,BULLISH_RB_REVISIT x163
2026-07-13,2026-07-14,rejection_block,BULLISH_RB_TAP x39
2026-07-13,2026-07-14,structure,BEARISH_EXPANSION x29
2026-07-13,2026-07-14,structure,BULLISH_EXPANSION x28
2026-07-13,2026-07-14,structure,COMPRESSION x7
2026-07-13,2026-07-14,structure,STRUCT_BREAK x8
2026-07-13,2026-07-14,structure,STRUCT_CONTINUATION x4
2026-07-13,2026-07-14,structure,STRUCT_EXPANSION x1
2026-07-13,2026-07-14,structure,STRUCT_FAILED_CONTINUATION x4
2026-07-13,2026-07-14,time_anchor,ANCHOR_ASIA_OPEN_ACCEPTANCE_ABOVE x2
2026-07-13,2026-07-14,time_anchor,ANCHOR_ASIA_OPEN_ACCEPTANCE_BELOW x1
2026-07-13,2026-07-14,time_anchor,ANCHOR_ASIA_OPEN_CONTINUATION x4
2026-07-13,2026-07-14,time_anchor,ANCHOR_ASIA_OPEN_EXACT_TOUCH x2
2026-07-13,2026-07-14,time_anchor,ANCHOR_ASIA_OPEN_RECLAIM x4
2026-07-13,2026-07-14,time_anchor,ANCHOR_ASIA_OPEN_REJECTION x3
2026-07-13,2026-07-14,time_anchor,ANCHOR_ASIA_OPEN_REVISIT x9
2026-07-13,2026-07-14,time_anchor,ANCHOR_ASIA_OPEN_SWEEP x3
2026-07-13,2026-07-14,time_anchor,ANCHOR_LONDON_OPEN_ACCEPTANCE_ABOVE x4
2026-07-13,2026-07-14,time_anchor,ANCHOR_LONDON_OPEN_ACCEPTANCE_BELOW x3
2026-07-13,2026-07-14,time_anchor,ANCHOR_LONDON_OPEN_BREAK x1
2026-07-13,2026-07-14,time_anchor,ANCHOR_LONDON_OPEN_CONTINUATION x6
2026-07-13,2026-07-14,time_anchor,ANCHOR_LONDON_OPEN_EXACT_TOUCH x1
2026-07-13,2026-07-14,time_anchor,ANCHOR_LONDON_OPEN_EXPIRY x1
2026-07-13,2026-07-14,time_anchor,ANCHOR_LONDON_OPEN_FIRST_TOUCH x1
2026-07-13,2026-07-14,time_anchor,ANCHOR_LONDON_OPEN_FORMED x1
2026-07-13,2026-07-14,time_anchor,ANCHOR_LONDON_OPEN_RECLAIM x11
2026-07-13,2026-07-14,time_anchor,ANCHOR_LONDON_OPEN_REJECTION x17
2026-07-13,2026-07-14,time_anchor,ANCHOR_LONDON_OPEN_REVISIT x29
2026-07-13,2026-07-14,time_anchor,ANCHOR_LONDON_OPEN_SWEEP x17
2026-07-13,2026-07-14,time_anchor,ANCHOR_MIDNIGHT_OPEN_ACCEPTANCE_ABOVE x2
2026-07-13,2026-07-14,time_anchor,ANCHOR_MIDNIGHT_OPEN_ACCEPTANCE_BELOW x1
2026-07-13,2026-07-14,time_anchor,ANCHOR_MIDNIGHT_OPEN_BREAK x1
2026-07-13,2026-07-14,time_anchor,ANCHOR_MIDNIGHT_OPEN_CONTINUATION x3
2026-07-13,2026-07-14,time_anchor,ANCHOR_MIDNIGHT_OPEN_EXPIRY x1
2026-07-13,2026-07-14,time_anchor,ANCHOR_MIDNIGHT_OPEN_FIRST_TOUCH x1
2026-07-13,2026-07-14,time_anchor,ANCHOR_MIDNIGHT_OPEN_FORMED x1
2026-07-13,2026-07-14,time_anchor,ANCHOR_MIDNIGHT_OPEN_RECLAIM x3
2026-07-13,2026-07-14,time_anchor,ANCHOR_MIDNIGHT_OPEN_REJECTION x6
2026-07-13,2026-07-14,time_anchor,ANCHOR_MIDNIGHT_OPEN_REVISIT x8
2026-07-13,2026-07-14,time_anchor,ANCHOR_MIDNIGHT_OPEN_SWEEP x6
2026-07-13,2026-07-14,time_anchor,ANCHOR_NY_SESSION_OPEN_ACCEPTANCE_ABOVE x10
2026-07-13,2026-07-14,time_anchor,ANCHOR_NY_SESSION_OPEN_ACCEPTANCE_BELOW x9
2026-07-13,2026-07-14,time_anchor,ANCHOR_NY_SESSION_OPEN_BREAK x1
2026-07-13,2026-07-14,time_anchor,ANCHOR_NY_SESSION_OPEN_CONTINUATION x16
2026-07-13,2026-07-14,time_anchor,ANCHOR_NY_SESSION_OPEN_EXACT_TOUCH x1
2026-07-13,2026-07-14,time_anchor,ANCHOR_NY_SESSION_OPEN_EXPIRY x1
2026-07-13,2026-07-14,time_anchor,ANCHOR_NY_SESSION_OPEN_FIRST_TOUCH x1
2026-07-13,2026-07-14,time_anchor,ANCHOR_NY_SESSION_OPEN_FORMED x1
2026-07-13,2026-07-14,time_anchor,ANCHOR_NY_SESSION_OPEN_RECLAIM x22
2026-07-13,2026-07-14,time_anchor,ANCHOR_NY_SESSION_OPEN_REJECTION x26
2026-07-13,2026-07-14,time_anchor,ANCHOR_NY_SESSION_OPEN_REVISIT x48
2026-07-13,2026-07-14,time_anchor,ANCHOR_NY_SESSION_OPEN_SWEEP x26
2026-07-13,2026-07-14,time_anchor,ANCHOR_OPEN_0900_ACCEPTANCE_ABOVE x16
2026-07-13,2026-07-14,time_anchor,ANCHOR_OPEN_0900_ACCEPTANCE_BELOW x13
2026-07-13,2026-07-14,time_anchor,ANCHOR_OPEN_0900_BREAK x1
2026-07-13,2026-07-14,time_anchor,ANCHOR_OPEN_0900_CONTINUATION x21
2026-07-13,2026-07-14,time_anchor,ANCHOR_OPEN_0900_EXACT_TOUCH x2
2026-07-13,2026-07-14,time_anchor,ANCHOR_OPEN_0900_EXPIRY x1
2026-07-13,2026-07-14,time_anchor,ANCHOR_OPEN_0900_FIRST_TOUCH x1
2026-07-13,2026-07-14,time_anchor,ANCHOR_OPEN_0900_FORMED x1
2026-07-13,2026-07-14,time_anchor,ANCHOR_OPEN_0900_RECLAIM x41
2026-07-13,2026-07-14,time_anchor,ANCHOR_OPEN_0900_REJECTION x37
2026-07-13,2026-07-14,time_anchor,ANCHOR_OPEN_0900_REVISIT x79
2026-07-13,2026-07-14,time_anchor,ANCHOR_OPEN_0900_SWEEP x37
2026-07-13,2026-07-14,time_anchor,ANCHOR_OPEN_0930_ACCEPTANCE_ABOVE x10
2026-07-13,2026-07-14,time_anchor,ANCHOR_OPEN_0930_ACCEPTANCE_BELOW x9
2026-07-13,2026-07-14,time_anchor,ANCHOR_OPEN_0930_BREAK x1
2026-07-13,2026-07-14,time_anchor,ANCHOR_OPEN_0930_CONTINUATION x16
2026-07-13,2026-07-14,time_anchor,ANCHOR_OPEN_0930_EXACT_TOUCH x1
2026-07-13,2026-07-14,time_anchor,ANCHOR_OPEN_0930_EXPIRY x1
2026-07-13,2026-07-14,time_anchor,ANCHOR_OPEN_0930_FIRST_TOUCH x1
2026-07-13,2026-07-14,time_anchor,ANCHOR_OPEN_0930_FORMED x1
2026-07-13,2026-07-14,time_anchor,ANCHOR_OPEN_0930_RECLAIM x22
2026-07-13,2026-07-14,time_anchor,ANCHOR_OPEN_0930_REJECTION x26
2026-07-13,2026-07-14,time_anchor,ANCHOR_OPEN_0930_REVISIT x48
2026-07-13,2026-07-14,time_anchor,ANCHOR_OPEN_0930_SWEEP x26
2026-07-13,2026-07-14,time_anchor,ANCHOR_OPEN_1000_ACCEPTANCE_ABOVE x13
2026-07-13,2026-07-14,time_anchor,ANCHOR_OPEN_1000_ACCEPTANCE_BELOW x15
2026-07-13,2026-07-14,time_anchor,ANCHOR_OPEN_1000_BREAK x1
2026-07-13,2026-07-14,time_anchor,ANCHOR_OPEN_1000_CONTINUATION x23
2026-07-13,2026-07-14,time_anchor,ANCHOR_OPEN_1000_EXPIRY x1
2026-07-13,2026-07-14,time_anchor,ANCHOR_OPEN_1000_FIRST_TOUCH x1
2026-07-13,2026-07-14,time_anchor,ANCHOR_OPEN_1000_FORMED x1
2026-07-13,2026-07-14,time_anchor,ANCHOR_OPEN_1000_RECLAIM x36
2026-07-13,2026-07-14,time_anchor,ANCHOR_OPEN_1000_REJECTION x45
2026-07-13,2026-07-14,time_anchor,ANCHOR_OPEN_1000_REVISIT x80
2026-07-13,2026-07-14,time_anchor,ANCHOR_OPEN_1000_SWEEP x45
2026-07-13,2026-07-14,vwap,VWAP_BAND_REJECT_M1_618 x5
2026-07-13,2026-07-14,vwap,VWAP_BAND_REJECT_M2_618 x3
2026-07-13,2026-07-14,vwap,VWAP_BAND_REJECT_M3_618 x2
2026-07-13,2026-07-14,vwap,VWAP_BAND_REJECT_P1_618 x34
2026-07-13,2026-07-14,vwap,VWAP_BAND_REJECT_P2_618 x4
2026-07-13,2026-07-14,vwap,VWAP_VWAP x21
2026-07-13,2026-07-14,vwap,VWAP_VWAP_ABOVE x12
2026-07-13,2026-07-14,vwap,VWAP_VWAP_BELOW x6
2026-07-13,2026-07-14,vwap,VWAP_VWAP_BOUNCE_DOWN x24
2026-07-13,2026-07-14,vwap,VWAP_VWAP_BOUNCE_UP x42
2026-07-13,2026-07-14,vwap,VWAP_VWAP_DOWN x16
2026-07-13,2026-07-14,vwap,VWAP_VWAP_UP x16
2026-07-14,2026-07-14,displacement,BAD_BEARISH_DISPLACEMENT x3
2026-07-14,2026-07-14,displacement,BAD_BULLISH_DISPLACEMENT x3
2026-07-14,2026-07-14,displacement,DISPLACEMENT_CONTINUATION x67
2026-07-14,2026-07-14,displacement,DISPLACEMENT_FAILED_CONTINUATION x19
2026-07-14,2026-07-14,displacement,GOOD_BEARISH_DISPLACEMENT x19
2026-07-14,2026-07-14,displacement,GOOD_BULLISH_DISPLACEMENT x20
2026-07-14,2026-07-14,displacement,MIXED_BEARISH_DISPLACEMENT x46
2026-07-14,2026-07-14,displacement,MIXED_BULLISH_DISPLACEMENT x54
2026-07-14,2026-07-14,fvg,BEARISH_FVG_EXACT_TOUCH x5
2026-07-14,2026-07-14,fvg,BEARISH_FVG_FAILURE x32
2026-07-14,2026-07-14,fvg,BEARISH_FVG_FIRST_FILL x28
2026-07-14,2026-07-14,fvg,BEARISH_FVG_FIRST_TOUCH x28
2026-07-14,2026-07-14,fvg,BEARISH_FVG_FORMED x28
2026-07-14,2026-07-14,fvg,BEARISH_FVG_FULL_FILL x31
2026-07-14,2026-07-14,fvg,BEARISH_FVG_MIDPOINT x30
2026-07-14,2026-07-14,fvg,BEARISH_FVG_REVISIT x102
2026-07-14,2026-07-14,fvg,BULLISH_FVG_CONTINUATION x1
2026-07-14,2026-07-14,fvg,BULLISH_FVG_EXACT_TOUCH x4
2026-07-14,2026-07-14,fvg,BULLISH_FVG_EXPIRY x3
2026-07-14,2026-07-14,fvg,BULLISH_FVG_FAILURE x26
2026-07-14,2026-07-14,fvg,BULLISH_FVG_FIRST_FILL x34
2026-07-14,2026-07-14,fvg,BULLISH_FVG_FIRST_TOUCH x33
2026-07-14,2026-07-14,fvg,BULLISH_FVG_FORMED x40
2026-07-14,2026-07-14,fvg,BULLISH_FVG_FULL_FILL x26
2026-07-14,2026-07-14,fvg,BULLISH_FVG_MIDPOINT x28
2026-07-14,2026-07-14,fvg,BULLISH_FVG_REVISIT x119
2026-07-14,2026-07-14,hist_level,HL_0900_HIGH_ACCEPTANCE_ABOVE x3
2026-07-14,2026-07-14,hist_level,HL_0900_HIGH_ACCEPTANCE_BELOW x3
2026-07-14,2026-07-14,hist_level,HL_0900_HIGH_CONTINUATION x4
2026-07-14,2026-07-14,hist_level,HL_0900_HIGH_EXACT_TOUCH x1
2026-07-14,2026-07-14,hist_level,HL_0900_HIGH_RECLAIM x8
2026-07-14,2026-07-14,hist_level,HL_0900_HIGH_REJECTION x8
2026-07-14,2026-07-14,hist_level,HL_0900_HIGH_REVISIT x16
2026-07-14,2026-07-14,hist_level,HL_0900_HIGH_SWEEP_ABOVE x7
2026-07-14,2026-07-14,hist_level,HL_0900_HIGH_SWEEP_BELOW x1
2026-07-14,2026-07-14,hist_level,HL_0900_LOW_ACCEPTANCE_ABOVE x3
2026-07-14,2026-07-14,hist_level,HL_0900_LOW_ACCEPTANCE_BELOW x3
2026-07-14,2026-07-14,hist_level,HL_0900_LOW_CONTINUATION x5
2026-07-14,2026-07-14,hist_level,HL_0900_LOW_EXACT_TOUCH x3
2026-07-14,2026-07-14,hist_level,HL_0900_LOW_RECLAIM x6
2026-07-14,2026-07-14,hist_level,HL_0900_LOW_REJECTION x5
2026-07-14,2026-07-14,hist_level,HL_0900_LOW_REVISIT x14
2026-07-14,2026-07-14,hist_level,HL_0900_LOW_SWEEP_ABOVE x3
2026-07-14,2026-07-14,hist_level,HL_0900_LOW_SWEEP_BELOW x2
2026-07-14,2026-07-14,hist_level,HL_0930_HIGH_ACCEPTANCE_ABOVE x1
2026-07-14,2026-07-14,hist_level,HL_0930_HIGH_CONTINUATION x1
2026-07-14,2026-07-14,hist_level,HL_0930_HIGH_RECLAIM x1
2026-07-14,2026-07-14,hist_level,HL_0930_HIGH_REVISIT x1
2026-07-14,2026-07-14,hist_level,HL_0930_LOW_ACCEPTANCE_ABOVE x1
2026-07-14,2026-07-14,hist_level,HL_0930_LOW_CONTINUATION x1
2026-07-14,2026-07-14,hist_level,HL_0930_LOW_EXACT_TOUCH x1
2026-07-14,2026-07-14,hist_level,HL_0930_LOW_RECLAIM x2
2026-07-14,2026-07-14,hist_level,HL_0930_LOW_REVISIT x4
2026-07-14,2026-07-14,hist_level,HL_1000_HIGH_ACCEPTANCE_ABOVE x1
2026-07-14,2026-07-14,hist_level,HL_1000_HIGH_CONTINUATION x1
2026-07-14,2026-07-14,hist_level,HL_1000_HIGH_RECLAIM x1
2026-07-14,2026-07-14,hist_level,HL_1000_HIGH_REJECTION x2
2026-07-14,2026-07-14,hist_level,HL_1000_HIGH_REVISIT x3
2026-07-14,2026-07-14,hist_level,HL_1000_HIGH_SWEEP_ABOVE x2
2026-07-14,2026-07-14,hist_level,HL_1000_LOW_ACCEPTANCE_ABOVE x1
2026-07-14,2026-07-14,hist_level,HL_1000_LOW_ACCEPTANCE_BELOW x1
2026-07-14,2026-07-14,hist_level,HL_1000_LOW_CONTINUATION x2
2026-07-14,2026-07-14,hist_level,HL_1000_LOW_RECLAIM x4
2026-07-14,2026-07-14,hist_level,HL_1000_LOW_REJECTION x4
2026-07-14,2026-07-14,hist_level,HL_1000_LOW_REVISIT x7
2026-07-14,2026-07-14,hist_level,HL_1000_LOW_SWEEP_ABOVE x1
2026-07-14,2026-07-14,hist_level,HL_1000_LOW_SWEEP_BELOW x3
2026-07-14,2026-07-14,hist_level,PREV_DAY_HIGH_EXACT_TOUCH x1
2026-07-14,2026-07-14,hist_level,PREV_DAY_HIGH_FIRST_TOUCH x1
2026-07-14,2026-07-14,hist_level,PREV_RTH_CLOSE_ACCEPTANCE_ABOVE x4
2026-07-14,2026-07-14,hist_level,PREV_RTH_CLOSE_ACCEPTANCE_BELOW x5
2026-07-14,2026-07-14,hist_level,PREV_RTH_CLOSE_CONTINUATION x5
2026-07-14,2026-07-14,hist_level,PREV_RTH_CLOSE_EXACT_TOUCH x1
2026-07-14,2026-07-14,hist_level,PREV_RTH_CLOSE_RECLAIM x14
2026-07-14,2026-07-14,hist_level,PREV_RTH_CLOSE_REJECTION x10
2026-07-14,2026-07-14,hist_level,PREV_RTH_CLOSE_REVISIT x24
2026-07-14,2026-07-14,hist_level,PREV_RTH_CLOSE_SWEEP_ABOVE x5
2026-07-14,2026-07-14,hist_level,PREV_RTH_CLOSE_SWEEP_BELOW x5
2026-07-14,2026-07-14,hist_level,PREV_RTH_HIGH_ACCEPTANCE_ABOVE x4
2026-07-14,2026-07-14,hist_level,PREV_RTH_HIGH_ACCEPTANCE_BELOW x4
2026-07-14,2026-07-14,hist_level,PREV_RTH_HIGH_CONTINUATION x8
2026-07-14,2026-07-14,hist_level,PREV_RTH_HIGH_FIRST_TOUCH x1
2026-07-14,2026-07-14,hist_level,PREV_RTH_HIGH_RECLAIM x11
2026-07-14,2026-07-14,hist_level,PREV_RTH_HIGH_REJECTION x8
2026-07-14,2026-07-14,hist_level,PREV_RTH_HIGH_REVISIT x18
2026-07-14,2026-07-14,hist_level,PREV_RTH_HIGH_SWEEP_ABOVE x6
2026-07-14,2026-07-14,hist_level,PREV_RTH_HIGH_SWEEP_BELOW x2
2026-07-14,2026-07-14,ifvg,BEARISH_IFVG_ACTIVATION x26
2026-07-14,2026-07-14,ifvg,BEARISH_IFVG_FIRST_TOUCH x29
2026-07-14,2026-07-14,ifvg,BEARISH_IFVG_REINVERSION x30
2026-07-14,2026-07-14,ifvg,BEARISH_IFVG_REJECTION x44
2026-07-14,2026-07-14,ifvg,BEARISH_IFVG_REVISIT x67
2026-07-14,2026-07-14,ifvg,BULLISH_IFVG_ACTIVATION x32
2026-07-14,2026-07-14,ifvg,BULLISH_IFVG_EXPIRY x4
2026-07-14,2026-07-14,ifvg,BULLISH_IFVG_FIRST_TOUCH x27
2026-07-14,2026-07-14,ifvg,BULLISH_IFVG_REINVERSION x22
2026-07-14,2026-07-14,ifvg,BULLISH_IFVG_REJECTION x48
2026-07-14,2026-07-14,ifvg,BULLISH_IFVG_REVISIT x87
2026-07-14,2026-07-14,liquidity,EQUAL_HIGHS_ACCEPTANCE_ABOVE x123
2026-07-14,2026-07-14,liquidity,EQUAL_HIGHS_ACCEPTANCE_BELOW x94
2026-07-14,2026-07-14,liquidity,EQUAL_HIGHS_BREAK x28
2026-07-14,2026-07-14,liquidity,EQUAL_HIGHS_CONFIRMED x28
2026-07-14,2026-07-14,liquidity,EQUAL_HIGHS_CONTINUATION x193
2026-07-14,2026-07-14,liquidity,EQUAL_HIGHS_EXACT_TOUCH x9
2026-07-14,2026-07-14,liquidity,EQUAL_HIGHS_EXPIRY x22
2026-07-14,2026-07-14,liquidity,EQUAL_HIGHS_FIRST_TOUCH x32
2026-07-14,2026-07-14,liquidity,EQUAL_HIGHS_RECLAIM x255
2026-07-14,2026-07-14,liquidity,EQUAL_HIGHS_REJECTION x251
2026-07-14,2026-07-14,liquidity,EQUAL_HIGHS_REVISIT x492
2026-07-14,2026-07-14,liquidity,EQUAL_HIGHS_SWEEP_ABOVE x117
2026-07-14,2026-07-14,liquidity,EQUAL_HIGHS_SWEEP_BELOW x134
2026-07-14,2026-07-14,liquidity,EQUAL_LOWS_ACCEPTANCE_ABOVE x105
2026-07-14,2026-07-14,liquidity,EQUAL_LOWS_ACCEPTANCE_BELOW x61
2026-07-14,2026-07-14,liquidity,EQUAL_LOWS_BREAK x24
2026-07-14,2026-07-14,liquidity,EQUAL_LOWS_CONFIRMED x25
2026-07-14,2026-07-14,liquidity,EQUAL_LOWS_CONTINUATION x138
2026-07-14,2026-07-14,liquidity,EQUAL_LOWS_EXACT_TOUCH x9
2026-07-14,2026-07-14,liquidity,EQUAL_LOWS_EXPIRY x23
2026-07-14,2026-07-14,liquidity,EQUAL_LOWS_FIRST_TOUCH x21
2026-07-14,2026-07-14,liquidity,EQUAL_LOWS_RECLAIM x206
2026-07-14,2026-07-14,liquidity,EQUAL_LOWS_REJECTION x178
2026-07-14,2026-07-14,liquidity,EQUAL_LOWS_REVISIT x380
2026-07-14,2026-07-14,liquidity,EQUAL_LOWS_SWEEP_ABOVE x74
2026-07-14,2026-07-14,liquidity,EQUAL_LOWS_SWEEP_BELOW x104
2026-07-14,2026-07-14,liquidity,SWING_HIGH_ACCEPTANCE_ABOVE x293
2026-07-14,2026-07-14,liquidity,SWING_HIGH_ACCEPTANCE_BELOW x219
2026-07-14,2026-07-14,liquidity,SWING_HIGH_BREAK x59
2026-07-14,2026-07-14,liquidity,SWING_HIGH_CONFIRMED x59
2026-07-14,2026-07-14,liquidity,SWING_HIGH_CONTINUATION x459
2026-07-14,2026-07-14,liquidity,SWING_HIGH_EXACT_TOUCH x59
2026-07-14,2026-07-14,liquidity,SWING_HIGH_EXPIRY x51
2026-07-14,2026-07-14,liquidity,SWING_HIGH_FIRST_TOUCH x71
2026-07-14,2026-07-14,liquidity,SWING_HIGH_RECLAIM x635
2026-07-14,2026-07-14,liquidity,SWING_HIGH_REJECTION x612
2026-07-14,2026-07-14,liquidity,SWING_HIGH_REVISIT x1249
2026-07-14,2026-07-14,liquidity,SWING_HIGH_SWEEP_ABOVE x288
2026-07-14,2026-07-14,liquidity,SWING_HIGH_SWEEP_BELOW x324
2026-07-14,2026-07-14,liquidity,SWING_LOW_ACCEPTANCE_ABOVE x203
2026-07-14,2026-07-14,liquidity,SWING_LOW_ACCEPTANCE_BELOW x111
2026-07-14,2026-07-14,liquidity,SWING_LOW_BREAK x50
2026-07-14,2026-07-14,liquidity,SWING_LOW_CONFIRMED x51
2026-07-14,2026-07-14,liquidity,SWING_LOW_CONTINUATION x268
2026-07-14,2026-07-14,liquidity,SWING_LOW_EXACT_TOUCH x53
2026-07-14,2026-07-14,liquidity,SWING_LOW_EXPIRY x45
2026-07-14,2026-07-14,liquidity,SWING_LOW_FIRST_TOUCH x39
2026-07-14,2026-07-14,liquidity,SWING_LOW_RECLAIM x402
2026-07-14,2026-07-14,liquidity,SWING_LOW_REJECTION x328
2026-07-14,2026-07-14,liquidity,SWING_LOW_REVISIT x749
2026-07-14,2026-07-14,liquidity,SWING_LOW_SWEEP_ABOVE x137
2026-07-14,2026-07-14,liquidity,SWING_LOW_SWEEP_BELOW x191
2026-07-14,2026-07-14,rejection_block,BEARISH_RB_CONFIRMED x14
2026-07-14,2026-07-14,rejection_block,BEARISH_RB_EXACT_TOUCH x6
2026-07-14,2026-07-14,rejection_block,BEARISH_RB_FAILURE x4
2026-07-14,2026-07-14,rejection_block,BEARISH_RB_FORMED x18
2026-07-14,2026-07-14,rejection_block,BEARISH_RB_INVALIDATION x19
2026-07-14,2026-07-14,rejection_block,BEARISH_RB_REJECTION x59
2026-07-14,2026-07-14,rejection_block,BEARISH_RB_REVISIT x146
2026-07-14,2026-07-14,rejection_block,BEARISH_RB_TAP x15
2026-07-14,2026-07-14,rejection_block,BULLISH_RB_CONFIRMED x10
2026-07-14,2026-07-14,rejection_block,BULLISH_RB_EXPIRY x3
2026-07-14,2026-07-14,rejection_block,BULLISH_RB_FAILURE x6
2026-07-14,2026-07-14,rejection_block,BULLISH_RB_FORMED x15
2026-07-14,2026-07-14,rejection_block,BULLISH_RB_INVALIDATION x10
2026-07-14,2026-07-14,rejection_block,BULLISH_RB_REJECTION x8
2026-07-14,2026-07-14,rejection_block,BULLISH_RB_REVISIT x28
2026-07-14,2026-07-14,rejection_block,BULLISH_RB_TAP x9
2026-07-14,2026-07-14,structure,BEARISH_EXPANSION x13
2026-07-14,2026-07-14,structure,BULLISH_EXPANSION x17
2026-07-14,2026-07-14,structure,COMPRESSION x7
2026-07-14,2026-07-14,structure,STRUCT_BREAK x7
2026-07-14,2026-07-14,structure,STRUCT_CONTINUATION x3
2026-07-14,2026-07-14,structure,STRUCT_EXPANSION x1
2026-07-14,2026-07-14,structure,STRUCT_FAILED_CONTINUATION x4
2026-07-14,2026-07-14,time_anchor,ANCHOR_ASIA_OPEN_ACCEPTANCE_ABOVE x4
2026-07-14,2026-07-14,time_anchor,ANCHOR_ASIA_OPEN_ACCEPTANCE_BELOW x5
2026-07-14,2026-07-14,time_anchor,ANCHOR_ASIA_OPEN_BREAK x1
2026-07-14,2026-07-14,time_anchor,ANCHOR_ASIA_OPEN_CONTINUATION x9
2026-07-14,2026-07-14,time_anchor,ANCHOR_ASIA_OPEN_EXPIRY x1
2026-07-14,2026-07-14,time_anchor,ANCHOR_ASIA_OPEN_FIRST_TOUCH x1
2026-07-14,2026-07-14,time_anchor,ANCHOR_ASIA_OPEN_FORMED x1
2026-07-14,2026-07-14,time_anchor,ANCHOR_ASIA_OPEN_RECLAIM x11
2026-07-14,2026-07-14,time_anchor,ANCHOR_ASIA_OPEN_REJECTION x10
2026-07-14,2026-07-14,time_anchor,ANCHOR_ASIA_OPEN_REVISIT x20
2026-07-14,2026-07-14,time_anchor,ANCHOR_ASIA_OPEN_SWEEP x10
2026-07-14,2026-07-14,time_anchor,ANCHOR_NY_SESSION_OPEN_ACCEPTANCE_ABOVE x1
2026-07-14,2026-07-14,time_anchor,ANCHOR_NY_SESSION_OPEN_CONTINUATION x1
2026-07-14,2026-07-14,time_anchor,ANCHOR_NY_SESSION_OPEN_RECLAIM x1
2026-07-14,2026-07-14,time_anchor,ANCHOR_NY_SESSION_OPEN_REVISIT x1
2026-07-14,2026-07-14,time_anchor,ANCHOR_OPEN_0900_ACCEPTANCE_ABOVE x2
2026-07-14,2026-07-14,time_anchor,ANCHOR_OPEN_0900_ACCEPTANCE_BELOW x2
2026-07-14,2026-07-14,time_anchor,ANCHOR_OPEN_0900_CONTINUATION x4
2026-07-14,2026-07-14,time_anchor,ANCHOR_OPEN_0900_RECLAIM x4
2026-07-14,2026-07-14,time_anchor,ANCHOR_OPEN_0900_REJECTION x6
2026-07-14,2026-07-14,time_anchor,ANCHOR_OPEN_0900_REVISIT x10
2026-07-14,2026-07-14,time_anchor,ANCHOR_OPEN_0900_SWEEP x6
2026-07-14,2026-07-14,time_anchor,ANCHOR_OPEN_0930_ACCEPTANCE_ABOVE x1
2026-07-14,2026-07-14,time_anchor,ANCHOR_OPEN_0930_CONTINUATION x1
2026-07-14,2026-07-14,time_anchor,ANCHOR_OPEN_0930_RECLAIM x1
2026-07-14,2026-07-14,time_anchor,ANCHOR_OPEN_0930_REVISIT x1
2026-07-14,2026-07-14,time_anchor,ANCHOR_OPEN_1000_ACCEPTANCE_ABOVE x2
2026-07-14,2026-07-14,time_anchor,ANCHOR_OPEN_1000_ACCEPTANCE_BELOW x2
2026-07-14,2026-07-14,time_anchor,ANCHOR_OPEN_1000_CONTINUATION x4
2026-07-14,2026-07-14,time_anchor,ANCHOR_OPEN_1000_RECLAIM x4
2026-07-14,2026-07-14,time_anchor,ANCHOR_OPEN_1000_REJECTION x11
2026-07-14,2026-07-14,time_anchor,ANCHOR_OPEN_1000_REVISIT x16
2026-07-14,2026-07-14,time_anchor,ANCHOR_OPEN_1000_SWEEP x11
2026-07-14,2026-07-14,vwap,VWAP_BAND_REJECT_M1_618 x3
2026-07-14,2026-07-14,vwap,VWAP_BAND_REJECT_M2_618 x1
2026-07-14,2026-07-14,vwap,VWAP_BAND_REJECT_P1_618 x32
2026-07-14,2026-07-14,vwap,VWAP_BAND_REJECT_P2_618 x3
2026-07-14,2026-07-14,vwap,VWAP_BAND_REJECT_P3_618 x1
2026-07-14,2026-07-14,vwap,VWAP_VWAP x5
2026-07-14,2026-07-14,vwap,VWAP_VWAP_ABOVE x2
2026-07-14,2026-07-14,vwap,VWAP_VWAP_BELOW x2
2026-07-14,2026-07-14,vwap,VWAP_VWAP_BOUNCE_DOWN x7
2026-07-14,2026-07-14,vwap,VWAP_VWAP_BOUNCE_UP x6
2026-07-14,2026-07-14,vwap,VWAP_VWAP_DOWN x2
2026-07-14,2026-07-14,vwap,VWAP_VWAP_UP x3
2026-07-14,2026-07-15,displacement,BAD_BEARISH_DISPLACEMENT x6
2026-07-14,2026-07-15,displacement,BAD_BULLISH_DISPLACEMENT x9
2026-07-14,2026-07-15,displacement,DISPLACEMENT_CONTINUATION x194
2026-07-14,2026-07-15,displacement,DISPLACEMENT_FAILED_CONTINUATION x44
2026-07-14,2026-07-15,displacement,GOOD_BEARISH_DISPLACEMENT x43
2026-07-14,2026-07-15,displacement,GOOD_BULLISH_DISPLACEMENT x44
2026-07-14,2026-07-15,displacement,MIXED_BEARISH_DISPLACEMENT x153
2026-07-14,2026-07-15,displacement,MIXED_BULLISH_DISPLACEMENT x151
2026-07-14,2026-07-15,fvg,BEARISH_FVG_CONTINUATION x3
2026-07-14,2026-07-15,fvg,BEARISH_FVG_EXACT_TOUCH x8
2026-07-14,2026-07-15,fvg,BEARISH_FVG_EXPIRY x5
2026-07-14,2026-07-15,fvg,BEARISH_FVG_FAILURE x105
2026-07-14,2026-07-15,fvg,BEARISH_FVG_FIRST_FILL x114
2026-07-14,2026-07-15,fvg,BEARISH_FVG_FIRST_TOUCH x114
2026-07-14,2026-07-15,fvg,BEARISH_FVG_FORMED x118
2026-07-14,2026-07-15,fvg,BEARISH_FVG_FULL_FILL x110
2026-07-14,2026-07-15,fvg,BEARISH_FVG_MIDPOINT x112
2026-07-14,2026-07-15,fvg,BEARISH_FVG_REVISIT x414
2026-07-14,2026-07-15,fvg,BULLISH_FVG_CONTINUATION x5
2026-07-14,2026-07-15,fvg,BULLISH_FVG_EXACT_TOUCH x14
2026-07-14,2026-07-15,fvg,BULLISH_FVG_EXPIRY x10
2026-07-14,2026-07-15,fvg,BULLISH_FVG_FAILURE x112
2026-07-14,2026-07-15,fvg,BULLISH_FVG_FIRST_FILL x115
2026-07-14,2026-07-15,fvg,BULLISH_FVG_FIRST_TOUCH x115
2026-07-14,2026-07-15,fvg,BULLISH_FVG_FORMED x116
2026-07-14,2026-07-15,fvg,BULLISH_FVG_FULL_FILL x118
2026-07-14,2026-07-15,fvg,BULLISH_FVG_MIDPOINT x118
2026-07-14,2026-07-15,fvg,BULLISH_FVG_REVISIT x366
2026-07-14,2026-07-15,hist_level,HL_0900_HIGH_ACCEPTANCE_ABOVE x3
2026-07-14,2026-07-15,hist_level,HL_0900_HIGH_ACCEPTANCE_BELOW x3
2026-07-14,2026-07-15,hist_level,HL_0900_HIGH_BREAK x1
2026-07-14,2026-07-15,hist_level,HL_0900_HIGH_CONTINUATION x4
2026-07-14,2026-07-15,hist_level,HL_0900_HIGH_EXACT_TOUCH x1
2026-07-14,2026-07-15,hist_level,HL_0900_HIGH_EXPIRY x1
2026-07-14,2026-07-15,hist_level,HL_0900_HIGH_FIRST_TOUCH x1
2026-07-14,2026-07-15,hist_level,HL_0900_HIGH_FORMED x1
2026-07-14,2026-07-15,hist_level,HL_0900_HIGH_RECLAIM x8
2026-07-14,2026-07-15,hist_level,HL_0900_HIGH_REJECTION x5
2026-07-14,2026-07-15,hist_level,HL_0900_HIGH_REVISIT x13
2026-07-14,2026-07-15,hist_level,HL_0900_HIGH_SWEEP_ABOVE x1
2026-07-14,2026-07-15,hist_level,HL_0900_HIGH_SWEEP_BELOW x4
2026-07-14,2026-07-15,hist_level,HL_0900_LOW_ACCEPTANCE_ABOVE x2
2026-07-14,2026-07-15,hist_level,HL_0900_LOW_ACCEPTANCE_BELOW x2
2026-07-14,2026-07-15,hist_level,HL_0900_LOW_BREAK x1
2026-07-14,2026-07-15,hist_level,HL_0900_LOW_CONTINUATION x3
2026-07-14,2026-07-15,hist_level,HL_0900_LOW_EXPIRY x1
2026-07-14,2026-07-15,hist_level,HL_0900_LOW_FIRST_TOUCH x1
2026-07-14,2026-07-15,hist_level,HL_0900_LOW_FORMED x1
2026-07-14,2026-07-15,hist_level,HL_0900_LOW_RECLAIM x6
2026-07-14,2026-07-15,hist_level,HL_0900_LOW_REJECTION x4
2026-07-14,2026-07-15,hist_level,HL_0900_LOW_REVISIT x10
2026-07-14,2026-07-15,hist_level,HL_0900_LOW_SWEEP_ABOVE x2
2026-07-14,2026-07-15,hist_level,HL_0900_LOW_SWEEP_BELOW x2
2026-07-14,2026-07-15,hist_level,HL_0930_HIGH_ACCEPTANCE_ABOVE x1
2026-07-14,2026-07-15,hist_level,HL_0930_HIGH_ACCEPTANCE_BELOW x3
2026-07-14,2026-07-15,hist_level,HL_0930_HIGH_BREAK x1
2026-07-14,2026-07-15,hist_level,HL_0930_HIGH_CONTINUATION x4
2026-07-14,2026-07-15,hist_level,HL_0930_HIGH_EXPIRY x1
2026-07-14,2026-07-15,hist_level,HL_0930_HIGH_FORMED x1
2026-07-14,2026-07-15,hist_level,HL_0930_HIGH_RECLAIM x3
2026-07-14,2026-07-15,hist_level,HL_0930_HIGH_REJECTION x7
2026-07-14,2026-07-15,hist_level,HL_0930_HIGH_REVISIT x11
2026-07-14,2026-07-15,hist_level,HL_0930_HIGH_SWEEP_ABOVE x6
2026-07-14,2026-07-15,hist_level,HL_0930_HIGH_SWEEP_BELOW x1
2026-07-14,2026-07-15,hist_level,HL_0930_LOW_ACCEPTANCE_BELOW x3
2026-07-14,2026-07-15,hist_level,HL_0930_LOW_BREAK x1
2026-07-14,2026-07-15,hist_level,HL_0930_LOW_CONTINUATION x2
2026-07-14,2026-07-15,hist_level,HL_0930_LOW_EXPIRY x1
2026-07-14,2026-07-15,hist_level,HL_0930_LOW_FIRST_TOUCH x1
2026-07-14,2026-07-15,hist_level,HL_0930_LOW_FORMED x1
2026-07-14,2026-07-15,hist_level,HL_0930_LOW_RECLAIM x4
2026-07-14,2026-07-15,hist_level,HL_0930_LOW_REJECTION x5
2026-07-14,2026-07-15,hist_level,HL_0930_LOW_REVISIT x8
2026-07-14,2026-07-15,hist_level,HL_0930_LOW_SWEEP_ABOVE x2
2026-07-14,2026-07-15,hist_level,HL_0930_LOW_SWEEP_BELOW x3
2026-07-14,2026-07-15,hist_level,HL_1000_HIGH_ACCEPTANCE_ABOVE x3
2026-07-14,2026-07-15,hist_level,HL_1000_HIGH_ACCEPTANCE_BELOW x4
2026-07-14,2026-07-15,hist_level,HL_1000_HIGH_BREAK x1
2026-07-14,2026-07-15,hist_level,HL_1000_HIGH_CONTINUATION x5
2026-07-14,2026-07-15,hist_level,HL_1000_HIGH_EXPIRY x1
2026-07-14,2026-07-15,hist_level,HL_1000_HIGH_FIRST_TOUCH x1
2026-07-14,2026-07-15,hist_level,HL_1000_HIGH_FORMED x1
2026-07-14,2026-07-15,hist_level,HL_1000_HIGH_RECLAIM x12
2026-07-14,2026-07-15,hist_level,HL_1000_HIGH_REJECTION x9
2026-07-14,2026-07-15,hist_level,HL_1000_HIGH_REVISIT x21
2026-07-14,2026-07-15,hist_level,HL_1000_HIGH_SWEEP_ABOVE x5
2026-07-14,2026-07-15,hist_level,HL_1000_HIGH_SWEEP_BELOW x4
2026-07-14,2026-07-15,hist_level,HL_1000_LOW_ACCEPTANCE_ABOVE x2
2026-07-14,2026-07-15,hist_level,HL_1000_LOW_ACCEPTANCE_BELOW x2
2026-07-14,2026-07-15,hist_level,HL_1000_LOW_BREAK x1
2026-07-14,2026-07-15,hist_level,HL_1000_LOW_CONTINUATION x4
2026-07-14,2026-07-15,hist_level,HL_1000_LOW_EXPIRY x1
2026-07-14,2026-07-15,hist_level,HL_1000_LOW_FIRST_TOUCH x1
2026-07-14,2026-07-15,hist_level,HL_1000_LOW_FORMED x1
2026-07-14,2026-07-15,hist_level,HL_1000_LOW_RECLAIM x6
2026-07-14,2026-07-15,hist_level,HL_1000_LOW_REJECTION x4
2026-07-14,2026-07-15,hist_level,HL_1000_LOW_REVISIT x9
2026-07-14,2026-07-15,hist_level,HL_1000_LOW_SWEEP_ABOVE x2
2026-07-14,2026-07-15,hist_level,HL_1000_LOW_SWEEP_BELOW x2
2026-07-14,2026-07-15,hist_level,PREV_3SESSION_HIGH_ACCEPTANCE_BELOW x1
2026-07-14,2026-07-15,hist_level,PREV_3SESSION_HIGH_BREAK x1
2026-07-14,2026-07-15,hist_level,PREV_3SESSION_HIGH_CONTINUATION x1
2026-07-14,2026-07-15,hist_level,PREV_3SESSION_HIGH_EXPIRY x1
2026-07-14,2026-07-15,hist_level,PREV_3SESSION_HIGH_FORMED x1
2026-07-14,2026-07-15,hist_level,PREV_3SESSION_LOW_ACCEPTANCE_ABOVE x1
2026-07-14,2026-07-15,hist_level,PREV_3SESSION_LOW_BREAK x1
2026-07-14,2026-07-15,hist_level,PREV_3SESSION_LOW_CONTINUATION x1
2026-07-14,2026-07-15,hist_level,PREV_3SESSION_LOW_EXPIRY x1
2026-07-14,2026-07-15,hist_level,PREV_3SESSION_LOW_FORMED x1
2026-07-14,2026-07-15,hist_level,PREV_DAY_HIGH_ACCEPTANCE_ABOVE x6
2026-07-14,2026-07-15,hist_level,PREV_DAY_HIGH_ACCEPTANCE_BELOW x8
2026-07-14,2026-07-15,hist_level,PREV_DAY_HIGH_BREAK x1
2026-07-14,2026-07-15,hist_level,PREV_DAY_HIGH_CONTINUATION x12
2026-07-14,2026-07-15,hist_level,PREV_DAY_HIGH_EXACT_TOUCH x4
2026-07-14,2026-07-15,hist_level,PREV_DAY_HIGH_EXPIRY x1
2026-07-14,2026-07-15,hist_level,PREV_DAY_HIGH_FORMED x1
2026-07-14,2026-07-15,hist_level,PREV_DAY_HIGH_RECLAIM x16
2026-07-14,2026-07-15,hist_level,PREV_DAY_HIGH_REJECTION x16
2026-07-14,2026-07-15,hist_level,PREV_DAY_HIGH_REVISIT x38
2026-07-14,2026-07-15,hist_level,PREV_DAY_HIGH_SWEEP_ABOVE x3
2026-07-14,2026-07-15,hist_level,PREV_DAY_HIGH_SWEEP_BELOW x13
2026-07-14,2026-07-15,hist_level,PREV_DAY_LOW_ACCEPTANCE_ABOVE x1
2026-07-14,2026-07-15,hist_level,PREV_DAY_LOW_BREAK x1
2026-07-14,2026-07-15,hist_level,PREV_DAY_LOW_CONTINUATION x1
2026-07-14,2026-07-15,hist_level,PREV_DAY_LOW_EXPIRY x1
2026-07-14,2026-07-15,hist_level,PREV_DAY_LOW_FORMED x1
2026-07-14,2026-07-15,hist_level,PREV_MONTH20_HIGH_ACCEPTANCE_BELOW x1
2026-07-14,2026-07-15,hist_level,PREV_MONTH20_HIGH_BREAK x1
2026-07-14,2026-07-15,hist_level,PREV_MONTH20_HIGH_CONTINUATION x1
2026-07-14,2026-07-15,hist_level,PREV_MONTH20_HIGH_EXPIRY x1
2026-07-14,2026-07-15,hist_level,PREV_MONTH20_HIGH_FORMED x1
2026-07-14,2026-07-15,hist_level,PREV_MONTH20_LOW_ACCEPTANCE_ABOVE x1
2026-07-14,2026-07-15,hist_level,PREV_MONTH20_LOW_BREAK x1
2026-07-14,2026-07-15,hist_level,PREV_MONTH20_LOW_CONTINUATION x1
2026-07-14,2026-07-15,hist_level,PREV_MONTH20_LOW_EXPIRY x1
2026-07-14,2026-07-15,hist_level,PREV_MONTH20_LOW_FORMED x1
2026-07-14,2026-07-15,hist_level,PREV_RTH_CLOSE_ACCEPTANCE_ABOVE x4
2026-07-14,2026-07-15,hist_level,PREV_RTH_CLOSE_ACCEPTANCE_BELOW x3
2026-07-14,2026-07-15,hist_level,PREV_RTH_CLOSE_BREAK x1
2026-07-14,2026-07-15,hist_level,PREV_RTH_CLOSE_CONTINUATION x6
2026-07-14,2026-07-15,hist_level,PREV_RTH_CLOSE_EXPIRY x1
2026-07-14,2026-07-15,hist_level,PREV_RTH_CLOSE_FIRST_TOUCH x1
2026-07-14,2026-07-15,hist_level,PREV_RTH_CLOSE_FORMED x1
2026-07-14,2026-07-15,hist_level,PREV_RTH_CLOSE_RECLAIM x13
2026-07-14,2026-07-15,hist_level,PREV_RTH_CLOSE_REJECTION x8
2026-07-14,2026-07-15,hist_level,PREV_RTH_CLOSE_REVISIT x21
2026-07-14,2026-07-15,hist_level,PREV_RTH_CLOSE_SWEEP_ABOVE x5
2026-07-14,2026-07-15,hist_level,PREV_RTH_CLOSE_SWEEP_BELOW x3
2026-07-14,2026-07-15,hist_level,PREV_RTH_HIGH_ACCEPTANCE_ABOVE x4
2026-07-14,2026-07-15,hist_level,PREV_RTH_HIGH_ACCEPTANCE_BELOW x5
2026-07-14,2026-07-15,hist_level,PREV_RTH_HIGH_BREAK x1
2026-07-14,2026-07-15,hist_level,PREV_RTH_HIGH_CONTINUATION x7
2026-07-14,2026-07-15,hist_level,PREV_RTH_HIGH_EXPIRY x1
2026-07-14,2026-07-15,hist_level,PREV_RTH_HIGH_FORMED x1
2026-07-14,2026-07-15,hist_level,PREV_RTH_HIGH_RECLAIM x9
2026-07-14,2026-07-15,hist_level,PREV_RTH_HIGH_REJECTION x5
2026-07-14,2026-07-15,hist_level,PREV_RTH_HIGH_REVISIT x14
2026-07-14,2026-07-15,hist_level,PREV_RTH_HIGH_SWEEP_ABOVE x2
2026-07-14,2026-07-15,hist_level,PREV_RTH_HIGH_SWEEP_BELOW x3
2026-07-14,2026-07-15,hist_level,PREV_RTH_LOW_ACCEPTANCE_ABOVE x5
2026-07-14,2026-07-15,hist_level,PREV_RTH_LOW_ACCEPTANCE_BELOW x2
2026-07-14,2026-07-15,hist_level,PREV_RTH_LOW_BREAK x1
2026-07-14,2026-07-15,hist_level,PREV_RTH_LOW_CONTINUATION x6
2026-07-14,2026-07-15,hist_level,PREV_RTH_LOW_EXPIRY x1
2026-07-14,2026-07-15,hist_level,PREV_RTH_LOW_FIRST_TOUCH x1
2026-07-14,2026-07-15,hist_level,PREV_RTH_LOW_FORMED x1
2026-07-14,2026-07-15,hist_level,PREV_RTH_LOW_RECLAIM x8
2026-07-14,2026-07-15,hist_level,PREV_RTH_LOW_REJECTION x11
2026-07-14,2026-07-15,hist_level,PREV_RTH_LOW_REVISIT x18
2026-07-14,2026-07-15,hist_level,PREV_RTH_LOW_SWEEP_ABOVE x2
2026-07-14,2026-07-15,hist_level,PREV_RTH_LOW_SWEEP_BELOW x9
2026-07-14,2026-07-15,hist_level,PREV_TWOWEEK10_HIGH_ACCEPTANCE_BELOW x1
2026-07-14,2026-07-15,hist_level,PREV_TWOWEEK10_HIGH_BREAK x1
2026-07-14,2026-07-15,hist_level,PREV_TWOWEEK10_HIGH_CONTINUATION x1
2026-07-14,2026-07-15,hist_level,PREV_TWOWEEK10_HIGH_EXPIRY x1
2026-07-14,2026-07-15,hist_level,PREV_TWOWEEK10_HIGH_FORMED x1
2026-07-14,2026-07-15,hist_level,PREV_TWOWEEK10_LOW_ACCEPTANCE_ABOVE x1
2026-07-14,2026-07-15,hist_level,PREV_TWOWEEK10_LOW_BREAK x1
2026-07-14,2026-07-15,hist_level,PREV_TWOWEEK10_LOW_CONTINUATION x1
2026-07-14,2026-07-15,hist_level,PREV_TWOWEEK10_LOW_EXPIRY x1
2026-07-14,2026-07-15,hist_level,PREV_TWOWEEK10_LOW_FORMED x1
2026-07-14,2026-07-15,hist_level,PREV_WEEK5_HIGH_ACCEPTANCE_BELOW x1
2026-07-14,2026-07-15,hist_level,PREV_WEEK5_HIGH_BREAK x1
2026-07-14,2026-07-15,hist_level,PREV_WEEK5_HIGH_CONTINUATION x1
2026-07-14,2026-07-15,hist_level,PREV_WEEK5_HIGH_EXPIRY x1
2026-07-14,2026-07-15,hist_level,PREV_WEEK5_HIGH_FORMED x1
2026-07-14,2026-07-15,hist_level,PREV_WEEK5_LOW_ACCEPTANCE_ABOVE x1
2026-07-14,2026-07-15,hist_level,PREV_WEEK5_LOW_BREAK x1
2026-07-14,2026-07-15,hist_level,PREV_WEEK5_LOW_CONTINUATION x1
2026-07-14,2026-07-15,hist_level,PREV_WEEK5_LOW_EXPIRY x1
2026-07-14,2026-07-15,hist_level,PREV_WEEK5_LOW_FORMED x1
2026-07-14,2026-07-15,ifvg,BEARISH_IFVG_ACTIVATION x112
2026-07-14,2026-07-15,ifvg,BEARISH_IFVG_EXPIRY x3
2026-07-14,2026-07-15,ifvg,BEARISH_IFVG_FIRST_TOUCH x109
2026-07-14,2026-07-15,ifvg,BEARISH_IFVG_REINVERSION x100
2026-07-14,2026-07-15,ifvg,BEARISH_IFVG_REJECTION x175
2026-07-14,2026-07-15,ifvg,BEARISH_IFVG_REVISIT x309
2026-07-14,2026-07-15,ifvg,BULLISH_IFVG_ACTIVATION x105
2026-07-14,2026-07-15,ifvg,BULLISH_IFVG_EXPIRY x7
2026-07-14,2026-07-15,ifvg,BULLISH_IFVG_FIRST_TOUCH x104
2026-07-14,2026-07-15,ifvg,BULLISH_IFVG_REINVERSION x100
2026-07-14,2026-07-15,ifvg,BULLISH_IFVG_REJECTION x164
2026-07-14,2026-07-15,ifvg,BULLISH_IFVG_REVISIT x276
2026-07-14,2026-07-15,liquidity,EQUAL_HIGHS_ACCEPTANCE_ABOVE x365
2026-07-14,2026-07-15,liquidity,EQUAL_HIGHS_ACCEPTANCE_BELOW x483
2026-07-14,2026-07-15,liquidity,EQUAL_HIGHS_BREAK x72
2026-07-14,2026-07-15,liquidity,EQUAL_HIGHS_CONFIRMED x72
2026-07-14,2026-07-15,liquidity,EQUAL_HIGHS_CONTINUATION x706
2026-07-14,2026-07-15,liquidity,EQUAL_HIGHS_EXACT_TOUCH x51
2026-07-14,2026-07-15,liquidity,EQUAL_HIGHS_EXPIRY x63
2026-07-14,2026-07-15,liquidity,EQUAL_HIGHS_FIRST_TOUCH x65
2026-07-14,2026-07-15,liquidity,EQUAL_HIGHS_RECLAIM x1065
2026-07-14,2026-07-15,liquidity,EQUAL_HIGHS_REJECTION x1086
2026-07-14,2026-07-15,liquidity,EQUAL_HIGHS_REVISIT x2175
2026-07-14,2026-07-15,liquidity,EQUAL_HIGHS_SWEEP_ABOVE x513
2026-07-14,2026-07-15,liquidity,EQUAL_HIGHS_SWEEP_BELOW x573
2026-07-14,2026-07-15,liquidity,EQUAL_LOWS_ACCEPTANCE_ABOVE x343
2026-07-14,2026-07-15,liquidity,EQUAL_LOWS_ACCEPTANCE_BELOW x415
2026-07-14,2026-07-15,liquidity,EQUAL_LOWS_BREAK x68
2026-07-14,2026-07-15,liquidity,EQUAL_LOWS_CONFIRMED x67
2026-07-14,2026-07-15,liquidity,EQUAL_LOWS_CONTINUATION x629
2026-07-14,2026-07-15,liquidity,EQUAL_LOWS_EXACT_TOUCH x30
2026-07-14,2026-07-15,liquidity,EQUAL_LOWS_EXPIRY x72
2026-07-14,2026-07-15,liquidity,EQUAL_LOWS_FIRST_TOUCH x68
2026-07-14,2026-07-15,liquidity,EQUAL_LOWS_RECLAIM x988
2026-07-14,2026-07-15,liquidity,EQUAL_LOWS_REJECTION x940
2026-07-14,2026-07-15,liquidity,EQUAL_LOWS_REVISIT x1922
2026-07-14,2026-07-15,liquidity,EQUAL_LOWS_SWEEP_ABOVE x461
2026-07-14,2026-07-15,liquidity,EQUAL_LOWS_SWEEP_BELOW x479
2026-07-14,2026-07-15,liquidity,SWING_HIGH_ACCEPTANCE_ABOVE x759
2026-07-14,2026-07-15,liquidity,SWING_HIGH_ACCEPTANCE_BELOW x994
2026-07-14,2026-07-15,liquidity,SWING_HIGH_BREAK x140
2026-07-14,2026-07-15,liquidity,SWING_HIGH_CONFIRMED x139
2026-07-14,2026-07-15,liquidity,SWING_HIGH_CONTINUATION x1466
2026-07-14,2026-07-15,liquidity,SWING_HIGH_EXACT_TOUCH x192
2026-07-14,2026-07-15,liquidity,SWING_HIGH_EXPIRY x135
2026-07-14,2026-07-15,liquidity,SWING_HIGH_FIRST_TOUCH x127
2026-07-14,2026-07-15,liquidity,SWING_HIGH_RECLAIM x2251
2026-07-14,2026-07-15,liquidity,SWING_HIGH_REJECTION x2219
2026-07-14,2026-07-15,liquidity,SWING_HIGH_REVISIT x4589
2026-07-14,2026-07-15,liquidity,SWING_HIGH_SWEEP_ABOVE x1059
2026-07-14,2026-07-15,liquidity,SWING_HIGH_SWEEP_BELOW x1160
2026-07-14,2026-07-15,liquidity,SWING_LOW_ACCEPTANCE_ABOVE x655
2026-07-14,2026-07-15,liquidity,SWING_LOW_ACCEPTANCE_BELOW x761
2026-07-14,2026-07-15,liquidity,SWING_LOW_BREAK x133
2026-07-14,2026-07-15,liquidity,SWING_LOW_CONFIRMED x132
2026-07-14,2026-07-15,liquidity,SWING_LOW_CONTINUATION x1198
2026-07-14,2026-07-15,liquidity,SWING_LOW_EXACT_TOUCH x144
2026-07-14,2026-07-15,liquidity,SWING_LOW_EXPIRY x136
2026-07-14,2026-07-15,liquidity,SWING_LOW_FIRST_TOUCH x138
2026-07-14,2026-07-15,liquidity,SWING_LOW_RECLAIM x1845
2026-07-14,2026-07-15,liquidity,SWING_LOW_REJECTION x1690
2026-07-14,2026-07-15,liquidity,SWING_LOW_REVISIT x3587
2026-07-14,2026-07-15,liquidity,SWING_LOW_SWEEP_ABOVE x788
2026-07-14,2026-07-15,liquidity,SWING_LOW_SWEEP_BELOW x902
2026-07-14,2026-07-15,rejection_block,BEARISH_RB_CONFIRMED x38
2026-07-14,2026-07-15,rejection_block,BEARISH_RB_EXPIRY x1
2026-07-14,2026-07-15,rejection_block,BEARISH_RB_FAILURE x13
2026-07-14,2026-07-15,rejection_block,BEARISH_RB_FORMED x51
2026-07-14,2026-07-15,rejection_block,BEARISH_RB_INVALIDATION x35
2026-07-14,2026-07-15,rejection_block,BEARISH_RB_REJECTION x55
2026-07-14,2026-07-15,rejection_block,BEARISH_RB_REVISIT x117
2026-07-14,2026-07-15,rejection_block,BEARISH_RB_TAP x37
2026-07-14,2026-07-15,rejection_block,BULLISH_RB_CONFIRMED x49
2026-07-14,2026-07-15,rejection_block,BULLISH_RB_EXACT_TOUCH x4
2026-07-14,2026-07-15,rejection_block,BULLISH_RB_EXPIRY x1
2026-07-14,2026-07-15,rejection_block,BULLISH_RB_FAILURE x15
2026-07-14,2026-07-15,rejection_block,BULLISH_RB_FORMED x65
2026-07-14,2026-07-15,rejection_block,BULLISH_RB_INVALIDATION x45
2026-07-14,2026-07-15,rejection_block,BULLISH_RB_REJECTION x65
2026-07-14,2026-07-15,rejection_block,BULLISH_RB_REVISIT x132
2026-07-14,2026-07-15,rejection_block,BULLISH_RB_TAP x47
2026-07-14,2026-07-15,structure,BEARISH_EXPANSION x42
2026-07-14,2026-07-15,structure,BULLISH_EXPANSION x25
2026-07-14,2026-07-15,structure,COMPRESSION x6
2026-07-14,2026-07-15,structure,STRUCT_BREAK x6
2026-07-14,2026-07-15,structure,STRUCT_CONTINUATION x4
2026-07-14,2026-07-15,structure,STRUCT_EXPANSION x1
2026-07-14,2026-07-15,structure,STRUCT_FAILED_CONTINUATION x2
2026-07-14,2026-07-15,time_anchor,ANCHOR_ASIA_OPEN_ACCEPTANCE_ABOVE x3
2026-07-14,2026-07-15,time_anchor,ANCHOR_ASIA_OPEN_ACCEPTANCE_BELOW x5
2026-07-14,2026-07-15,time_anchor,ANCHOR_ASIA_OPEN_CONTINUATION x8
2026-07-14,2026-07-15,time_anchor,ANCHOR_ASIA_OPEN_RECLAIM x9
2026-07-14,2026-07-15,time_anchor,ANCHOR_ASIA_OPEN_REJECTION x13
2026-07-14,2026-07-15,time_anchor,ANCHOR_ASIA_OPEN_REVISIT x22
2026-07-14,2026-07-15,time_anchor,ANCHOR_ASIA_OPEN_SWEEP x13
2026-07-14,2026-07-15,time_anchor,ANCHOR_LONDON_OPEN_ACCEPTANCE_ABOVE x1
2026-07-14,2026-07-15,time_anchor,ANCHOR_LONDON_OPEN_ACCEPTANCE_BELOW x2
2026-07-14,2026-07-15,time_anchor,ANCHOR_LONDON_OPEN_BREAK x1
2026-07-14,2026-07-15,time_anchor,ANCHOR_LONDON_OPEN_CONTINUATION x3
2026-07-14,2026-07-15,time_anchor,ANCHOR_LONDON_OPEN_EXPIRY x1
2026-07-14,2026-07-15,time_anchor,ANCHOR_LONDON_OPEN_FIRST_TOUCH x1
2026-07-14,2026-07-15,time_anchor,ANCHOR_LONDON_OPEN_FORMED x1
2026-07-14,2026-07-15,time_anchor,ANCHOR_LONDON_OPEN_RECLAIM x2
2026-07-14,2026-07-15,time_anchor,ANCHOR_LONDON_OPEN_REJECTION x2
2026-07-14,2026-07-15,time_anchor,ANCHOR_LONDON_OPEN_REVISIT x3
2026-07-14,2026-07-15,time_anchor,ANCHOR_LONDON_OPEN_SWEEP x2
2026-07-14,2026-07-15,time_anchor,ANCHOR_MIDNIGHT_OPEN_ACCEPTANCE_ABOVE x5
2026-07-14,2026-07-15,time_anchor,ANCHOR_MIDNIGHT_OPEN_ACCEPTANCE_BELOW x6
2026-07-14,2026-07-15,time_anchor,ANCHOR_MIDNIGHT_OPEN_BREAK x1
2026-07-14,2026-07-15,time_anchor,ANCHOR_MIDNIGHT_OPEN_CONTINUATION x9
2026-07-14,2026-07-15,time_anchor,ANCHOR_MIDNIGHT_OPEN_EXPIRY x1
2026-07-14,2026-07-15,time_anchor,ANCHOR_MIDNIGHT_OPEN_FIRST_TOUCH x1
2026-07-14,2026-07-15,time_anchor,ANCHOR_MIDNIGHT_OPEN_FORMED x1
2026-07-14,2026-07-15,time_anchor,ANCHOR_MIDNIGHT_OPEN_RECLAIM x15
2026-07-14,2026-07-15,time_anchor,ANCHOR_MIDNIGHT_OPEN_REJECTION x17
2026-07-14,2026-07-15,time_anchor,ANCHOR_MIDNIGHT_OPEN_REVISIT x31
2026-07-14,2026-07-15,time_anchor,ANCHOR_MIDNIGHT_OPEN_SWEEP x17
2026-07-14,2026-07-15,time_anchor,ANCHOR_NY_SESSION_OPEN_ACCEPTANCE_ABOVE x2
2026-07-14,2026-07-15,time_anchor,ANCHOR_NY_SESSION_OPEN_ACCEPTANCE_BELOW x4
2026-07-14,2026-07-15,time_anchor,ANCHOR_NY_SESSION_OPEN_BREAK x1
2026-07-14,2026-07-15,time_anchor,ANCHOR_NY_SESSION_OPEN_CONTINUATION x4
2026-07-14,2026-07-15,time_anchor,ANCHOR_NY_SESSION_OPEN_EXACT_TOUCH x1
2026-07-14,2026-07-15,time_anchor,ANCHOR_NY_SESSION_OPEN_EXPIRY x1
2026-07-14,2026-07-15,time_anchor,ANCHOR_NY_SESSION_OPEN_FIRST_TOUCH x1
2026-07-14,2026-07-15,time_anchor,ANCHOR_NY_SESSION_OPEN_FORMED x1
2026-07-14,2026-07-15,time_anchor,ANCHOR_NY_SESSION_OPEN_RECLAIM x5
2026-07-14,2026-07-15,time_anchor,ANCHOR_NY_SESSION_OPEN_REJECTION x11
2026-07-14,2026-07-15,time_anchor,ANCHOR_NY_SESSION_OPEN_REVISIT x16
2026-07-14,2026-07-15,time_anchor,ANCHOR_NY_SESSION_OPEN_SWEEP x11
2026-07-14,2026-07-15,time_anchor,ANCHOR_OPEN_0900_ACCEPTANCE_ABOVE x2
2026-07-14,2026-07-15,time_anchor,ANCHOR_OPEN_0900_ACCEPTANCE_BELOW x3
2026-07-14,2026-07-15,time_anchor,ANCHOR_OPEN_0900_BREAK x1
2026-07-14,2026-07-15,time_anchor,ANCHOR_OPEN_0900_CONTINUATION x3
2026-07-14,2026-07-15,time_anchor,ANCHOR_OPEN_0900_EXACT_TOUCH x1
2026-07-14,2026-07-15,time_anchor,ANCHOR_OPEN_0900_EXPIRY x1
2026-07-14,2026-07-15,time_anchor,ANCHOR_OPEN_0900_FIRST_TOUCH x1
2026-07-14,2026-07-15,time_anchor,ANCHOR_OPEN_0900_FORMED x1
2026-07-14,2026-07-15,time_anchor,ANCHOR_OPEN_0900_RECLAIM x6
2026-07-14,2026-07-15,time_anchor,ANCHOR_OPEN_0900_REJECTION x4
2026-07-14,2026-07-15,time_anchor,ANCHOR_OPEN_0900_REVISIT x10
2026-07-14,2026-07-15,time_anchor,ANCHOR_OPEN_0900_SWEEP x4
2026-07-14,2026-07-15,time_anchor,ANCHOR_OPEN_0930_ACCEPTANCE_ABOVE x2
2026-07-14,2026-07-15,time_anchor,ANCHOR_OPEN_0930_ACCEPTANCE_BELOW x4
2026-07-14,2026-07-15,time_anchor,ANCHOR_OPEN_0930_BREAK x1
2026-07-14,2026-07-15,time_anchor,ANCHOR_OPEN_0930_CONTINUATION x4
2026-07-14,2026-07-15,time_anchor,ANCHOR_OPEN_0930_EXACT_TOUCH x1
2026-07-14,2026-07-15,time_anchor,ANCHOR_OPEN_0930_EXPIRY x1
2026-07-14,2026-07-15,time_anchor,ANCHOR_OPEN_0930_FIRST_TOUCH x1
2026-07-14,2026-07-15,time_anchor,ANCHOR_OPEN_0930_FORMED x1
2026-07-14,2026-07-15,time_anchor,ANCHOR_OPEN_0930_RECLAIM x5
2026-07-14,2026-07-15,time_anchor,ANCHOR_OPEN_0930_REJECTION x11
2026-07-14,2026-07-15,time_anchor,ANCHOR_OPEN_0930_REVISIT x16
2026-07-14,2026-07-15,time_anchor,ANCHOR_OPEN_0930_SWEEP x11
2026-07-14,2026-07-15,time_anchor,ANCHOR_OPEN_1000_ACCEPTANCE_ABOVE x2
2026-07-14,2026-07-15,time_anchor,ANCHOR_OPEN_1000_ACCEPTANCE_BELOW x3
2026-07-14,2026-07-15,time_anchor,ANCHOR_OPEN_1000_BREAK x1
2026-07-14,2026-07-15,time_anchor,ANCHOR_OPEN_1000_CONTINUATION x4
2026-07-14,2026-07-15,time_anchor,ANCHOR_OPEN_1000_EXPIRY x1
2026-07-14,2026-07-15,time_anchor,ANCHOR_OPEN_1000_FIRST_TOUCH x1
2026-07-14,2026-07-15,time_anchor,ANCHOR_OPEN_1000_FORMED x1
2026-07-14,2026-07-15,time_anchor,ANCHOR_OPEN_1000_RECLAIM x6
2026-07-14,2026-07-15,time_anchor,ANCHOR_OPEN_1000_REJECTION x4
2026-07-14,2026-07-15,time_anchor,ANCHOR_OPEN_1000_REVISIT x9
2026-07-14,2026-07-15,time_anchor,ANCHOR_OPEN_1000_SWEEP x4
2026-07-14,2026-07-15,vwap,VWAP_BAND_REJECT_M1_618 x44
2026-07-14,2026-07-15,vwap,VWAP_BAND_REJECT_M2_618 x15
2026-07-14,2026-07-15,vwap,VWAP_BAND_REJECT_M3_618 x2
2026-07-14,2026-07-15,vwap,VWAP_BAND_REJECT_P1_618 x13
2026-07-14,2026-07-15,vwap,VWAP_BAND_REJECT_P2_618 x1
2026-07-14,2026-07-15,vwap,VWAP_BAND_REJECT_P3_618 x1
2026-07-14,2026-07-15,vwap,VWAP_VWAP x28
2026-07-14,2026-07-15,vwap,VWAP_VWAP_ABOVE x11
2026-07-14,2026-07-15,vwap,VWAP_VWAP_BELOW x14
2026-07-14,2026-07-15,vwap,VWAP_VWAP_BOUNCE_DOWN x39
2026-07-14,2026-07-15,vwap,VWAP_VWAP_BOUNCE_UP x35
2026-07-14,2026-07-15,vwap,VWAP_VWAP_DOWN x16
2026-07-14,2026-07-15,vwap,VWAP_VWAP_UP x16
2026-07-15,2026-07-15,displacement,BAD_BEARISH_DISPLACEMENT x2
2026-07-15,2026-07-15,displacement,BAD_BULLISH_DISPLACEMENT x3
2026-07-15,2026-07-15,displacement,DISPLACEMENT_CONTINUATION x70
2026-07-15,2026-07-15,displacement,DISPLACEMENT_FAILED_CONTINUATION x20
2026-07-15,2026-07-15,displacement,GOOD_BEARISH_DISPLACEMENT x18
2026-07-15,2026-07-15,displacement,GOOD_BULLISH_DISPLACEMENT x17
2026-07-15,2026-07-15,displacement,MIXED_BEARISH_DISPLACEMENT x51
2026-07-15,2026-07-15,displacement,MIXED_BULLISH_DISPLACEMENT x55
2026-07-15,2026-07-15,fvg,BEARISH_FVG_CONTINUATION x1
2026-07-15,2026-07-15,fvg,BEARISH_FVG_EXACT_TOUCH x8
2026-07-15,2026-07-15,fvg,BEARISH_FVG_EXPIRY x7
2026-07-15,2026-07-15,fvg,BEARISH_FVG_FAILURE x39
2026-07-15,2026-07-15,fvg,BEARISH_FVG_FIRST_FILL x39
2026-07-15,2026-07-15,fvg,BEARISH_FVG_FIRST_TOUCH x39
2026-07-15,2026-07-15,fvg,BEARISH_FVG_FORMED x39
2026-07-15,2026-07-15,fvg,BEARISH_FVG_FULL_FILL x39
2026-07-15,2026-07-15,fvg,BEARISH_FVG_MIDPOINT x39
2026-07-15,2026-07-15,fvg,BEARISH_FVG_REVISIT x131
2026-07-15,2026-07-15,fvg,BULLISH_FVG_CONTINUATION x3
2026-07-15,2026-07-15,fvg,BULLISH_FVG_EXACT_TOUCH x7
2026-07-15,2026-07-15,fvg,BULLISH_FVG_EXPIRY x7
2026-07-15,2026-07-15,fvg,BULLISH_FVG_FAILURE x36
2026-07-15,2026-07-15,fvg,BULLISH_FVG_FIRST_FILL x39
2026-07-15,2026-07-15,fvg,BULLISH_FVG_FIRST_TOUCH x40
2026-07-15,2026-07-15,fvg,BULLISH_FVG_FORMED x45
2026-07-15,2026-07-15,fvg,BULLISH_FVG_FULL_FILL x38
2026-07-15,2026-07-15,fvg,BULLISH_FVG_MIDPOINT x38
2026-07-15,2026-07-15,fvg,BULLISH_FVG_REVISIT x172
2026-07-15,2026-07-15,hist_level,PREV_RTH_CLOSE_ACCEPTANCE_ABOVE x4
2026-07-15,2026-07-15,hist_level,PREV_RTH_CLOSE_ACCEPTANCE_BELOW x4
2026-07-15,2026-07-15,hist_level,PREV_RTH_CLOSE_CONTINUATION x7
2026-07-15,2026-07-15,hist_level,PREV_RTH_CLOSE_RECLAIM x10
2026-07-15,2026-07-15,hist_level,PREV_RTH_CLOSE_REJECTION x22
2026-07-15,2026-07-15,hist_level,PREV_RTH_CLOSE_REVISIT x33
2026-07-15,2026-07-15,hist_level,PREV_RTH_CLOSE_SWEEP_ABOVE x11
2026-07-15,2026-07-15,hist_level,PREV_RTH_CLOSE_SWEEP_BELOW x11
2026-07-15,2026-07-15,ifvg,BEARISH_IFVG_ACTIVATION x36
2026-07-15,2026-07-15,ifvg,BEARISH_IFVG_EXPIRY x8
2026-07-15,2026-07-15,ifvg,BEARISH_IFVG_FIRST_TOUCH x37
2026-07-15,2026-07-15,ifvg,BEARISH_IFVG_REINVERSION x36
2026-07-15,2026-07-15,ifvg,BEARISH_IFVG_REJECTION x68
2026-07-15,2026-07-15,ifvg,BEARISH_IFVG_REVISIT x144
2026-07-15,2026-07-15,ifvg,BULLISH_IFVG_ACTIVATION x39
2026-07-15,2026-07-15,ifvg,BULLISH_IFVG_EXPIRY x5
2026-07-15,2026-07-15,ifvg,BULLISH_IFVG_FIRST_TOUCH x36
2026-07-15,2026-07-15,ifvg,BULLISH_IFVG_REINVERSION x37
2026-07-15,2026-07-15,ifvg,BULLISH_IFVG_REJECTION x83
2026-07-15,2026-07-15,ifvg,BULLISH_IFVG_REVISIT x134
2026-07-15,2026-07-15,liquidity,EQUAL_HIGHS_ACCEPTANCE_ABOVE x196
2026-07-15,2026-07-15,liquidity,EQUAL_HIGHS_ACCEPTANCE_BELOW x181
2026-07-15,2026-07-15,liquidity,EQUAL_HIGHS_BREAK x24
2026-07-15,2026-07-15,liquidity,EQUAL_HIGHS_CONFIRMED x24
2026-07-15,2026-07-15,liquidity,EQUAL_HIGHS_CONTINUATION x307
2026-07-15,2026-07-15,liquidity,EQUAL_HIGHS_EXACT_TOUCH x26
2026-07-15,2026-07-15,liquidity,EQUAL_HIGHS_EXPIRY x26
2026-07-15,2026-07-15,liquidity,EQUAL_HIGHS_FIRST_TOUCH x24
2026-07-15,2026-07-15,liquidity,EQUAL_HIGHS_RECLAIM x492
2026-07-15,2026-07-15,liquidity,EQUAL_HIGHS_REJECTION x416
2026-07-15,2026-07-15,liquidity,EQUAL_HIGHS_REVISIT x905
2026-07-15,2026-07-15,liquidity,EQUAL_HIGHS_SWEEP_ABOVE x226
2026-07-15,2026-07-15,liquidity,EQUAL_HIGHS_SWEEP_BELOW x190
2026-07-15,2026-07-15,liquidity,EQUAL_LOWS_ACCEPTANCE_ABOVE x202
2026-07-15,2026-07-15,liquidity,EQUAL_LOWS_ACCEPTANCE_BELOW x172
2026-07-15,2026-07-15,liquidity,EQUAL_LOWS_BREAK x31
2026-07-15,2026-07-15,liquidity,EQUAL_LOWS_CONFIRMED x31
2026-07-15,2026-07-15,liquidity,EQUAL_LOWS_CONTINUATION x303
2026-07-15,2026-07-15,liquidity,EQUAL_LOWS_EXACT_TOUCH x12
2026-07-15,2026-07-15,liquidity,EQUAL_LOWS_EXPIRY x23
2026-07-15,2026-07-15,liquidity,EQUAL_LOWS_FIRST_TOUCH x33
2026-07-15,2026-07-15,liquidity,EQUAL_LOWS_RECLAIM x462
2026-07-15,2026-07-15,liquidity,EQUAL_LOWS_REJECTION x439
2026-07-15,2026-07-15,liquidity,EQUAL_LOWS_REVISIT x881
2026-07-15,2026-07-15,liquidity,EQUAL_LOWS_SWEEP_ABOVE x203
2026-07-15,2026-07-15,liquidity,EQUAL_LOWS_SWEEP_BELOW x236
2026-07-15,2026-07-15,liquidity,SWING_HIGH_ACCEPTANCE_ABOVE x409
2026-07-15,2026-07-15,liquidity,SWING_HIGH_ACCEPTANCE_BELOW x400
2026-07-15,2026-07-15,liquidity,SWING_HIGH_BREAK x51
2026-07-15,2026-07-15,liquidity,SWING_HIGH_CONFIRMED x51
2026-07-15,2026-07-15,liquidity,SWING_HIGH_CONTINUATION x670
2026-07-15,2026-07-15,liquidity,SWING_HIGH_EXACT_TOUCH x151
2026-07-15,2026-07-15,liquidity,SWING_HIGH_EXPIRY x55
2026-07-15,2026-07-15,liquidity,SWING_HIGH_FIRST_TOUCH x52
2026-07-15,2026-07-15,liquidity,SWING_HIGH_RECLAIM x1047
2026-07-15,2026-07-15,liquidity,SWING_HIGH_REJECTION x869
2026-07-15,2026-07-15,liquidity,SWING_HIGH_REVISIT x2003
2026-07-15,2026-07-15,liquidity,SWING_HIGH_SWEEP_ABOVE x466
2026-07-15,2026-07-15,liquidity,SWING_HIGH_SWEEP_BELOW x403
2026-07-15,2026-07-15,liquidity,SWING_LOW_ACCEPTANCE_ABOVE x364
2026-07-15,2026-07-15,liquidity,SWING_LOW_ACCEPTANCE_BELOW x295
2026-07-15,2026-07-15,liquidity,SWING_LOW_BREAK x59
2026-07-15,2026-07-15,liquidity,SWING_LOW_CONFIRMED x59
2026-07-15,2026-07-15,liquidity,SWING_LOW_CONTINUATION x541
2026-07-15,2026-07-15,liquidity,SWING_LOW_EXACT_TOUCH x66
2026-07-15,2026-07-15,liquidity,SWING_LOW_EXPIRY x47
2026-07-15,2026-07-15,liquidity,SWING_LOW_FIRST_TOUCH x58
2026-07-15,2026-07-15,liquidity,SWING_LOW_RECLAIM x822
2026-07-15,2026-07-15,liquidity,SWING_LOW_REJECTION x742
2026-07-15,2026-07-15,liquidity,SWING_LOW_REVISIT x1582
2026-07-15,2026-07-15,liquidity,SWING_LOW_SWEEP_ABOVE x336
2026-07-15,2026-07-15,liquidity,SWING_LOW_SWEEP_BELOW x406
2026-07-15,2026-07-15,rejection_block,BEARISH_RB_CONFIRMED x14
2026-07-15,2026-07-15,rejection_block,BEARISH_RB_EXACT_TOUCH x2
2026-07-15,2026-07-15,rejection_block,BEARISH_RB_EXPIRY x2
2026-07-15,2026-07-15,rejection_block,BEARISH_RB_FAILURE x3
2026-07-15,2026-07-15,rejection_block,BEARISH_RB_FORMED x17
2026-07-15,2026-07-15,rejection_block,BEARISH_RB_INVALIDATION x13
2026-07-15,2026-07-15,rejection_block,BEARISH_RB_REJECTION x17
2026-07-15,2026-07-15,rejection_block,BEARISH_RB_REVISIT x40
2026-07-15,2026-07-15,rejection_block,BEARISH_RB_TAP x14
2026-07-15,2026-07-15,rejection_block,BULLISH_RB_CONFIRMED x18
2026-07-15,2026-07-15,rejection_block,BULLISH_RB_EXACT_TOUCH x3
2026-07-15,2026-07-15,rejection_block,BULLISH_RB_EXPIRY x1
2026-07-15,2026-07-15,rejection_block,BULLISH_RB_FAILURE x7
2026-07-15,2026-07-15,rejection_block,BULLISH_RB_FORMED x24
2026-07-15,2026-07-15,rejection_block,BULLISH_RB_INVALIDATION x19
2026-07-15,2026-07-15,rejection_block,BULLISH_RB_REJECTION x45
2026-07-15,2026-07-15,rejection_block,BULLISH_RB_REVISIT x85
2026-07-15,2026-07-15,rejection_block,BULLISH_RB_TAP x18
2026-07-15,2026-07-15,structure,BEARISH_EXPANSION x15
2026-07-15,2026-07-15,structure,BULLISH_EXPANSION x15
2026-07-15,2026-07-15,structure,COMPRESSION x1
2026-07-15,2026-07-15,structure,STRUCT_BREAK x1
2026-07-15,2026-07-15,structure,STRUCT_FAILED_CONTINUATION x1
2026-07-15,2026-07-15,time_anchor,ANCHOR_ASIA_OPEN_ACCEPTANCE_ABOVE x5
2026-07-15,2026-07-15,time_anchor,ANCHOR_ASIA_OPEN_ACCEPTANCE_BELOW x4
2026-07-15,2026-07-15,time_anchor,ANCHOR_ASIA_OPEN_BREAK x1
2026-07-15,2026-07-15,time_anchor,ANCHOR_ASIA_OPEN_CONTINUATION x7
2026-07-15,2026-07-15,time_anchor,ANCHOR_ASIA_OPEN_EXACT_TOUCH x1
2026-07-15,2026-07-15,time_anchor,ANCHOR_ASIA_OPEN_EXPIRY x1
2026-07-15,2026-07-15,time_anchor,ANCHOR_ASIA_OPEN_FIRST_TOUCH x1
2026-07-15,2026-07-15,time_anchor,ANCHOR_ASIA_OPEN_FORMED x1
2026-07-15,2026-07-15,time_anchor,ANCHOR_ASIA_OPEN_RECLAIM x10
2026-07-15,2026-07-15,time_anchor,ANCHOR_ASIA_OPEN_REJECTION x10
2026-07-15,2026-07-15,time_anchor,ANCHOR_ASIA_OPEN_REVISIT x19
2026-07-15,2026-07-15,time_anchor,ANCHOR_ASIA_OPEN_SWEEP x10
2026-07-15,2026-07-15,vwap,VWAP_BAND_REJECT_M1_618 x34
2026-07-15,2026-07-15,vwap,VWAP_BAND_REJECT_M2_618 x7
2026-07-15,2026-07-15,vwap,VWAP_BAND_REJECT_M3_618 x1
2026-07-15,2026-07-15,vwap,VWAP_BAND_REJECT_P1_618 x12
2026-07-15,2026-07-15,vwap,VWAP_BAND_REJECT_P2_618 x1
2026-07-15,2026-07-15,vwap,VWAP_VWAP x14
2026-07-15,2026-07-15,vwap,VWAP_VWAP_ABOVE x6
2026-07-15,2026-07-15,vwap,VWAP_VWAP_BELOW x7
2026-07-15,2026-07-15,vwap,VWAP_VWAP_BOUNCE_DOWN x11
2026-07-15,2026-07-15,vwap,VWAP_VWAP_BOUNCE_UP x19
2026-07-15,2026-07-15,vwap,VWAP_VWAP_DOWN x7
2026-07-15,2026-07-15,vwap,VWAP_VWAP_UP x7
2026-07-15,2026-07-16,displacement,BAD_BEARISH_DISPLACEMENT x12
2026-07-15,2026-07-16,displacement,BAD_BULLISH_DISPLACEMENT x8
2026-07-15,2026-07-16,displacement,DISPLACEMENT_CONTINUATION x201
2026-07-15,2026-07-16,displacement,DISPLACEMENT_FAILED_CONTINUATION x49
2026-07-15,2026-07-16,displacement,GOOD_BEARISH_DISPLACEMENT x63
2026-07-15,2026-07-16,displacement,GOOD_BULLISH_DISPLACEMENT x38
2026-07-15,2026-07-16,displacement,MIXED_BEARISH_DISPLACEMENT x141
2026-07-15,2026-07-16,displacement,MIXED_BULLISH_DISPLACEMENT x150
2026-07-15,2026-07-16,fvg,BEARISH_FVG_CONTINUATION x11
2026-07-15,2026-07-16,fvg,BEARISH_FVG_EXACT_TOUCH x10
2026-07-15,2026-07-16,fvg,BEARISH_FVG_EXPIRY x29
2026-07-15,2026-07-16,fvg,BEARISH_FVG_FAILURE x117
2026-07-15,2026-07-16,fvg,BEARISH_FVG_FIRST_FILL x134
2026-07-15,2026-07-16,fvg,BEARISH_FVG_FIRST_TOUCH x134
2026-07-15,2026-07-16,fvg,BEARISH_FVG_FORMED x145
2026-07-15,2026-07-16,fvg,BEARISH_FVG_FULL_FILL x127
2026-07-15,2026-07-16,fvg,BEARISH_FVG_MIDPOINT x129
2026-07-15,2026-07-16,fvg,BEARISH_FVG_REVISIT x387
2026-07-15,2026-07-16,fvg,BULLISH_FVG_CONTINUATION x2
2026-07-15,2026-07-16,fvg,BULLISH_FVG_EXACT_TOUCH x8
2026-07-15,2026-07-16,fvg,BULLISH_FVG_EXPIRY x2
2026-07-15,2026-07-16,fvg,BULLISH_FVG_FAILURE x116
2026-07-15,2026-07-16,fvg,BULLISH_FVG_FIRST_FILL x108
2026-07-15,2026-07-16,fvg,BULLISH_FVG_FIRST_TOUCH x107
2026-07-15,2026-07-16,fvg,BULLISH_FVG_FORMED x102
2026-07-15,2026-07-16,fvg,BULLISH_FVG_FULL_FILL x110
2026-07-15,2026-07-16,fvg,BULLISH_FVG_MIDPOINT x109
2026-07-15,2026-07-16,fvg,BULLISH_FVG_REVISIT x302
2026-07-15,2026-07-16,hist_level,HL_0900_HIGH_ACCEPTANCE_ABOVE x6
2026-07-15,2026-07-16,hist_level,HL_0900_HIGH_ACCEPTANCE_BELOW x7
2026-07-15,2026-07-16,hist_level,HL_0900_HIGH_BREAK x1
2026-07-15,2026-07-16,hist_level,HL_0900_HIGH_CONTINUATION x10
2026-07-15,2026-07-16,hist_level,HL_0900_HIGH_EXPIRY x1
2026-07-15,2026-07-16,hist_level,HL_0900_HIGH_FIRST_TOUCH x1
2026-07-15,2026-07-16,hist_level,HL_0900_HIGH_FORMED x1
2026-07-15,2026-07-16,hist_level,HL_0900_HIGH_RECLAIM x20
2026-07-15,2026-07-16,hist_level,HL_0900_HIGH_REJECTION x18
2026-07-15,2026-07-16,hist_level,HL_0900_HIGH_REVISIT x38
2026-07-15,2026-07-16,hist_level,HL_0900_HIGH_SWEEP_ABOVE x10
2026-07-15,2026-07-16,hist_level,HL_0900_HIGH_SWEEP_BELOW x8
2026-07-15,2026-07-16,hist_level,HL_0900_LOW_ACCEPTANCE_ABOVE x5
2026-07-15,2026-07-16,hist_level,HL_0900_LOW_ACCEPTANCE_BELOW x6
2026-07-15,2026-07-16,hist_level,HL_0900_LOW_BREAK x1
2026-07-15,2026-07-16,hist_level,HL_0900_LOW_CONTINUATION x11
2026-07-15,2026-07-16,hist_level,HL_0900_LOW_EXPIRY x1
2026-07-15,2026-07-16,hist_level,HL_0900_LOW_FIRST_TOUCH x1
2026-07-15,2026-07-16,hist_level,HL_0900_LOW_FORMED x1
2026-07-15,2026-07-16,hist_level,HL_0900_LOW_RECLAIM x15
2026-07-15,2026-07-16,hist_level,HL_0900_LOW_REJECTION x19
2026-07-15,2026-07-16,hist_level,HL_0900_LOW_REVISIT x34
2026-07-15,2026-07-16,hist_level,HL_0900_LOW_SWEEP_ABOVE x4
2026-07-15,2026-07-16,hist_level,HL_0900_LOW_SWEEP_BELOW x15
2026-07-15,2026-07-16,hist_level,HL_0930_HIGH_ACCEPTANCE_BELOW x1
2026-07-15,2026-07-16,hist_level,HL_0930_HIGH_BREAK x1
2026-07-15,2026-07-16,hist_level,HL_0930_HIGH_CONTINUATION x1
2026-07-15,2026-07-16,hist_level,HL_0930_HIGH_EXPIRY x1
2026-07-15,2026-07-16,hist_level,HL_0930_HIGH_FORMED x1
2026-07-15,2026-07-16,hist_level,HL_0930_LOW_ACCEPTANCE_ABOVE x5
2026-07-15,2026-07-16,hist_level,HL_0930_LOW_ACCEPTANCE_BELOW x4
2026-07-15,2026-07-16,hist_level,HL_0930_LOW_BREAK x1
2026-07-15,2026-07-16,hist_level,HL_0930_LOW_CONTINUATION x9
2026-07-15,2026-07-16,hist_level,HL_0930_LOW_EXPIRY x1
2026-07-15,2026-07-16,hist_level,HL_0930_LOW_FIRST_TOUCH x1
2026-07-15,2026-07-16,hist_level,HL_0930_LOW_FORMED x1
2026-07-15,2026-07-16,hist_level,HL_0930_LOW_RECLAIM x13
2026-07-15,2026-07-16,hist_level,HL_0930_LOW_REJECTION x17
2026-07-15,2026-07-16,hist_level,HL_0930_LOW_REVISIT x29
2026-07-15,2026-07-16,hist_level,HL_0930_LOW_SWEEP_ABOVE x10
2026-07-15,2026-07-16,hist_level,HL_0930_LOW_SWEEP_BELOW x7
2026-07-15,2026-07-16,hist_level,HL_1000_HIGH_ACCEPTANCE_ABOVE x4
2026-07-15,2026-07-16,hist_level,HL_1000_HIGH_ACCEPTANCE_BELOW x5
2026-07-15,2026-07-16,hist_level,HL_1000_HIGH_BREAK x1
2026-07-15,2026-07-16,hist_level,HL_1000_HIGH_CONTINUATION x9
2026-07-15,2026-07-16,hist_level,HL_1000_HIGH_EXPIRY x1
2026-07-15,2026-07-16,hist_level,HL_1000_HIGH_FIRST_TOUCH x1
2026-07-15,2026-07-16,hist_level,HL_1000_HIGH_FORMED x1
2026-07-15,2026-07-16,hist_level,HL_1000_HIGH_RECLAIM x12
2026-07-15,2026-07-16,hist_level,HL_1000_HIGH_REJECTION x21
2026-07-15,2026-07-16,hist_level,HL_1000_HIGH_REVISIT x32
2026-07-15,2026-07-16,hist_level,HL_1000_HIGH_SWEEP_ABOVE x4
2026-07-15,2026-07-16,hist_level,HL_1000_HIGH_SWEEP_BELOW x17
2026-07-15,2026-07-16,hist_level,HL_1000_LOW_ACCEPTANCE_ABOVE x5
2026-07-15,2026-07-16,hist_level,HL_1000_LOW_ACCEPTANCE_BELOW x6
2026-07-15,2026-07-16,hist_level,HL_1000_LOW_BREAK x1
2026-07-15,2026-07-16,hist_level,HL_1000_LOW_CONTINUATION x11
2026-07-15,2026-07-16,hist_level,HL_1000_LOW_EXACT_TOUCH x1
2026-07-15,2026-07-16,hist_level,HL_1000_LOW_EXPIRY x1
2026-07-15,2026-07-16,hist_level,HL_1000_LOW_FIRST_TOUCH x1
2026-07-15,2026-07-16,hist_level,HL_1000_LOW_FORMED x1
2026-07-15,2026-07-16,hist_level,HL_1000_LOW_RECLAIM x11
2026-07-15,2026-07-16,hist_level,HL_1000_LOW_REJECTION x11
2026-07-15,2026-07-16,hist_level,HL_1000_LOW_REVISIT x22
2026-07-15,2026-07-16,hist_level,HL_1000_LOW_SWEEP_ABOVE x9
2026-07-15,2026-07-16,hist_level,HL_1000_LOW_SWEEP_BELOW x2
2026-07-15,2026-07-16,hist_level,PREV_3SESSION_HIGH_EXPIRY x1
2026-07-15,2026-07-16,hist_level,PREV_3SESSION_LOW_ACCEPTANCE_ABOVE x8
2026-07-15,2026-07-16,hist_level,PREV_3SESSION_LOW_ACCEPTANCE_BELOW x12
2026-07-15,2026-07-16,hist_level,PREV_3SESSION_LOW_CONTINUATION x12
2026-07-15,2026-07-16,hist_level,PREV_3SESSION_LOW_EXACT_TOUCH x2
2026-07-15,2026-07-16,hist_level,PREV_3SESSION_LOW_EXPIRY x1
2026-07-15,2026-07-16,hist_level,PREV_3SESSION_LOW_FIRST_TOUCH x1
2026-07-15,2026-07-16,hist_level,PREV_3SESSION_LOW_RECLAIM x29
2026-07-15,2026-07-16,hist_level,PREV_3SESSION_LOW_REJECTION x21
2026-07-15,2026-07-16,hist_level,PREV_3SESSION_LOW_REVISIT x50
2026-07-15,2026-07-16,hist_level,PREV_3SESSION_LOW_SWEEP_ABOVE x11
2026-07-15,2026-07-16,hist_level,PREV_3SESSION_LOW_SWEEP_BELOW x10
2026-07-15,2026-07-16,hist_level,PREV_DAY_HIGH_EXPIRY x1
2026-07-15,2026-07-16,hist_level,PREV_DAY_LOW_ACCEPTANCE_ABOVE x12
2026-07-15,2026-07-16,hist_level,PREV_DAY_LOW_ACCEPTANCE_BELOW x10
2026-07-15,2026-07-16,hist_level,PREV_DAY_LOW_CONTINUATION x17
2026-07-15,2026-07-16,hist_level,PREV_DAY_LOW_EXACT_TOUCH x1
2026-07-15,2026-07-16,hist_level,PREV_DAY_LOW_EXPIRY x1
2026-07-15,2026-07-16,hist_level,PREV_DAY_LOW_FIRST_TOUCH x1
2026-07-15,2026-07-16,hist_level,PREV_DAY_LOW_RECLAIM x35
2026-07-15,2026-07-16,hist_level,PREV_DAY_LOW_REJECTION x21
2026-07-15,2026-07-16,hist_level,PREV_DAY_LOW_REVISIT x57
2026-07-15,2026-07-16,hist_level,PREV_DAY_LOW_SWEEP_ABOVE x12
2026-07-15,2026-07-16,hist_level,PREV_DAY_LOW_SWEEP_BELOW x9
2026-07-15,2026-07-16,hist_level,PREV_MONTH20_HIGH_EXPIRY x1
2026-07-15,2026-07-16,hist_level,PREV_MONTH20_LOW_EXPIRY x1
2026-07-15,2026-07-16,hist_level,PREV_RTH_CLOSE_ACCEPTANCE_ABOVE x3
2026-07-15,2026-07-16,hist_level,PREV_RTH_CLOSE_ACCEPTANCE_BELOW x5
2026-07-15,2026-07-16,hist_level,PREV_RTH_CLOSE_CONTINUATION x7
2026-07-15,2026-07-16,hist_level,PREV_RTH_CLOSE_EXACT_TOUCH x1
2026-07-15,2026-07-16,hist_level,PREV_RTH_CLOSE_EXPIRY x1
2026-07-15,2026-07-16,hist_level,PREV_RTH_CLOSE_RECLAIM x9
2026-07-15,2026-07-16,hist_level,PREV_RTH_CLOSE_REJECTION x9
2026-07-15,2026-07-16,hist_level,PREV_RTH_CLOSE_REVISIT x20
2026-07-15,2026-07-16,hist_level,PREV_RTH_CLOSE_SWEEP_ABOVE x4
2026-07-15,2026-07-16,hist_level,PREV_RTH_CLOSE_SWEEP_BELOW x5
2026-07-15,2026-07-16,hist_level,PREV_RTH_HIGH_EXPIRY x1
2026-07-15,2026-07-16,hist_level,PREV_RTH_LOW_ACCEPTANCE_ABOVE x12
2026-07-15,2026-07-16,hist_level,PREV_RTH_LOW_ACCEPTANCE_BELOW x10
2026-07-15,2026-07-16,hist_level,PREV_RTH_LOW_CONTINUATION x17
2026-07-15,2026-07-16,hist_level,PREV_RTH_LOW_EXACT_TOUCH x1
2026-07-15,2026-07-16,hist_level,PREV_RTH_LOW_EXPIRY x1
2026-07-15,2026-07-16,hist_level,PREV_RTH_LOW_FIRST_TOUCH x1
2026-07-15,2026-07-16,hist_level,PREV_RTH_LOW_RECLAIM x35
2026-07-15,2026-07-16,hist_level,PREV_RTH_LOW_REJECTION x21
2026-07-15,2026-07-16,hist_level,PREV_RTH_LOW_REVISIT x57
2026-07-15,2026-07-16,hist_level,PREV_RTH_LOW_SWEEP_ABOVE x12
2026-07-15,2026-07-16,hist_level,PREV_RTH_LOW_SWEEP_BELOW x9
2026-07-15,2026-07-16,hist_level,PREV_TWOWEEK10_HIGH_EXPIRY x1
2026-07-15,2026-07-16,hist_level,PREV_TWOWEEK10_LOW_EXPIRY x1
2026-07-15,2026-07-16,hist_level,PREV_WEEK5_HIGH_EXPIRY x1
2026-07-15,2026-07-16,hist_level,PREV_WEEK5_LOW_ACCEPTANCE_ABOVE x8
2026-07-15,2026-07-16,hist_level,PREV_WEEK5_LOW_ACCEPTANCE_BELOW x12
2026-07-15,2026-07-16,hist_level,PREV_WEEK5_LOW_CONTINUATION x12
2026-07-15,2026-07-16,hist_level,PREV_WEEK5_LOW_EXACT_TOUCH x2
2026-07-15,2026-07-16,hist_level,PREV_WEEK5_LOW_EXPIRY x1
2026-07-15,2026-07-16,hist_level,PREV_WEEK5_LOW_FIRST_TOUCH x1
2026-07-15,2026-07-16,hist_level,PREV_WEEK5_LOW_RECLAIM x29
2026-07-15,2026-07-16,hist_level,PREV_WEEK5_LOW_REJECTION x21
2026-07-15,2026-07-16,hist_level,PREV_WEEK5_LOW_REVISIT x50
2026-07-15,2026-07-16,hist_level,PREV_WEEK5_LOW_SWEEP_ABOVE x11
2026-07-15,2026-07-16,hist_level,PREV_WEEK5_LOW_SWEEP_BELOW x10
2026-07-15,2026-07-16,ifvg,BEARISH_IFVG_ACTIVATION x116
2026-07-15,2026-07-16,ifvg,BEARISH_IFVG_EXPIRY x27
2026-07-15,2026-07-16,ifvg,BEARISH_IFVG_FIRST_TOUCH x105
2026-07-15,2026-07-16,ifvg,BEARISH_IFVG_REINVERSION x90
2026-07-15,2026-07-16,ifvg,BEARISH_IFVG_REJECTION x173
2026-07-15,2026-07-16,ifvg,BEARISH_IFVG_REVISIT x296
2026-07-15,2026-07-16,ifvg,BULLISH_IFVG_ACTIVATION x117
2026-07-15,2026-07-16,ifvg,BULLISH_IFVG_EXPIRY x5
2026-07-15,2026-07-16,ifvg,BULLISH_IFVG_FIRST_TOUCH x117
2026-07-15,2026-07-16,ifvg,BULLISH_IFVG_REINVERSION x120
2026-07-15,2026-07-16,ifvg,BULLISH_IFVG_REJECTION x173
2026-07-15,2026-07-16,ifvg,BULLISH_IFVG_REVISIT x316
2026-07-15,2026-07-16,liquidity,EQUAL_HIGHS_ACCEPTANCE_ABOVE x297
2026-07-15,2026-07-16,liquidity,EQUAL_HIGHS_ACCEPTANCE_BELOW x448
2026-07-15,2026-07-16,liquidity,EQUAL_HIGHS_BREAK x63
2026-07-15,2026-07-16,liquidity,EQUAL_HIGHS_CONFIRMED x63
2026-07-15,2026-07-16,liquidity,EQUAL_HIGHS_CONTINUATION x653
2026-07-15,2026-07-16,liquidity,EQUAL_HIGHS_EXACT_TOUCH x44
2026-07-15,2026-07-16,liquidity,EQUAL_HIGHS_EXPIRY x74
2026-07-15,2026-07-16,liquidity,EQUAL_HIGHS_FIRST_TOUCH x57
2026-07-15,2026-07-16,liquidity,EQUAL_HIGHS_RECLAIM x918
2026-07-15,2026-07-16,liquidity,EQUAL_HIGHS_REJECTION x825
2026-07-15,2026-07-16,liquidity,EQUAL_HIGHS_REVISIT x1733
2026-07-15,2026-07-16,liquidity,EQUAL_HIGHS_SWEEP_ABOVE x443
2026-07-15,2026-07-16,liquidity,EQUAL_HIGHS_SWEEP_BELOW x382
2026-07-15,2026-07-16,liquidity,EQUAL_LOWS_ACCEPTANCE_ABOVE x417
2026-07-15,2026-07-16,liquidity,EQUAL_LOWS_ACCEPTANCE_BELOW x504
2026-07-15,2026-07-16,liquidity,EQUAL_LOWS_BREAK x61
2026-07-15,2026-07-16,liquidity,EQUAL_LOWS_CONFIRMED x61
2026-07-15,2026-07-16,liquidity,EQUAL_LOWS_CONTINUATION x793
2026-07-15,2026-07-16,liquidity,EQUAL_LOWS_EXACT_TOUCH x42
2026-07-15,2026-07-16,liquidity,EQUAL_LOWS_EXPIRY x68
2026-07-15,2026-07-16,liquidity,EQUAL_LOWS_FIRST_TOUCH x66
2026-07-15,2026-07-16,liquidity,EQUAL_LOWS_RECLAIM x1176
2026-07-15,2026-07-16,liquidity,EQUAL_LOWS_REJECTION x1067
2026-07-15,2026-07-16,liquidity,EQUAL_LOWS_REVISIT x2220
2026-07-15,2026-07-16,liquidity,EQUAL_LOWS_SWEEP_ABOVE x536
2026-07-15,2026-07-16,liquidity,EQUAL_LOWS_SWEEP_BELOW x531
2026-07-15,2026-07-16,liquidity,SWING_HIGH_ACCEPTANCE_ABOVE x587
2026-07-15,2026-07-16,liquidity,SWING_HIGH_ACCEPTANCE_BELOW x900
2026-07-15,2026-07-16,liquidity,SWING_HIGH_BREAK x146
2026-07-15,2026-07-16,liquidity,SWING_HIGH_CONFIRMED x146
2026-07-15,2026-07-16,liquidity,SWING_HIGH_CONTINUATION x1299
2026-07-15,2026-07-16,liquidity,SWING_HIGH_EXACT_TOUCH x131
2026-07-15,2026-07-16,liquidity,SWING_HIGH_EXPIRY x145
2026-07-15,2026-07-16,liquidity,SWING_HIGH_FIRST_TOUCH x117
2026-07-15,2026-07-16,liquidity,SWING_HIGH_RECLAIM x1794
2026-07-15,2026-07-16,liquidity,SWING_HIGH_REJECTION x1619
2026-07-15,2026-07-16,liquidity,SWING_HIGH_REVISIT x3438
2026-07-15,2026-07-16,liquidity,SWING_HIGH_SWEEP_ABOVE x866
2026-07-15,2026-07-16,liquidity,SWING_HIGH_SWEEP_BELOW x753
2026-07-15,2026-07-16,liquidity,SWING_LOW_ACCEPTANCE_ABOVE x901
2026-07-15,2026-07-16,liquidity,SWING_LOW_ACCEPTANCE_BELOW x1062
2026-07-15,2026-07-16,liquidity,SWING_LOW_BREAK x141
2026-07-15,2026-07-16,liquidity,SWING_LOW_CONFIRMED x141
2026-07-15,2026-07-16,liquidity,SWING_LOW_CONTINUATION x1692
2026-07-15,2026-07-16,liquidity,SWING_LOW_EXACT_TOUCH x176
2026-07-15,2026-07-16,liquidity,SWING_LOW_EXPIRY x133
2026-07-15,2026-07-16,liquidity,SWING_LOW_FIRST_TOUCH x151
2026-07-15,2026-07-16,liquidity,SWING_LOW_RECLAIM x2540
2026-07-15,2026-07-16,liquidity,SWING_LOW_REJECTION x2270
2026-07-15,2026-07-16,liquidity,SWING_LOW_REVISIT x4852
2026-07-15,2026-07-16,liquidity,SWING_LOW_SWEEP_ABOVE x1163
2026-07-15,2026-07-16,liquidity,SWING_LOW_SWEEP_BELOW x1107
2026-07-15,2026-07-16,rejection_block,BEARISH_RB_CONFIRMED x40
2026-07-15,2026-07-16,rejection_block,BEARISH_RB_EXACT_TOUCH x5
2026-07-15,2026-07-16,rejection_block,BEARISH_RB_EXPIRY x16
2026-07-15,2026-07-16,rejection_block,BEARISH_RB_FAILURE x14
2026-07-15,2026-07-16,rejection_block,BEARISH_RB_FORMED x55
2026-07-15,2026-07-16,rejection_block,BEARISH_RB_INVALIDATION x26
2026-07-15,2026-07-16,rejection_block,BEARISH_RB_REJECTION x107
2026-07-15,2026-07-16,rejection_block,BEARISH_RB_REVISIT x176
2026-07-15,2026-07-16,rejection_block,BEARISH_RB_TAP x37
2026-07-15,2026-07-16,rejection_block,BULLISH_RB_CONFIRMED x58
2026-07-15,2026-07-16,rejection_block,BULLISH_RB_EXACT_TOUCH x10
2026-07-15,2026-07-16,rejection_block,BULLISH_RB_EXPIRY x5
2026-07-15,2026-07-16,rejection_block,BULLISH_RB_FAILURE x11
2026-07-15,2026-07-16,rejection_block,BULLISH_RB_FORMED x69
2026-07-15,2026-07-16,rejection_block,BULLISH_RB_INVALIDATION x56
2026-07-15,2026-07-16,rejection_block,BULLISH_RB_REJECTION x131
2026-07-15,2026-07-16,rejection_block,BULLISH_RB_REVISIT x273
2026-07-15,2026-07-16,rejection_block,BULLISH_RB_TAP x59
2026-07-15,2026-07-16,structure,BEARISH_EXPANSION x40
2026-07-15,2026-07-16,structure,BULLISH_EXPANSION x30
2026-07-15,2026-07-16,structure,COMPRESSION x4
2026-07-15,2026-07-16,structure,STRUCT_BREAK x4
2026-07-15,2026-07-16,structure,STRUCT_CONTINUATION x3
2026-07-15,2026-07-16,structure,STRUCT_EXPANSION x1
2026-07-15,2026-07-16,structure,STRUCT_FAILED_CONTINUATION x1
2026-07-15,2026-07-16,time_anchor,ANCHOR_ASIA_OPEN_ACCEPTANCE_ABOVE x5
2026-07-15,2026-07-16,time_anchor,ANCHOR_ASIA_OPEN_ACCEPTANCE_BELOW x6
2026-07-15,2026-07-16,time_anchor,ANCHOR_ASIA_OPEN_CONTINUATION x10
2026-07-15,2026-07-16,time_anchor,ANCHOR_ASIA_OPEN_EXACT_TOUCH x1
2026-07-15,2026-07-16,time_anchor,ANCHOR_ASIA_OPEN_RECLAIM x15
2026-07-15,2026-07-16,time_anchor,ANCHOR_ASIA_OPEN_REJECTION x11
2026-07-15,2026-07-16,time_anchor,ANCHOR_ASIA_OPEN_REVISIT x28
2026-07-15,2026-07-16,time_anchor,ANCHOR_ASIA_OPEN_SWEEP x11
2026-07-15,2026-07-16,time_anchor,ANCHOR_LONDON_OPEN_ACCEPTANCE_BELOW x1
2026-07-15,2026-07-16,time_anchor,ANCHOR_LONDON_OPEN_BREAK x1
2026-07-15,2026-07-16,time_anchor,ANCHOR_LONDON_OPEN_CONTINUATION x1
2026-07-15,2026-07-16,time_anchor,ANCHOR_LONDON_OPEN_EXPIRY x1
2026-07-15,2026-07-16,time_anchor,ANCHOR_LONDON_OPEN_FORMED x1
2026-07-15,2026-07-16,time_anchor,ANCHOR_MIDNIGHT_OPEN_ACCEPTANCE_ABOVE x3
2026-07-15,2026-07-16,time_anchor,ANCHOR_MIDNIGHT_OPEN_ACCEPTANCE_BELOW x6
2026-07-15,2026-07-16,time_anchor,ANCHOR_MIDNIGHT_OPEN_BREAK x1
2026-07-15,2026-07-16,time_anchor,ANCHOR_MIDNIGHT_OPEN_CONTINUATION x7
2026-07-15,2026-07-16,time_anchor,ANCHOR_MIDNIGHT_OPEN_EXPIRY x1
2026-07-15,2026-07-16,time_anchor,ANCHOR_MIDNIGHT_OPEN_FIRST_TOUCH x1
2026-07-15,2026-07-16,time_anchor,ANCHOR_MIDNIGHT_OPEN_FORMED x1
2026-07-15,2026-07-16,time_anchor,ANCHOR_MIDNIGHT_OPEN_RECLAIM x10
2026-07-15,2026-07-16,time_anchor,ANCHOR_MIDNIGHT_OPEN_REJECTION x6
2026-07-15,2026-07-16,time_anchor,ANCHOR_MIDNIGHT_OPEN_REVISIT x15
2026-07-15,2026-07-16,time_anchor,ANCHOR_MIDNIGHT_OPEN_SWEEP x6
2026-07-15,2026-07-16,time_anchor,ANCHOR_NY_SESSION_OPEN_ACCEPTANCE_ABOVE x6
2026-07-15,2026-07-16,time_anchor,ANCHOR_NY_SESSION_OPEN_ACCEPTANCE_BELOW x3
2026-07-15,2026-07-16,time_anchor,ANCHOR_NY_SESSION_OPEN_BREAK x1
2026-07-15,2026-07-16,time_anchor,ANCHOR_NY_SESSION_OPEN_CONTINUATION x8
2026-07-15,2026-07-16,time_anchor,ANCHOR_NY_SESSION_OPEN_EXPIRY x1
2026-07-15,2026-07-16,time_anchor,ANCHOR_NY_SESSION_OPEN_FIRST_TOUCH x1
2026-07-15,2026-07-16,time_anchor,ANCHOR_NY_SESSION_OPEN_FORMED x1
2026-07-15,2026-07-16,time_anchor,ANCHOR_NY_SESSION_OPEN_RECLAIM x13
2026-07-15,2026-07-16,time_anchor,ANCHOR_NY_SESSION_OPEN_REJECTION x15
2026-07-15,2026-07-16,time_anchor,ANCHOR_NY_SESSION_OPEN_REVISIT x27
2026-07-15,2026-07-16,time_anchor,ANCHOR_NY_SESSION_OPEN_SWEEP x15
2026-07-15,2026-07-16,time_anchor,ANCHOR_OPEN_0900_ACCEPTANCE_ABOVE x7
2026-07-15,2026-07-16,time_anchor,ANCHOR_OPEN_0900_ACCEPTANCE_BELOW x6
2026-07-15,2026-07-16,time_anchor,ANCHOR_OPEN_0900_BREAK x1
2026-07-15,2026-07-16,time_anchor,ANCHOR_OPEN_0900_CONTINUATION x11
2026-07-15,2026-07-16,time_anchor,ANCHOR_OPEN_0900_EXACT_TOUCH x1
2026-07-15,2026-07-16,time_anchor,ANCHOR_OPEN_0900_EXPIRY x1
2026-07-15,2026-07-16,time_anchor,ANCHOR_OPEN_0900_FIRST_TOUCH x1
2026-07-15,2026-07-16,time_anchor,ANCHOR_OPEN_0900_FORMED x1
2026-07-15,2026-07-16,time_anchor,ANCHOR_OPEN_0900_RECLAIM x21
2026-07-15,2026-07-16,time_anchor,ANCHOR_OPEN_0900_REJECTION x14
2026-07-15,2026-07-16,time_anchor,ANCHOR_OPEN_0900_REVISIT x36
2026-07-15,2026-07-16,time_anchor,ANCHOR_OPEN_0900_SWEEP x14
2026-07-15,2026-07-16,time_anchor,ANCHOR_OPEN_0930_ACCEPTANCE_ABOVE x6
2026-07-15,2026-07-16,time_anchor,ANCHOR_OPEN_0930_ACCEPTANCE_BELOW x3
2026-07-15,2026-07-16,time_anchor,ANCHOR_OPEN_0930_BREAK x1
2026-07-15,2026-07-16,time_anchor,ANCHOR_OPEN_0930_CONTINUATION x8
2026-07-15,2026-07-16,time_anchor,ANCHOR_OPEN_0930_EXPIRY x1
2026-07-15,2026-07-16,time_anchor,ANCHOR_OPEN_0930_FIRST_TOUCH x1
2026-07-15,2026-07-16,time_anchor,ANCHOR_OPEN_0930_FORMED x1
2026-07-15,2026-07-16,time_anchor,ANCHOR_OPEN_0930_RECLAIM x13
2026-07-15,2026-07-16,time_anchor,ANCHOR_OPEN_0930_REJECTION x15
2026-07-15,2026-07-16,time_anchor,ANCHOR_OPEN_0930_REVISIT x27
2026-07-15,2026-07-16,time_anchor,ANCHOR_OPEN_0930_SWEEP x15
2026-07-15,2026-07-16,time_anchor,ANCHOR_OPEN_1000_ACCEPTANCE_ABOVE x1
2026-07-15,2026-07-16,time_anchor,ANCHOR_OPEN_1000_ACCEPTANCE_BELOW x1
2026-07-15,2026-07-16,time_anchor,ANCHOR_OPEN_1000_BREAK x1
2026-07-15,2026-07-16,time_anchor,ANCHOR_OPEN_1000_CONTINUATION x2
2026-07-15,2026-07-16,time_anchor,ANCHOR_OPEN_1000_EXPIRY x1
2026-07-15,2026-07-16,time_anchor,ANCHOR_OPEN_1000_FIRST_TOUCH x1
2026-07-15,2026-07-16,time_anchor,ANCHOR_OPEN_1000_FORMED x1
2026-07-15,2026-07-16,time_anchor,ANCHOR_OPEN_1000_RECLAIM x1
2026-07-15,2026-07-16,time_anchor,ANCHOR_OPEN_1000_REJECTION x8
2026-07-15,2026-07-16,time_anchor,ANCHOR_OPEN_1000_REVISIT x10
2026-07-15,2026-07-16,time_anchor,ANCHOR_OPEN_1000_SWEEP x8
2026-07-15,2026-07-16,vwap,VWAP_BAND_REJECT_M1_618 x75
2026-07-15,2026-07-16,vwap,VWAP_BAND_REJECT_M2_618 x12
2026-07-15,2026-07-16,vwap,VWAP_BAND_REJECT_M3_618 x3
2026-07-15,2026-07-16,vwap,VWAP_BAND_REJECT_P1_618 x10
2026-07-15,2026-07-16,vwap,VWAP_BAND_REJECT_P2_618 x3
2026-07-15,2026-07-16,vwap,VWAP_VWAP x19
2026-07-15,2026-07-16,vwap,VWAP_VWAP_ABOVE x6
2026-07-15,2026-07-16,vwap,VWAP_VWAP_BELOW x11
2026-07-15,2026-07-16,vwap,VWAP_VWAP_BOUNCE_DOWN x33
2026-07-15,2026-07-16,vwap,VWAP_VWAP_BOUNCE_UP x22
2026-07-15,2026-07-16,vwap,VWAP_VWAP_DOWN x14
2026-07-15,2026-07-16,vwap,VWAP_VWAP_UP x13
