trigger_id,trigger_seq,entry_seq,entry_ts_et,session_date_et,direction,trigger_family,trigger_timeframe,trigger_structure_id,branch_path,trigger_rule,rb_activated_at_trigger,n_prior_rb_taps,entry_price,stop_price,stop_anchor_id,target_price,target_structure_id,target_policy,natural_rr,executable,rejection_reason
TRIG-00003,19,20,2026-07-05 18:20:00-04:00,2026-07-05,-1,RB_TAP,1,RB2-000003,ORIGIN_RB:RB2-000003 -> LIVE_FROM_SOURCE -> PRICE_RETURNED_TO_ZONE -> RB_TAP_TRIGGER,price returned to and tapped a live rejection block's zone in the block's direction,False,2,29905.25,29913.0,RB2-000003,29895.25,RB2-000001,NEAREST_CAUSAL_STRUCTURE,1.2903225806451613,True,
TRIG-00005,23,24,2026-07-05 18:24:00-04:00,2026-07-05,1,RB_TAP,1,RB2-000005,ORIGIN_RB:RB2-000005 -> LIVE_FROM_SOURCE -> PRICE_RETURNED_TO_ZONE -> RB_TAP_TRIGGER,price returned to and tapped a live rejection block's zone in the block's direction,False,8,29931.5,29922.5,RB2-000005,29942.0,RB2-000006,NEAREST_CAUSAL_STRUCTURE,1.1666666666666667,True,
TRIG-00008,35,36,2026-07-05 18:36:00-04:00,2026-07-05,-1,RB_TAP,1,RB2-000009,ORIGIN_RB:RB2-000009 -> LIVE_FROM_SOURCE -> PRICE_RETURNED_TO_ZONE -> RB_TAP_TRIGGER,price returned to and tapped a live rejection block's zone in the block's direction,False,2,29946.0,29957.0,RB2-000009,29939.0,RB2-000004,NEAREST_CAUSAL_STRUCTURE,0.6363636363636364,True,
TRIG-00010,38,39,2026-07-05 18:39:00-04:00,2026-07-05,-1,RB_TAP,1,RB2-000010,ORIGIN_RB:RB2-000010 -> LIVE_FROM_SOURCE -> PRICE_RETURNED_TO_ZONE -> RB_TAP_TRIGGER,price returned to and tapped a live rejection block's zone in the block's direction,False,3,29964.5,29966.5,RB2-000010,29961.75,RB2-000011,NEAREST_CAUSAL_STRUCTURE,1.375,True,
TRIG-00011,39,40,2026-07-05 18:40:00-04:00,2026-07-05,1,RB_TAP,1,RB2-000011,ORIGIN_RB:RB2-000011 -> LIVE_FROM_SOURCE -> PRICE_RETURNED_TO_ZONE -> RB_TAP_TRIGGER,price returned to and tapped a live rejection block's zone in the block's direction,False,2,29960.75,29959.25,RB2-000011,29962.5,RB2-000010,NEAREST_CAUSAL_STRUCTURE,1.1666666666666667,True,
TRIG-00013,43,44,2026-07-05 18:44:00-04:00,2026-07-05,-1,RB_TAP,1,RB2-000013,ORIGIN_RB:RB2-000013 -> LIVE_FROM_SOURCE -> PRICE_RETURNED_TO_ZONE -> RB_TAP_TRIGGER,price returned to and tapped a live rejection block's zone in the block's direction,False,2,29968.75,29971.0,RB2-000013,29966.5,RB2-000010,NEAREST_CAUSAL_STRUCTURE,1.0,True,
TRIG-00014,46,47,2026-07-05 18:47:00-04:00,2026-07-05,-1,RB_TAP,1,RB2-000015,ORIGIN_RB:RB2-000015 -> LIVE_FROM_SOURCE -> PRICE_RETURNED_TO_ZONE -> RB_TAP_TRIGGER,price returned to and tapped a live rejection block's zone in the block's direction,False,1,29975.5,29976.25,RB2-000015,29971.0,RB2-000013,NEAREST_CAUSAL_STRUCTURE,6.0,True,
TRIG-00019,16,51,2026-07-05 18:51:00-04:00,2026-07-05,1,RB_TAP,3,RB2-003073,ORIGIN_RB:RB2-003073 -> LIVE_FROM_SOURCE -> PRICE_RETURNED_TO_ZONE -> RB_TAP_TRIGGER,price returned to and tapped a live rejection block's zone in the block's direction,False,2,29963.0,29958.0,RB2-003073,29965.5,RB2-000014,NEAREST_CAUSAL_STRUCTURE,0.5,True,
TRIG-00025,56,57,2026-07-05 18:57:00-04:00,2026-07-05,1,RB_TAP,1,RB2-000022,ORIGIN_RB:RB2-000022 -> LIVE_FROM_SOURCE -> PRICE_RETURNED_TO_ZONE -> RB_TAP_TRIGGER,price returned to and tapped a live rejection block's zone in the block's direction,False,2,29949.25,29946.75,RB2-000022,29952.25,RB2-000009,NEAREST_CAUSAL_STRUCTURE,1.2,True,
TRIG-00027,60,61,2026-07-05 19:01:00-04:00,2026-07-05,-1,RB_TAP,1,RB2-000023,ORIGIN_RB:RB2-000023 -> LIVE_FROM_SOURCE -> PRICE_RETURNED_TO_ZONE -> RB_TAP_TRIGGER,price returned to and tapped a live rejection block's zone in the block's direction,True,2,29948.25,29950.5,RB2-000023,29946.0,RB2-000024,NEAREST_CAUSAL_STRUCTURE,1.0,True,
TRIG-00041,25,78,2026-07-05 19:18:00-04:00,2026-07-05,-1,RB_TAP,3,RB2-003080,ORIGIN_RB:RB2-003080 -> LIVE_FROM_SOURCE -> PRICE_RETURNED_TO_ZONE -> RB_TAP_TRIGGER,price returned to and tapped a live rejection block's zone in the block's direction,False,14,29994.75,30008.25,RB2-003080,29981.0,RB2-000032,NEAREST_CAUSAL_STRUCTURE,1.0185185185185186,True,
TRIG-00057,112,113,2026-07-05 19:53:00-04:00,2026-07-05,1,RB_TAP,1,RB2-000039,ORIGIN_RB:RB2-000039 -> LIVE_FROM_SOURCE -> PRICE_RETURNED_TO_ZONE -> RB_TAP_TRIGGER,price returned to and tapped a live rejection block's zone in the block's direction,False,1,29996.5,29993.75,RB2-000039,29998.0,FVG2-000004,NEAREST_CAUSAL_STRUCTURE,0.5454545454545454,True,
TRIG-00059,116,117,2026-07-05 19:57:00-04:00,2026-07-05,1,RB_TAP,1,RB2-000041,ORIGIN_RB:RB2-000041 -> LIVE_FROM_SOURCE -> PRICE_RETURNED_TO_ZONE -> RB_TAP_TRIGGER,price returned to and tapped a live rejection block's zone in the block's direction,False,1,29983.25,29982.0,RB2-000041,29984.5,FVG2-000003,NEAREST_CAUSAL_STRUCTURE,1.0,True,
TRIG-00065,40,123,2026-07-05 20:03:00-04:00,2026-07-05,1,RB_TAP,3,RB2-003079,ORIGIN_RB:RB2-003079 -> LIVE_FROM_SOURCE -> PRICE_RETURNED_TO_ZONE -> RB_TAP_TRIGGER,price returned to and tapped a live rejection block's zone in the block's direction,True,1,29932.0,29926.5,RB2-003079,29935.0,RB2-000030,NEAREST_CAUSAL_STRUCTURE,0.5454545454545454,True,
TRIG-00111,175,176,2026-07-05 20:56:00-04:00,2026-07-05,1,RB_TAP,1,RB2-000069,ORIGIN_RB:RB2-000069 -> LIVE_FROM_SOURCE -> PRICE_RETURNED_TO_ZONE -> RB_TAP_TRIGGER,price returned to and tapped a live rejection block's zone in the block's direction,False,1,29929.25,29929.0,RB2-000069,29929.5,RB2-000004,NEAREST_CAUSAL_STRUCTURE,1.0,True,
TRIG-00124,199,200,2026-07-05 21:20:00-04:00,2026-07-05,-1,RB_TAP,1,RB2-000077,ORIGIN_RB:RB2-000077 -> LIVE_FROM_SOURCE -> PRICE_RETURNED_TO_ZONE -> RB_TAP_TRIGGER,price returned to and tapped a live rejection block's zone in the block's direction,False,2,29886.0,29887.75,RB2-000077,29882.25,RB2-000056,NEAREST_CAUSAL_STRUCTURE,2.142857142857143,True,
TRIG-00127,208,209,2026-07-05 21:29:00-04:00,2026-07-05,1,RB_TAP,1,RB2-000080,ORIGIN_RB:RB2-000080 -> LIVE_FROM_SOURCE -> PRICE_RETURNED_TO_ZONE -> RB_TAP_TRIGGER,price returned to and tapped a live rejection block's zone in the block's direction,False,4,29806.5,29773.75,RB2-000080,29828.25,RB2-000079,NEAREST_CAUSAL_STRUCTURE,0.6641221374045801,True,
TRIG-00132,215,216,2026-07-05 21:36:00-04:00,2026-07-05,1,RB_TAP,1,RB2-000084,ORIGIN_RB:RB2-000084 -> LIVE_FROM_SOURCE -> PRICE_RETURNED_TO_ZONE -> RB_TAP_TRIGGER,price returned to and tapped a live rejection block's zone in the block's direction,False,2,29824.5,29821.75,RB2-000084,29828.25,RB2-000079,NEAREST_CAUSAL_STRUCTURE,1.3636363636363635,True,
TRIG-00142,225,226,2026-07-05 21:46:00-04:00,2026-07-05,1,RB_TAP,1,RB2-000082,ORIGIN_RB:RB2-000082 -> LIVE_FROM_SOURCE -> PRICE_RETURNED_TO_ZONE -> RB_TAP_TRIGGER,price returned to and tapped a live rejection block's zone in the block's direction,True,1,29809.25,29807.0,RB2-000082,29814.5,FVG2-000019,NEAREST_CAUSAL_STRUCTURE,2.3333333333333335,True,
TRIG-00153,240,241,2026-07-05 22:01:00-04:00,2026-07-05,-1,RB_TAP,1,RB2-000090,ORIGIN_RB:RB2-000090 -> LIVE_FROM_SOURCE -> PRICE_RETURNED_TO_ZONE -> RB_TAP_TRIGGER,price returned to and tapped a live rejection block's zone in the block's direction,True,2,29806.25,29811.75,RB2-000090,29800.75,RB2-000091,NEAREST_CAUSAL_STRUCTURE,1.0,True,
TRIG-00173,257,258,2026-07-05 22:18:00-04:00,2026-07-05,1,RB_TAP,1,RB2-000106,ORIGIN_RB:RB2-000106 -> LIVE_FROM_SOURCE -> PRICE_RETURNED_TO_ZONE -> RB_TAP_TRIGGER,price returned to and tapped a live rejection block's zone in the block's direction,False,1,29770.5,29764.75,RB2-000106,29773.75,RB2-000080,NEAREST_CAUSAL_STRUCTURE,0.5652173913043478,True,
TRIG-00174,87,264,2026-07-05 22:24:00-04:00,2026-07-05,1,IFVG_ACTIVATION,3,IFVG2-000392,ORIGIN_FVG:FVG2-000757 -> PARENT_ACTIVE -> CLOSE_THROUGH_DISTAL -> IFVG_ACTIVATION,"a completed same-timeframe candle closed fully through the parent FVG's distal boundary, inverting it",,0,29789.25,29778.25,IFVG2-000392,29796.25,RB2-000100,NEAREST_CAUSAL_STRUCTURE,0.6363636363636364,True,
TRIG-00183,91,276,2026-07-05 22:36:00-04:00,2026-07-05,1,RB_TAP,3,RB2-003111,ORIGIN_RB:RB2-003111 -> LIVE_FROM_SOURCE -> PRICE_RETURNED_TO_ZONE -> RB_TAP_TRIGGER,price returned to and tapped a live rejection block's zone in the block's direction,False,3,29728.5,29723.25,RB2-003111,29735.25,RB2-003112,NEAREST_CAUSAL_STRUCTURE,1.2857142857142858,True,
TRIG-00185,55,280,2026-07-05 22:40:00-04:00,2026-07-05,1,RB_TAP,5,RB2-004106,ORIGIN_RB:RB2-004106 -> LIVE_FROM_SOURCE -> PRICE_RETURNED_TO_ZONE -> RB_TAP_TRIGGER,price returned to and tapped a live rejection block's zone in the block's direction,False,2,29725.0,29723.25,RB2-004106,29735.25,RB2-003112,NEAREST_CAUSAL_STRUCTURE,5.857142857142857,True,
TRIG-00187,281,282,2026-07-05 22:42:00-04:00,2026-07-05,1,RB_TAP,1,RB2-000114,ORIGIN_RB:RB2-000114 -> LIVE_FROM_SOURCE -> PRICE_RETURNED_TO_ZONE -> RB_TAP_TRIGGER,price returned to and tapped a live rejection block's zone in the block's direction,False,1,29718.5,29709.0,RB2-000114,29723.25,RB2-000111,NEAREST_CAUSAL_STRUCTURE,0.5,True,
TRIG-00191,285,286,2026-07-05 22:46:00-04:00,2026-07-05,1,RB_TAP,1,RB2-000117,ORIGIN_RB:RB2-000117 -> LIVE_FROM_SOURCE -> PRICE_RETURNED_TO_ZONE -> RB_TAP_TRIGGER,price returned to and tapped a live rejection block's zone in the block's direction,False,5,29710.0,29693.5,RB2-000117,29718.5,RB2-000115,NEAREST_CAUSAL_STRUCTURE,0.5151515151515151,True,
TRIG-00194,289,290,2026-07-05 22:50:00-04:00,2026-07-05,-1,RB_TAP,1,RB2-000118,ORIGIN_RB:RB2-000118 -> LIVE_FROM_SOURCE -> PRICE_RETURNED_TO_ZONE -> RB_TAP_TRIGGER,price returned to and tapped a live rejection block's zone in the block's direction,False,4,29706.5,29708.75,RB2-000118,29699.25,RB2-000117,NEAREST_CAUSAL_STRUCTURE,3.2222222222222223,True,
TRIG-00196,58,295,2026-07-05 22:55:00-04:00,2026-07-05,-1,RB_TAP,5,RB2-004109,ORIGIN_RB:RB2-004109 -> LIVE_FROM_SOURCE -> PRICE_RETURNED_TO_ZONE -> RB_TAP_TRIGGER,price returned to and tapped a live rejection block's zone in the block's direction,False,2,29716.0,29719.0,RB2-004109,29714.25,RB2-000116,NEAREST_CAUSAL_STRUCTURE,0.5833333333333334,True,
TRIG-00199,296,297,2026-07-05 22:57:00-04:00,2026-07-05,1,RB_TAP,1,RB2-000121,ORIGIN_RB:RB2-000121 -> LIVE_FROM_SOURCE -> PRICE_RETURNED_TO_ZONE -> RB_TAP_TRIGGER,price returned to and tapped a live rejection block's zone in the block's direction,False,1,29706.0,29704.75,RB2-000121,29707.5,RB2-003113,NEAREST_CAUSAL_STRUCTURE,1.2,True,
TRIG-00226,329,330,2026-07-05 23:30:00-04:00,2026-07-05,1,RB_TAP,1,RB2-000133,ORIGIN_RB:RB2-000133 -> LIVE_FROM_SOURCE -> PRICE_RETURNED_TO_ZONE -> RB_TAP_TRIGGER,price returned to and tapped a live rejection block's zone in the block's direction,False,2,29789.5,29780.5,RB2-000133,29796.25,RB2-000100,NEAREST_CAUSAL_STRUCTURE,0.75,True,
TRIG-00233,112,339,2026-07-05 23:39:00-04:00,2026-07-05,1,RB_TAP,3,RB2-003122,ORIGIN_RB:RB2-003122 -> LIVE_FROM_SOURCE -> PRICE_RETURNED_TO_ZONE -> RB_TAP_TRIGGER,price returned to and tapped a live rejection block's zone in the block's direction,False,2,29790.5,29784.0,RB2-003122,29795.0,FVG2-000035,NEAREST_CAUSAL_STRUCTURE,0.6923076923076923,True,
TRIG-00245,69,350,2026-07-05 23:50:00-04:00,2026-07-05,1,RB_TAP,5,RB2-004111,ORIGIN_RB:RB2-004111 -> LIVE_FROM_SOURCE -> PRICE_RETURNED_TO_ZONE -> RB_TAP_TRIGGER,price returned to and tapped a live rejection block's zone in the block's direction,True,2,29719.25,29716.75,RB2-004111,29723.25,RB2-000111,NEAREST_CAUSAL_STRUCTURE,1.6,True,
TRIG-00256,360,361,2026-07-06 00:01:00-04:00,2026-07-05,-1,IFVG_ACTIVATION,1,IFVG2-000018,ORIGIN_FVG:FVG2-000039 -> PARENT_ACTIVE -> CLOSE_THROUGH_DISTAL -> IFVG_ACTIVATION,"a completed same-timeframe candle closed fully through the parent FVG's distal boundary, inverting it",,0,29712.75,29719.25,IFVG2-000018,29708.75,RB2-000118,NEAREST_CAUSAL_STRUCTURE,0.6153846153846154,True,
TRIG-00262,367,368,2026-07-06 00:08:00-04:00,2026-07-05,1,RB_TAP,1,RB2-000153,ORIGIN_RB:RB2-000153 -> LIVE_FROM_SOURCE -> PRICE_RETURNED_TO_ZONE -> RB_TAP_TRIGGER,price returned to and tapped a live rejection block's zone in the block's direction,False,1,29728.5,29727.25,RB2-000153,29732.0,FVG2-000759,NEAREST_CAUSAL_STRUCTURE,2.8,True,
TRIG-00292,399,400,2026-07-06 00:40:00-04:00,2026-07-05,-1,RB_TAP,1,RB2-000169,ORIGIN_RB:RB2-000169 -> LIVE_FROM_SOURCE -> PRICE_RETURNED_TO_ZONE -> RB_TAP_TRIGGER,price returned to and tapped a live rejection block's zone in the block's direction,False,1,29816.5,29820.5,RB2-000169,29814.5,RB2-000167,NEAREST_CAUSAL_STRUCTURE,0.5,True,
TRIG-00296,406,407,2026-07-06 00:47:00-04:00,2026-07-05,1,RB_TAP,1,RB2-000173,ORIGIN_RB:RB2-000173 -> LIVE_FROM_SOURCE -> PRICE_RETURNED_TO_ZONE -> RB_TAP_TRIGGER,price returned to and tapped a live rejection block's zone in the block's direction,False,2,29823.5,29820.75,RB2-000173,29826.0,FVG2-000044,NEAREST_CAUSAL_STRUCTURE,0.9090909090909091,True,
TRIG-00301,409,410,2026-07-06 00:50:00-04:00,2026-07-05,1,RB_TAP,1,RB2-000176,ORIGIN_RB:RB2-000176 -> LIVE_FROM_SOURCE -> PRICE_RETURNED_TO_ZONE -> RB_TAP_TRIGGER,price returned to and tapped a live rejection block's zone in the block's direction,False,2,29817.75,29815.75,RB2-000176,29818.75,FVG2-001242,NEAREST_CAUSAL_STRUCTURE,0.5,True,
TRIG-00303,412,413,2026-07-06 00:53:00-04:00,2026-07-05,-1,RB_TAP,1,RB2-000177,ORIGIN_RB:RB2-000177 -> LIVE_FROM_SOURCE -> PRICE_RETURNED_TO_ZONE -> RB_TAP_TRIGGER,price returned to and tapped a live rejection block's zone in the block's direction,False,2,29823.75,29824.0,RB2-000177,29823.0,FVG2-000018,NEAREST_CAUSAL_STRUCTURE,3.0,True,
TRIG-00304,82,415,2026-07-06 00:55:00-04:00,2026-07-05,-1,RB_TAP,5,RB2-004120,ORIGIN_RB:RB2-004120 -> LIVE_FROM_SOURCE -> PRICE_RETURNED_TO_ZONE -> RB_TAP_TRIGGER,price returned to and tapped a live rejection block's zone in the block's direction,False,2,29830.25,29831.75,RB2-004120,29828.25,FVG2-000044,NEAREST_CAUSAL_STRUCTURE,1.3333333333333333,True,
TRIG-00310,419,420,2026-07-06 01:00:00-04:00,2026-07-05,-1,RB_TAP,1,RB2-000182,ORIGIN_RB:RB2-000182 -> LIVE_FROM_SOURCE -> PRICE_RETURNED_TO_ZONE -> RB_TAP_TRIGGER,price returned to and tapped a live rejection block's zone in the block's direction,False,5,29829.5,29830.75,RB2-000182,29828.25,FVG2-000044,NEAREST_CAUSAL_STRUCTURE,1.0,True,
TRIG-00319,143,432,2026-07-06 01:12:00-04:00,2026-07-05,-1,RB_TAP,3,RB2-003136,ORIGIN_RB:RB2-003136 -> LIVE_FROM_SOURCE -> PRICE_RETURNED_TO_ZONE -> RB_TAP_TRIGGER,price returned to and tapped a live rejection block's zone in the block's direction,False,7,29821.25,29821.75,RB2-003136,29820.5,RB2-000169,NEAREST_CAUSAL_STRUCTURE,1.5,True,
TRIG-00362,480,481,2026-07-06 02:01:00-04:00,2026-07-05,-1,RB_TAP,1,RB2-000206,ORIGIN_RB:RB2-000206 -> LIVE_FROM_SOURCE -> PRICE_RETURNED_TO_ZONE -> RB_TAP_TRIGGER,price returned to and tapped a live rejection block's zone in the block's direction,False,1,29796.0,29797.0,RB2-000206,29795.25,RB2-000096,NEAREST_CAUSAL_STRUCTURE,0.75,True,
TRIG-00395,175,528,2026-07-06 02:48:00-04:00,2026-07-05,-1,IFVG_ACTIVATION,3,IFVG2-000402,ORIGIN_FVG:FVG2-000772 -> PARENT_ACTIVE -> CLOSE_THROUGH_DISTAL -> IFVG_ACTIVATION,"a completed same-timeframe candle closed fully through the parent FVG's distal boundary, inverting it",,0,29840.25,29843.5,IFVG2-000402,29838.5,RB2-000220,NEAREST_CAUSAL_STRUCTURE,0.5384615384615384,True,
TRIG-00401,532,533,2026-07-06 02:53:00-04:00,2026-07-05,-1,RB_TAP,1,RB2-000227,ORIGIN_RB:RB2-000227 -> LIVE_FROM_SOURCE -> PRICE_RETURNED_TO_ZONE -> RB_TAP_TRIGGER,price returned to and tapped a live rejection block's zone in the block's direction,False,4,29853.25,29855.5,RB2-000227,29851.75,RB2-000089,NEAREST_CAUSAL_STRUCTURE,0.6666666666666666,True,
TRIG-00416,182,549,2026-07-06 03:09:00-04:00,2026-07-05,-1,RB_TAP,3,RB2-003151,ORIGIN_RB:RB2-003151 -> LIVE_FROM_SOURCE -> PRICE_RETURNED_TO_ZONE -> RB_TAP_TRIGGER,price returned to and tapped a live rejection block's zone in the block's direction,False,3,29857.75,29861.25,RB2-003151,29855.75,RB2-000221,NEAREST_CAUSAL_STRUCTURE,0.5714285714285714,True,
TRIG-00420,183,552,2026-07-06 03:12:00-04:00,2026-07-05,1,RB_TAP,3,RB2-003152,ORIGIN_RB:RB2-003152 -> LIVE_FROM_SOURCE -> PRICE_RETURNED_TO_ZONE -> RB_TAP_TRIGGER,price returned to and tapped a live rejection block's zone in the block's direction,False,5,29858.5,29843.25,RB2-003152,29872.75,RB2-000076,NEAREST_CAUSAL_STRUCTURE,0.9344262295081968,True,
TRIG-00437,190,573,2026-07-06 03:33:00-04:00,2026-07-05,-1,RB_TAP,3,RB2-003154,ORIGIN_RB:RB2-003154 -> LIVE_FROM_SOURCE -> PRICE_RETURNED_TO_ZONE -> RB_TAP_TRIGGER,price returned to and tapped a live rejection block's zone in the block's direction,False,2,29843.0,29843.75,RB2-003154,29842.0,FVG2-000017,NEAREST_CAUSAL_STRUCTURE,1.3333333333333333,True,
TRIG-00441,575,576,2026-07-06 03:36:00-04:00,2026-07-05,-1,RB_TAP,1,RB2-000248,ORIGIN_RB:RB2-000248 -> LIVE_FROM_SOURCE -> PRICE_RETURNED_TO_ZONE -> RB_TAP_TRIGGER,price returned to and tapped a live rejection block's zone in the block's direction,False,1,29847.0,29848.5,RB2-000248,29846.0,RB2-000226,NEAREST_CAUSAL_STRUCTURE,0.6666666666666666,True,
TRIG-00444,580,581,2026-07-06 03:41:00-04:00,2026-07-05,-1,RB_TAP,1,RB2-000249,ORIGIN_RB:RB2-000249 -> LIVE_FROM_SOURCE -> PRICE_RETURNED_TO_ZONE -> RB_TAP_TRIGGER,price returned to and tapped a live rejection block's zone in the block's direction,True,1,29848.0,29848.25,RB2-000249,29847.25,RB2-004735,NEAREST_CAUSAL_STRUCTURE,3.0,True,
TRIG-00452,587,588,2026-07-06 03:48:00-04:00,2026-07-05,1,RB_TAP,1,RB2-000255,ORIGIN_RB:RB2-000255 -> LIVE_FROM_SOURCE -> PRICE_RETURNED_TO_ZONE -> RB_TAP_TRIGGER,price returned to and tapped a live rejection block's zone in the block's direction,False,4,29870.25,29866.25,RB2-000255,29872.75,RB2-000076,NEAREST_CAUSAL_STRUCTURE,0.625,True,
TRIG-00453,196,591,2026-07-06 03:51:00-04:00,2026-07-05,1,RB_TAP,3,RB2-003158,ORIGIN_RB:RB2-003158 -> LIVE_FROM_SOURCE -> PRICE_RETURNED_TO_ZONE -> RB_TAP_TRIGGER,price returned to and tapped a live rejection block's zone in the block's direction,False,1,29867.5,29866.25,RB2-003158,29870.25,RB2-003159,NEAREST_CAUSAL_STRUCTURE,2.2,True,
TRIG-00457,594,595,2026-07-06 03:55:00-04:00,2026-07-05,1,RB_TAP,1,RB2-000257,ORIGIN_RB:RB2-000257 -> LIVE_FROM_SOURCE -> PRICE_RETURNED_TO_ZONE -> RB_TAP_TRIGGER,price returned to and tapped a live rejection block's zone in the block's direction,False,1,29859.75,29857.75,RB2-000257,29863.75,RB2-000256,NEAREST_CAUSAL_STRUCTURE,2.0,True,
TRIG-00462,199,600,2026-07-06 04:00:00-04:00,2026-07-05,1,RB_TAP,3,RB2-003160,ORIGIN_RB:RB2-003160 -> LIVE_FROM_SOURCE -> PRICE_RETURNED_TO_ZONE -> RB_TAP_TRIGGER,price returned to and tapped a live rejection block's zone in the block's direction,False,1,29852.75,29852.25,RB2-003160,29853.0,RB2-000227,NEAREST_CAUSAL_STRUCTURE,0.5,True,
TRIG-00464,200,603,2026-07-06 04:03:00-04:00,2026-07-05,1,IFVG_ACTIVATION,3,IFVG2-000404,ORIGIN_FVG:FVG2-000774 -> PARENT_ACTIVE -> CLOSE_THROUGH_DISTAL -> IFVG_ACTIVATION,"a completed same-timeframe candle closed fully through the parent FVG's distal boundary, inverting it",,0,29864.25,29862.5,IFVG2-000404,29866.25,RB2-000255,NEAREST_CAUSAL_STRUCTURE,1.1428571428571428,True,
TRIG-00484,618,619,2026-07-06 04:19:00-04:00,2026-07-05,-1,RB_TAP,1,RB2-000271,ORIGIN_RB:RB2-000271 -> LIVE_FROM_SOURCE -> PRICE_RETURNED_TO_ZONE -> RB_TAP_TRIGGER,price returned to and tapped a live rejection block's zone in the block's direction,False,1,29805.25,29807.75,RB2-000271,29802.5,FVG2-000049,NEAREST_CAUSAL_STRUCTURE,1.1,True,
TRIG-00493,210,633,2026-07-06 04:33:00-04:00,2026-07-05,1,RB_TAP,3,RB2-003164,ORIGIN_RB:RB2-003164 -> LIVE_FROM_SOURCE -> PRICE_RETURNED_TO_ZONE -> RB_TAP_TRIGGER,price returned to and tapped a live rejection block's zone in the block's direction,False,1,29822.0,29821.0,RB2-003164,29822.75,RB2-000083,NEAREST_CAUSAL_STRUCTURE,0.75,True,
TRIG-00555,713,714,2026-07-06 05:54:00-04:00,2026-07-05,-1,RB_TAP,1,RB2-000267,ORIGIN_RB:RB2-000267 -> LIVE_FROM_SOURCE -> PRICE_RETURNED_TO_ZONE -> RB_TAP_TRIGGER,price returned to and tapped a live rejection block's zone in the block's direction,True,2,29881.5,29884.0,RB2-000267,29880.0,RB2-000266,NEAREST_CAUSAL_STRUCTURE,0.6,True,
TRIG-00558,716,717,2026-07-06 05:57:00-04:00,2026-07-05,-1,RB_TAP,1,RB2-000311,ORIGIN_RB:RB2-000311 -> LIVE_FROM_SOURCE -> PRICE_RETURNED_TO_ZONE -> RB_TAP_TRIGGER,price returned to and tapped a live rejection block's zone in the block's direction,False,1,29884.0,29886.25,RB2-000311,29882.25,RB2-000056,NEAREST_CAUSAL_STRUCTURE,0.7777777777777778,True,
TRIG-00586,249,750,2026-07-06 06:30:00-04:00,2026-07-05,1,RB_TAP,3,RB2-003183,ORIGIN_RB:RB2-003183 -> LIVE_FROM_SOURCE -> PRICE_RETURNED_TO_ZONE -> RB_TAP_TRIGGER,price returned to and tapped a live rejection block's zone in the block's direction,False,1,29864.0,29863.75,RB2-003183,29864.25,RB2-000264,NEAREST_CAUSAL_STRUCTURE,1.0,True,
TRIG-00590,759,760,2026-07-06 06:40:00-04:00,2026-07-05,1,RB_TAP,1,RB2-000330,ORIGIN_RB:RB2-000330 -> LIVE_FROM_SOURCE -> PRICE_RETURNED_TO_ZONE -> RB_TAP_TRIGGER,price returned to and tapped a live rejection block's zone in the block's direction,False,1,29880.5,29878.5,RB2-000330,29883.75,RB2-000077,NEAREST_CAUSAL_STRUCTURE,1.625,True,
TRIG-00641,274,825,2026-07-06 07:45:00-04:00,2026-07-05,-1,RB_TAP,3,RB2-003195,ORIGIN_RB:RB2-003195 -> LIVE_FROM_SOURCE -> PRICE_RETURNED_TO_ZONE -> RB_TAP_TRIGGER,price returned to and tapped a live rejection block's zone in the block's direction,False,2,29883.25,29884.25,RB2-003195,29882.25,RB2-000056,NEAREST_CAUSAL_STRUCTURE,1.0,True,
TRIG-00652,836,837,2026-07-06 07:57:00-04:00,2026-07-05,-1,RB_TAP,1,RB2-000364,ORIGIN_RB:RB2-000364 -> LIVE_FROM_SOURCE -> PRICE_RETURNED_TO_ZONE -> RB_TAP_TRIGGER,price returned to and tapped a live rejection block's zone in the block's direction,False,8,29907.75,29915.0,RB2-000364,29903.5,FVG2-000095,NEAREST_CAUSAL_STRUCTURE,0.5862068965517241,True,
TRIG-00670,860,861,2026-07-06 08:21:00-04:00,2026-07-05,1,RB_TAP,1,RB2-000371,ORIGIN_RB:RB2-000371 -> LIVE_FROM_SOURCE -> PRICE_RETURNED_TO_ZONE -> RB_TAP_TRIGGER,price returned to and tapped a live rejection block's zone in the block's direction,False,2,29917.0,29914.5,RB2-000371,29920.0,RB2-000367,NEAREST_CAUSAL_STRUCTURE,1.2,True,
TRIG-00675,866,867,2026-07-06 08:27:00-04:00,2026-07-05,-1,RB_TAP,1,RB2-000374,ORIGIN_RB:RB2-000374 -> LIVE_FROM_SOURCE -> PRICE_RETURNED_TO_ZONE -> RB_TAP_TRIGGER,price returned to and tapped a live rejection block's zone in the block's direction,False,1,29886.5,29887.0,RB2-000374,29886.25,RB2-000311,NEAREST_CAUSAL_STRUCTURE,0.5,True,
TRIG-00682,872,873,2026-07-06 08:33:00-04:00,2026-07-05,-1,RB_TAP,1,RB2-000378,ORIGIN_RB:RB2-000378 -> LIVE_FROM_SOURCE -> PRICE_RETURNED_TO_ZONE -> RB_TAP_TRIGGER,price returned to and tapped a live rejection block's zone in the block's direction,False,1,29900.5,29902.5,RB2-000378,29898.75,RB2-000361,NEAREST_CAUSAL_STRUCTURE,0.875,True,
TRIG-00688,878,879,2026-07-06 08:39:00-04:00,2026-07-05,-1,RB_TAP,1,RB2-000381,ORIGIN_RB:RB2-000381 -> LIVE_FROM_SOURCE -> PRICE_RETURNED_TO_ZONE -> RB_TAP_TRIGGER,price returned to and tapped a live rejection block's zone in the block's direction,False,1,29917.75,29922.5,RB2-000381,29915.0,RB2-000044,NEAREST_CAUSAL_STRUCTURE,0.5789473684210527,True,
TRIG-00794,329,990,2026-07-06 10:30:00-04:00,2026-07-05,1,RB_TAP,3,RB2-003221,ORIGIN_RB:RB2-003221 -> LIVE_FROM_SOURCE -> PRICE_RETURNED_TO_ZONE -> RB_TAP_TRIGGER,price returned to and tapped a live rejection block's zone in the block's direction,False,1,30013.25,30009.75,RB2-003221,30015.75,RB2-000428,NEAREST_CAUSAL_STRUCTURE,0.7142857142857143,True,
TRIG-00800,332,999,2026-07-06 10:39:00-04:00,2026-07-05,1,RB_TAP,3,RB2-003223,ORIGIN_RB:RB2-003223 -> LIVE_FROM_SOURCE -> PRICE_RETURNED_TO_ZONE -> RB_TAP_TRIGGER,price returned to and tapped a live rejection block's zone in the block's direction,False,2,30026.25,30024.5,RB2-003223,30035.75,RB2-000430,NEAREST_CAUSAL_STRUCTURE,5.428571428571429,True,
TRIG-00818,1022,1023,2026-07-06 11:03:00-04:00,2026-07-05,-1,RB_TAP,1,RB2-000445,ORIGIN_RB:RB2-000445 -> LIVE_FROM_SOURCE -> PRICE_RETURNED_TO_ZONE -> RB_TAP_TRIGGER,price returned to and tapped a live rejection block's zone in the block's direction,False,1,30036.0,30039.5,RB2-000445,30034.0,FVG2-000114,NEAREST_CAUSAL_STRUCTURE,0.5714285714285714,True,
TRIG-00823,1031,1032,2026-07-06 11:12:00-04:00,2026-07-05,1,RB_TAP,1,RB2-000448,ORIGIN_RB:RB2-000448 -> LIVE_FROM_SOURCE -> PRICE_RETURNED_TO_ZONE -> RB_TAP_TRIGGER,price returned to and tapped a live rejection block's zone in the block's direction,False,2,29994.75,29992.25,RB2-000448,29997.5,RB2-004179,NEAREST_CAUSAL_STRUCTURE,1.1,True,
TRIG-00838,34,1050,2026-07-06 11:30:00-04:00,2026-07-05,-1,RB_TAP,30,RB2-004961,ORIGIN_RB:RB2-004961 -> LIVE_FROM_SOURCE -> PRICE_RETURNED_TO_ZONE -> RB_TAP_TRIGGER,price returned to and tapped a live rejection block's zone in the block's direction,False,2,30061.0,30067.5,RB2-004961,30057.25,RB2-000437,NEAREST_CAUSAL_STRUCTURE,0.5769230769230769,True,
TRIG-00845,1057,1058,2026-07-06 11:38:00-04:00,2026-07-05,-1,RB_TAP,1,RB2-000461,ORIGIN_RB:RB2-000461 -> LIVE_FROM_SOURCE -> PRICE_RETURNED_TO_ZONE -> RB_TAP_TRIGGER,price returned to and tapped a live rejection block's zone in the block's direction,False,1,30051.5,30053.0,RB2-000461,30049.0,RB2-000462,NEAREST_CAUSAL_STRUCTURE,1.6666666666666667,True,
TRIG-00848,1060,1061,2026-07-06 11:41:00-04:00,2026-07-05,1,RB_TAP,1,RB2-000463,ORIGIN_RB:RB2-000463 -> LIVE_FROM_SOURCE -> PRICE_RETURNED_TO_ZONE -> RB_TAP_TRIGGER,price returned to and tapped a live rejection block's zone in the block's direction,False,1,30050.5,30050.0,RB2-000463,30056.5,RB2-000460,NEAREST_CAUSAL_STRUCTURE,12.0,True,
TRIG-00850,1063,1064,2026-07-06 11:44:00-04:00,2026-07-05,-1,RB_TAP,1,RB2-000465,ORIGIN_RB:RB2-000465 -> LIVE_FROM_SOURCE -> PRICE_RETURNED_TO_ZONE -> RB_TAP_TRIGGER,price returned to and tapped a live rejection block's zone in the block's direction,False,1,30074.75,30076.5,RB2-000465,30073.0,RB2-004181,NEAREST_CAUSAL_STRUCTURE,1.0,True,
TRIG-00864,1080,1081,2026-07-06 12:01:00-04:00,2026-07-05,1,RB_TAP,1,RB2-000473,ORIGIN_RB:RB2-000473 -> LIVE_FROM_SOURCE -> PRICE_RETURNED_TO_ZONE -> RB_TAP_TRIGGER,price returned to and tapped a live rejection block's zone in the block's direction,False,1,30064.0,30063.0,RB2-000473,30065.0,RB2-000464,NEAREST_CAUSAL_STRUCTURE,1.0,True,
TRIG-00870,1087,1088,2026-07-06 12:08:00-04:00,2026-07-05,1,RB_TAP,1,RB2-000477,ORIGIN_RB:RB2-000477 -> LIVE_FROM_SOURCE -> PRICE_RETURNED_TO_ZONE -> RB_TAP_TRIGGER,price returned to and tapped a live rejection block's zone in the block's direction,False,1,30071.0,30066.25,RB2-000477,30073.75,RB2-000465,NEAREST_CAUSAL_STRUCTURE,0.5789473684210527,True,
TRIG-00885,36,1110,2026-07-06 12:30:00-04:00,2026-07-05,1,RB_TAP,30,RB2-004963,ORIGIN_RB:RB2-004963 -> LIVE_FROM_SOURCE -> PRICE_RETURNED_TO_ZONE -> RB_TAP_TRIGGER,price returned to and tapped a live rejection block's zone in the block's direction,False,1,30033.75,30031.5,RB2-004963,30035.0,RB2-000462,NEAREST_CAUSAL_STRUCTURE,0.5555555555555556,True,
TRIG-00904,377,1134,2026-07-06 12:54:00-04:00,2026-07-05,1,RB_TAP,3,RB2-003239,ORIGIN_RB:RB2-003239 -> LIVE_FROM_SOURCE -> PRICE_RETURNED_TO_ZONE -> RB_TAP_TRIGGER,price returned to and tapped a live rejection block's zone in the block's direction,False,2,30006.25,30002.25,RB2-003239,30008.5,FVG2-000116,NEAREST_CAUSAL_STRUCTURE,0.5625,True,
TRIG-00915,1139,1140,2026-07-06 13:00:00-04:00,2026-07-05,1,RB_TAP,1,RB2-000500,ORIGIN_RB:RB2-000500 -> LIVE_FROM_SOURCE -> PRICE_RETURNED_TO_ZONE -> RB_TAP_TRIGGER,price returned to and tapped a live rejection block's zone in the block's direction,False,1,29989.0,29987.75,RB2-000500,29989.75,RB2-004090,NEAREST_CAUSAL_STRUCTURE,0.6,True,
TRIG-00924,383,1152,2026-07-06 13:12:00-04:00,2026-07-05,-1,RB_TAP,3,RB2-003243,ORIGIN_RB:RB2-003243 -> LIVE_FROM_SOURCE -> PRICE_RETURNED_TO_ZONE -> RB_TAP_TRIGGER,price returned to and tapped a live rejection block's zone in the block's direction,False,1,30028.5,30028.75,RB2-003243,30027.75,RB2-000493,NEAREST_CAUSAL_STRUCTURE,3.0,True,
TRIG-00946,78,1185,2026-07-06 13:45:00-04:00,2026-07-05,1,RB_TAP,15,RB2-004747,ORIGIN_RB:RB2-004747 -> LIVE_FROM_SOURCE -> PRICE_RETURNED_TO_ZONE -> RB_TAP_TRIGGER,price returned to and tapped a live rejection block's zone in the block's direction,True,1,29904.5,29903.25,RB2-004747,29905.75,RB2-000364,NEAREST_CAUSAL_STRUCTURE,1.0,True,
TRIG-00956,1203,1204,2026-07-06 14:04:00-04:00,2026-07-05,-1,RB_TAP,1,RB2-000524,ORIGIN_RB:RB2-000524 -> LIVE_FROM_SOURCE -> PRICE_RETURNED_TO_ZONE -> RB_TAP_TRIGGER,price returned to and tapped a live rejection block's zone in the block's direction,False,3,29932.25,29932.75,RB2-000524,29931.5,RB2-000415,NEAREST_CAUSAL_STRUCTURE,1.5,True,
TRIG-00984,245,1230,2026-07-06 14:30:00-04:00,2026-07-05,1,RB_TAP,5,RB2-004197,ORIGIN_RB:RB2-004197 -> LIVE_FROM_SOURCE -> PRICE_RETURNED_TO_ZONE -> RB_TAP_TRIGGER,price returned to and tapped a live rejection block's zone in the block's direction,False,1,29971.75,29971.25,RB2-004197,29972.0,RB2-000426,NEAREST_CAUSAL_STRUCTURE,0.5,True,
TRIG-01021,1271,1272,2026-07-06 15:12:00-04:00,2026-07-05,-1,RB_TAP,1,RB2-000553,ORIGIN_RB:RB2-000553 -> LIVE_FROM_SOURCE -> PRICE_RETURNED_TO_ZONE -> RB_TAP_TRIGGER,price returned to and tapped a live rejection block's zone in the block's direction,False,1,30014.5,30015.25,RB2-000553,30014.0,RB2-000427,NEAREST_CAUSAL_STRUCTURE,0.6666666666666666,True,
TRIG-01033,1286,1287,2026-07-06 15:27:00-04:00,2026-07-05,1,RB_TAP,1,RB2-000560,ORIGIN_RB:RB2-000560 -> LIVE_FROM_SOURCE -> PRICE_RETURNED_TO_ZONE -> RB_TAP_TRIGGER,price returned to and tapped a live rejection block's zone in the block's direction,False,1,30042.5,30040.0,RB2-000560,30044.25,FVG2-001174,NEAREST_CAUSAL_STRUCTURE,0.7,True,
TRIG-01060,1322,1323,2026-07-06 16:03:00-04:00,2026-07-05,-1,RB_TAP,1,RB2-000574,ORIGIN_RB:RB2-000574 -> LIVE_FROM_SOURCE -> PRICE_RETURNED_TO_ZONE -> RB_TAP_TRIGGER,price returned to and tapped a live rejection block's zone in the block's direction,False,1,29960.0,29960.75,RB2-000574,29959.25,RB2-000008,NEAREST_CAUSAL_STRUCTURE,1.0,True,
TRIG-01064,1325,1326,2026-07-06 16:06:00-04:00,2026-07-05,-1,RB_TAP,1,RB2-000577,ORIGIN_RB:RB2-000577 -> LIVE_FROM_SOURCE -> PRICE_RETURNED_TO_ZONE -> RB_TAP_TRIGGER,price returned to and tapped a live rejection block's zone in the block's direction,False,2,29956.0,29956.75,RB2-000577,29955.5,RB2-000025,NEAREST_CAUSAL_STRUCTURE,0.6666666666666666,True,
TRIG-01065,1327,1328,2026-07-06 16:08:00-04:00,2026-07-05,-1,RB_TAP,1,RB2-000576,ORIGIN_RB:RB2-000576 -> LIVE_FROM_SOURCE -> PRICE_RETURNED_TO_ZONE -> RB_TAP_TRIGGER,price returned to and tapped a live rejection block's zone in the block's direction,False,1,29964.0,29964.75,RB2-000576,29963.5,FVG2-001033,NEAREST_CAUSAL_STRUCTURE,0.6666666666666666,True,
TRIG-01073,1337,1338,2026-07-06 16:18:00-04:00,2026-07-05,-1,RB_TAP,1,RB2-000583,ORIGIN_RB:RB2-000583 -> LIVE_FROM_SOURCE -> PRICE_RETURNED_TO_ZONE -> RB_TAP_TRIGGER,price returned to and tapped a live rejection block's zone in the block's direction,False,2,29967.5,29968.0,RB2-000583,29967.25,FVG2-000009,NEAREST_CAUSAL_STRUCTURE,0.5,True,
TRIG-01131,1440,1441,2026-07-06 19:01:00-04:00,2026-07-06,-1,RB_TAP,1,RB2-000621,ORIGIN_RB:RB2-000621 -> LIVE_FROM_SOURCE -> PRICE_RETURNED_TO_ZONE -> RB_TAP_TRIGGER,price returned to and tapped a live rejection block's zone in the block's direction,False,1,29904.75,29905.75,RB2-000621,29903.75,RB2-004168,NEAREST_CAUSAL_STRUCTURE,1.0,True,
TRIG-01157,1466,1467,2026-07-06 19:27:00-04:00,2026-07-06,-1,RB_TAP,1,RB2-000636,ORIGIN_RB:RB2-000636 -> LIVE_FROM_SOURCE -> PRICE_RETURNED_TO_ZONE -> RB_TAP_TRIGGER,price returned to and tapped a live rejection block's zone in the block's direction,False,2,29900.0,29901.0,RB2-000636,29899.5,RB2-000523,NEAREST_CAUSAL_STRUCTURE,0.5,True,
TRIG-01162,1472,1473,2026-07-06 19:33:00-04:00,2026-07-06,1,RB_TAP,1,RB2-000637,ORIGIN_RB:RB2-000637 -> LIVE_FROM_SOURCE -> PRICE_RETURNED_TO_ZONE -> RB_TAP_TRIGGER,price returned to and tapped a live rejection block's zone in the block's direction,True,2,29890.75,29890.5,RB2-000637,29891.0,RB2-000074,NEAREST_CAUSAL_STRUCTURE,1.0,True,
TRIG-01327,1661,1662,2026-07-06 22:42:00-04:00,2026-07-06,1,RB_TAP,1,RB2-000722,ORIGIN_RB:RB2-000722 -> LIVE_FROM_SOURCE -> PRICE_RETURNED_TO_ZONE -> RB_TAP_TRIGGER,price returned to and tapped a live rejection block's zone in the block's direction,False,1,29769.75,29769.25,RB2-000722,29770.0,FVG2-000050,NEAREST_CAUSAL_STRUCTURE,0.5,True,
TRIG-01367,1712,1713,2026-07-06 23:33:00-04:00,2026-07-06,-1,RB_TAP,1,RB2-000748,ORIGIN_RB:RB2-000748 -> LIVE_FROM_SOURCE -> PRICE_RETURNED_TO_ZONE -> RB_TAP_TRIGGER,price returned to and tapped a live rejection block's zone in the block's direction,False,1,29701.25,29701.5,RB2-000748,29700.5,RB2-004727,NEAREST_CAUSAL_STRUCTURE,3.0,True,
TRIG-01368,1714,1715,2026-07-06 23:35:00-04:00,2026-07-06,1,RB_TAP,1,RB2-000749,ORIGIN_RB:RB2-000749 -> LIVE_FROM_SOURCE -> PRICE_RETURNED_TO_ZONE -> RB_TAP_TRIGGER,price returned to and tapped a live rejection block's zone in the block's direction,False,1,29688.25,29688.0,RB2-000749,29689.0,RB2-004240,NEAREST_CAUSAL_STRUCTURE,3.0,True,
TRIG-01378,1726,1727,2026-07-06 23:47:00-04:00,2026-07-06,1,RB_TAP,1,RB2-000757,ORIGIN_RB:RB2-000757 -> LIVE_FROM_SOURCE -> PRICE_RETURNED_TO_ZONE -> RB_TAP_TRIGGER,price returned to and tapped a live rejection block's zone in the block's direction,False,1,29652.5,29643.0,RB2-000757,29662.0,RB2-000756,NEAREST_CAUSAL_STRUCTURE,1.0,True,
TRIG-01383,346,1735,2026-07-06 23:55:00-04:00,2026-07-06,1,RB_TAP,5,RB2-004241,ORIGIN_RB:RB2-004241 -> LIVE_FROM_SOURCE -> PRICE_RETURNED_TO_ZONE -> RB_TAP_TRIGGER,price returned to and tapped a live rejection block's zone in the block's direction,False,4,29637.5,29630.0,RB2-004241,29641.5,RB2-000760,NEAREST_CAUSAL_STRUCTURE,0.5333333333333333,True,
TRIG-01384,1735,1736,2026-07-06 23:56:00-04:00,2026-07-06,1,RB_TAP,1,RB2-000761,ORIGIN_RB:RB2-000761 -> LIVE_FROM_SOURCE -> PRICE_RETURNED_TO_ZONE -> RB_TAP_TRIGGER,price returned to and tapped a live rejection block's zone in the block's direction,False,1,29637.0,29630.5,RB2-000761,29641.5,RB2-000760,NEAREST_CAUSAL_STRUCTURE,0.6923076923076923,True,
TRIG-01385,578,1737,2026-07-06 23:57:00-04:00,2026-07-06,-1,RB_TAP,3,RB2-003329,ORIGIN_RB:RB2-003329 -> LIVE_FROM_SOURCE -> PRICE_RETURNED_TO_ZONE -> RB_TAP_TRIGGER,price returned to and tapped a live rejection block's zone in the block's direction,False,1,29649.5,29651.25,RB2-003329,29647.25,RB2-000757,NEAREST_CAUSAL_STRUCTURE,1.2857142857142858,True,
TRIG-01407,587,1764,2026-07-07 00:24:00-04:00,2026-07-06,1,RB_TAP,3,RB2-003335,ORIGIN_RB:RB2-003335 -> LIVE_FROM_SOURCE -> PRICE_RETURNED_TO_ZONE -> RB_TAP_TRIGGER,price returned to and tapped a live rejection block's zone in the block's direction,False,1,29623.0,29622.0,RB2-003335,29625.25,RB2-000771,NEAREST_CAUSAL_STRUCTURE,2.25,True,
TRIG-01409,1764,1765,2026-07-07 00:25:00-04:00,2026-07-06,-1,RB_TAP,1,RB2-000775,ORIGIN_RB:RB2-000775 -> LIVE_FROM_SOURCE -> PRICE_RETURNED_TO_ZONE -> RB_TAP_TRIGGER,price returned to and tapped a live rejection block's zone in the block's direction,False,3,29624.5,29625.75,RB2-000775,29623.5,RB2-004246,NEAREST_CAUSAL_STRUCTURE,0.8,True,
TRIG-01420,1779,1780,2026-07-07 00:40:00-04:00,2026-07-06,-1,RB_TAP,1,RB2-000780,ORIGIN_RB:RB2-000780 -> LIVE_FROM_SOURCE -> PRICE_RETURNED_TO_ZONE -> RB_TAP_TRIGGER,price returned to and tapped a live rejection block's zone in the block's direction,True,1,29643.25,29644.75,RB2-000780,29642.0,RB2-004241,NEAREST_CAUSAL_STRUCTURE,0.8333333333333334,True,
TRIG-01430,1792,1793,2026-07-07 00:53:00-04:00,2026-07-06,-1,RB_TAP,1,RB2-000788,ORIGIN_RB:RB2-000788 -> LIVE_FROM_SOURCE -> PRICE_RETURNED_TO_ZONE -> RB_TAP_TRIGGER,price returned to and tapped a live rejection block's zone in the block's direction,False,4,29619.5,29626.0,RB2-000788,29612.75,RB2-000787,NEAREST_CAUSAL_STRUCTURE,1.0384615384615385,True,
TRIG-01432,1796,1797,2026-07-07 00:57:00-04:00,2026-07-06,1,RB_TAP,1,RB2-000790,ORIGIN_RB:RB2-000790 -> LIVE_FROM_SOURCE -> PRICE_RETURNED_TO_ZONE -> RB_TAP_TRIGGER,price returned to and tapped a live rejection block's zone in the block's direction,False,4,29610.75,29607.75,RB2-000790,29613.5,FVG2-000205,NEAREST_CAUSAL_STRUCTURE,0.9166666666666666,True,
TRIG-01514,1875,1876,2026-07-07 02:16:00-04:00,2026-07-06,-1,RB_TAP,1,RB2-000825,ORIGIN_RB:RB2-000825 -> LIVE_FROM_SOURCE -> PRICE_RETURNED_TO_ZONE -> RB_TAP_TRIGGER,price returned to and tapped a live rejection block's zone in the block's direction,True,2,29660.25,29661.75,RB2-000825,29659.5,RB2-000813,NEAREST_CAUSAL_STRUCTURE,0.5,True,
TRIG-01529,1899,1900,2026-07-07 02:40:00-04:00,2026-07-06,1,RB_TAP,1,RB2-000835,ORIGIN_RB:RB2-000835 -> LIVE_FROM_SOURCE -> PRICE_RETURNED_TO_ZONE -> RB_TAP_TRIGGER,price returned to and tapped a live rejection block's zone in the block's direction,False,1,29673.75,29673.0,RB2-000835,29675.25,FVG2-000221,NEAREST_CAUSAL_STRUCTURE,2.0,True,
TRIG-01560,642,1929,2026-07-07 03:09:00-04:00,2026-07-06,1,RB_TAP,3,RB2-003362,ORIGIN_RB:RB2-003362 -> LIVE_FROM_SOURCE -> PRICE_RETURNED_TO_ZONE -> RB_TAP_TRIGGER,price returned to and tapped a live rejection block's zone in the block's direction,False,2,29698.75,29697.25,RB2-003362,29701.25,RB2-003126,NEAREST_CAUSAL_STRUCTURE,1.6666666666666667,True,
TRIG-01563,1932,1933,2026-07-07 03:13:00-04:00,2026-07-06,-1,RB_TAP,1,RB2-000852,ORIGIN_RB:RB2-000852 -> LIVE_FROM_SOURCE -> PRICE_RETURNED_TO_ZONE -> RB_TAP_TRIGGER,price returned to and tapped a live rejection block's zone in the block's direction,False,2,29697.5,29698.5,RB2-000852,29696.25,RB2-000821,NEAREST_CAUSAL_STRUCTURE,1.25,True,
TRIG-01609,1986,1987,2026-07-07 04:07:00-04:00,2026-07-06,1,RB_TAP,1,RB2-000877,ORIGIN_RB:RB2-000877 -> LIVE_FROM_SOURCE -> PRICE_RETURNED_TO_ZONE -> RB_TAP_TRIGGER,price returned to and tapped a live rejection block's zone in the block's direction,False,1,29655.75,29654.25,RB2-000877,29656.5,RB2-000829,NEAREST_CAUSAL_STRUCTURE,0.5,True,
TRIG-01613,663,1992,2026-07-07 04:12:00-04:00,2026-07-06,1,IFVG_ACTIVATION,3,IFVG2-000434,ORIGIN_FVG:FVG2-000836 -> PARENT_ACTIVE -> CLOSE_THROUGH_DISTAL -> IFVG_ACTIVATION,"a completed same-timeframe candle closed fully through the parent FVG's distal boundary, inverting it",,0,29673.0,29670.75,IFVG2-000434,29674.25,RB2-003358,NEAREST_CAUSAL_STRUCTURE,0.5555555555555556,True,
TRIG-01669,2054,2055,2026-07-07 05:15:00-04:00,2026-07-06,-1,RB_TAP,1,RB2-000908,ORIGIN_RB:RB2-000908 -> LIVE_FROM_SOURCE -> PRICE_RETURNED_TO_ZONE -> RB_TAP_TRIGGER,price returned to and tapped a live rejection block's zone in the block's direction,False,1,29688.25,29688.5,RB2-000908,29688.0,RB2-000892,NEAREST_CAUSAL_STRUCTURE,1.0,True,
TRIG-01673,2060,2061,2026-07-07 05:21:00-04:00,2026-07-06,1,RB_TAP,1,RB2-000912,ORIGIN_RB:RB2-000912 -> LIVE_FROM_SOURCE -> PRICE_RETURNED_TO_ZONE -> RB_TAP_TRIGGER,price returned to and tapped a live rejection block's zone in the block's direction,False,1,29679.0,29678.25,RB2-000912,29679.75,FVG2-000229,NEAREST_CAUSAL_STRUCTURE,1.0,True,
TRIG-01694,2089,2090,2026-07-07 05:50:00-04:00,2026-07-06,-1,RB_TAP,1,RB2-000925,ORIGIN_RB:RB2-000925 -> LIVE_FROM_SOURCE -> PRICE_RETURNED_TO_ZONE -> RB_TAP_TRIGGER,price returned to and tapped a live rejection block's zone in the block's direction,False,1,29634.25,29635.0,RB2-000925,29633.75,RB2-000807,NEAREST_CAUSAL_STRUCTURE,0.6666666666666666,True,
TRIG-01709,2106,2107,2026-07-07 06:07:00-04:00,2026-07-06,-1,RB_TAP,1,RB2-000932,ORIGIN_RB:RB2-000932 -> LIVE_FROM_SOURCE -> PRICE_RETURNED_TO_ZONE -> RB_TAP_TRIGGER,price returned to and tapped a live rejection block's zone in the block's direction,False,1,29672.5,29673.0,RB2-000932,29672.0,FVG2-000836,NEAREST_CAUSAL_STRUCTURE,1.0,True,
TRIG-01733,2130,2131,2026-07-07 06:31:00-04:00,2026-07-06,1,RB_TAP,1,RB2-000939,ORIGIN_RB:RB2-000939 -> LIVE_FROM_SOURCE -> PRICE_RETURNED_TO_ZONE -> RB_TAP_TRIGGER,price returned to and tapped a live rejection block's zone in the block's direction,False,1,29666.75,29665.75,RB2-000939,29667.5,FVG2-000234,NEAREST_CAUSAL_STRUCTURE,0.75,True,
TRIG-01758,2163,2164,2026-07-07 07:04:00-04:00,2026-07-06,1,RB_TAP,1,RB2-000951,ORIGIN_RB:RB2-000951 -> LIVE_FROM_SOURCE -> PRICE_RETURNED_TO_ZONE -> RB_TAP_TRIGGER,price returned to and tapped a live rejection block's zone in the block's direction,False,1,29611.5,29610.25,RB2-000951,29612.5,FVG2-000206,NEAREST_CAUSAL_STRUCTURE,0.8,True,
TRIG-01795,442,2215,2026-07-07 07:55:00-04:00,2026-07-06,1,RB_TAP,5,RB2-004292,ORIGIN_RB:RB2-004292 -> LIVE_FROM_SOURCE -> PRICE_RETURNED_TO_ZONE -> RB_TAP_TRIGGER,price returned to and tapped a live rejection block's zone in the block's direction,False,1,29617.25,29616.0,RB2-004292,29618.25,FVG2-000259,NEAREST_CAUSAL_STRUCTURE,0.8,True,
TRIG-01897,2315,2316,2026-07-07 09:36:00-04:00,2026-07-06,1,RB_TAP,1,RB2-001021,ORIGIN_RB:RB2-001021 -> LIVE_FROM_SOURCE -> PRICE_RETURNED_TO_ZONE -> RB_TAP_TRIGGER,price returned to and tapped a live rejection block's zone in the block's direction,False,1,29522.25,29515.25,RB2-001021,29532.0,RB2-001022,NEAREST_CAUSAL_STRUCTURE,1.3928571428571428,True,
TRIG-01898,2316,2317,2026-07-07 09:37:00-04:00,2026-07-06,-1,RB_TAP,1,RB2-001022,ORIGIN_RB:RB2-001022 -> LIVE_FROM_SOURCE -> PRICE_RETURNED_TO_ZONE -> RB_TAP_TRIGGER,price returned to and tapped a live rejection block's zone in the block's direction,False,2,29551.0,29553.25,RB2-001022,29532.5,RB2-001021,NEAREST_CAUSAL_STRUCTURE,8.222222222222221,True,
TRIG-01902,773,2322,2026-07-07 09:42:00-04:00,2026-07-06,-1,RB_TAP,3,RB2-003423,ORIGIN_RB:RB2-003423 -> LIVE_FROM_SOURCE -> PRICE_RETURNED_TO_ZONE -> RB_TAP_TRIGGER,price returned to and tapped a live rejection block's zone in the block's direction,False,1,29569.0,29577.5,RB2-003423,29561.75,RB2-001020,NEAREST_CAUSAL_STRUCTURE,0.8529411764705882,True,
TRIG-01907,2325,2326,2026-07-07 09:46:00-04:00,2026-07-06,1,RB_TAP,1,RB2-001028,ORIGIN_RB:RB2-001028 -> LIVE_FROM_SOURCE -> PRICE_RETURNED_TO_ZONE -> RB_TAP_TRIGGER,price returned to and tapped a live rejection block's zone in the block's direction,False,2,29563.25,29553.0,RB2-001028,29569.75,FVG2-000278,NEAREST_CAUSAL_STRUCTURE,0.6341463414634146,True,
TRIG-01936,2355,2356,2026-07-07 10:16:00-04:00,2026-07-06,1,RB_TAP,1,RB2-001047,ORIGIN_RB:RB2-001047 -> LIVE_FROM_SOURCE -> PRICE_RETURNED_TO_ZONE -> RB_TAP_TRIGGER,price returned to and tapped a live rejection block's zone in the block's direction,False,1,29333.75,29332.0,RB2-001047,29344.0,FVG2-000282,NEAREST_CAUSAL_STRUCTURE,5.857142857142857,True,
TRIG-01937,785,2358,2026-07-07 10:18:00-04:00,2026-07-06,1,RB_TAP,3,RB2-003429,ORIGIN_RB:RB2-003429 -> LIVE_FROM_SOURCE -> PRICE_RETURNED_TO_ZONE -> RB_TAP_TRIGGER,price returned to and tapped a live rejection block's zone in the block's direction,False,1,29333.5,29332.0,RB2-003429,29337.0,RB2-001048,NEAREST_CAUSAL_STRUCTURE,2.3333333333333335,True,
TRIG-01944,2367,2368,2026-07-07 10:28:00-04:00,2026-07-06,-1,RB_TAP,1,RB2-001055,ORIGIN_RB:RB2-001055 -> LIVE_FROM_SOURCE -> PRICE_RETURNED_TO_ZONE -> RB_TAP_TRIGGER,price returned to and tapped a live rejection block's zone in the block's direction,False,1,29283.75,29284.5,RB2-001055,29276.5,RB2-001054,NEAREST_CAUSAL_STRUCTURE,9.666666666666666,True,
TRIG-01952,2378,2379,2026-07-07 10:39:00-04:00,2026-07-06,1,RB_TAP,1,RB2-001060,ORIGIN_RB:RB2-001060 -> LIVE_FROM_SOURCE -> PRICE_RETURNED_TO_ZONE -> RB_TAP_TRIGGER,price returned to and tapped a live rejection block's zone in the block's direction,False,4,29265.75,29253.25,RB2-001060,29273.25,RB2-001061,NEAREST_CAUSAL_STRUCTURE,0.6,True,
TRIG-01958,2384,2385,2026-07-07 10:45:00-04:00,2026-07-06,-1,RB_TAP,1,RB2-001063,ORIGIN_RB:RB2-001063 -> LIVE_FROM_SOURCE -> PRICE_RETURNED_TO_ZONE -> RB_TAP_TRIGGER,price returned to and tapped a live rejection block's zone in the block's direction,False,2,29239.0,29252.0,RB2-001063,29227.25,RB2-001062,NEAREST_CAUSAL_STRUCTURE,0.9038461538461539,True,
TRIG-01959,2388,2389,2026-07-07 10:49:00-04:00,2026-07-06,1,RB_TAP,1,RB2-001065,ORIGIN_RB:RB2-001065 -> LIVE_FROM_SOURCE -> PRICE_RETURNED_TO_ZONE -> RB_TAP_TRIGGER,price returned to and tapped a live rejection block's zone in the block's direction,False,1,29262.5,29260.5,RB2-001065,29264.0,RB2-003433,NEAREST_CAUSAL_STRUCTURE,0.75,True,
TRIG-01962,2390,2391,2026-07-07 10:51:00-04:00,2026-07-06,-1,RB_TAP,1,RB2-001067,ORIGIN_RB:RB2-001067 -> LIVE_FROM_SOURCE -> PRICE_RETURNED_TO_ZONE -> RB_TAP_TRIGGER,price returned to and tapped a live rejection block's zone in the block's direction,False,1,29274.75,29276.75,RB2-001067,29272.5,RB2-001065,NEAREST_CAUSAL_STRUCTURE,1.125,True,
TRIG-01974,2405,2406,2026-07-07 11:06:00-04:00,2026-07-06,1,RB_TAP,1,RB2-001073,ORIGIN_RB:RB2-001073 -> LIVE_FROM_SOURCE -> PRICE_RETURNED_TO_ZONE -> RB_TAP_TRIGGER,price returned to and tapped a live rejection block's zone in the block's direction,False,3,29301.25,29300.5,RB2-001073,29302.5,RB2-004796,NEAREST_CAUSAL_STRUCTURE,1.6666666666666667,True,
TRIG-01986,2421,2422,2026-07-07 11:22:00-04:00,2026-07-06,-1,RB_TAP,1,RB2-001079,ORIGIN_RB:RB2-001079 -> LIVE_FROM_SOURCE -> PRICE_RETURNED_TO_ZONE -> RB_TAP_TRIGGER,price returned to and tapped a live rejection block's zone in the block's direction,False,1,29308.25,29311.75,RB2-001079,29303.5,RB2-001057,NEAREST_CAUSAL_STRUCTURE,1.3571428571428572,True,
TRIG-01995,2433,2434,2026-07-07 11:34:00-04:00,2026-07-06,-1,RB_TAP,1,RB2-001086,ORIGIN_RB:RB2-001086 -> LIVE_FROM_SOURCE -> PRICE_RETURNED_TO_ZONE -> RB_TAP_TRIGGER,price returned to and tapped a live rejection block's zone in the block's direction,False,1,29306.75,29312.0,RB2-001086,29303.5,RB2-001057,NEAREST_CAUSAL_STRUCTURE,0.6190476190476191,True,
TRIG-02007,2454,2455,2026-07-07 11:55:00-04:00,2026-07-06,1,RB_TAP,1,RB2-001094,ORIGIN_RB:RB2-001094 -> LIVE_FROM_SOURCE -> PRICE_RETURNED_TO_ZONE -> RB_TAP_TRIGGER,price returned to and tapped a live rejection block's zone in the block's direction,False,1,29368.75,29368.25,RB2-001094,29378.25,FVG2-001180,NEAREST_CAUSAL_STRUCTURE,19.0,True,
TRIG-02009,2455,2456,2026-07-07 11:56:00-04:00,2026-07-06,1,RB_TAP,1,RB2-001093,ORIGIN_RB:RB2-001093 -> LIVE_FROM_SOURCE -> PRICE_RETURNED_TO_ZONE -> RB_TAP_TRIGGER,price returned to and tapped a live rejection block's zone in the block's direction,False,2,29353.75,29349.5,RB2-001093,29356.0,FVG2-000855,NEAREST_CAUSAL_STRUCTURE,0.5294117647058824,True,
TRIG-02016,2461,2462,2026-07-07 12:02:00-04:00,2026-07-06,1,IFVG_ACTIVATION,1,IFVG2-000142,ORIGIN_FVG:FVG2-000281 -> PARENT_ACTIVE -> CLOSE_THROUGH_DISTAL -> IFVG_ACTIVATION,"a completed same-timeframe candle closed fully through the parent FVG's distal boundary, inverting it",,0,29412.5,29402.25,IFVG2-000142,29420.25,RB2-004302,NEAREST_CAUSAL_STRUCTURE,0.7560975609756098,True,
TRIG-02021,2467,2468,2026-07-07 12:08:00-04:00,2026-07-06,1,RB_TAP,1,RB2-001100,ORIGIN_RB:RB2-001100 -> LIVE_FROM_SOURCE -> PRICE_RETURNED_TO_ZONE -> RB_TAP_TRIGGER,price returned to and tapped a live rejection block's zone in the block's direction,False,2,29427.25,29404.0,RB2-001100,29440.25,RB2-001037,NEAREST_CAUSAL_STRUCTURE,0.5591397849462365,True,
TRIG-02022,822,2469,2026-07-07 12:09:00-04:00,2026-07-06,1,RB_TAP,3,RB2-003444,ORIGIN_RB:RB2-003444 -> LIVE_FROM_SOURCE -> PRICE_RETURNED_TO_ZONE -> RB_TAP_TRIGGER,price returned to and tapped a live rejection block's zone in the block's direction,False,1,29405.0,29404.0,RB2-003444,29408.0,FVG2-000290,NEAREST_CAUSAL_STRUCTURE,3.0,True,
TRIG-02028,2475,2476,2026-07-07 12:16:00-04:00,2026-07-06,1,RB_TAP,1,RB2-001104,ORIGIN_RB:RB2-001104 -> LIVE_FROM_SOURCE -> PRICE_RETURNED_TO_ZONE -> RB_TAP_TRIGGER,price returned to and tapped a live rejection block's zone in the block's direction,False,4,29455.75,29455.0,RB2-001104,29459.0,RB2-001033,NEAREST_CAUSAL_STRUCTURE,4.333333333333333,True,
TRIG-02031,2481,2482,2026-07-07 12:22:00-04:00,2026-07-06,-1,RB_TAP,1,RB2-001106,ORIGIN_RB:RB2-001106 -> LIVE_FROM_SOURCE -> PRICE_RETURNED_TO_ZONE -> RB_TAP_TRIGGER,price returned to and tapped a live rejection block's zone in the block's direction,False,2,29500.75,29503.0,RB2-001106,29495.75,RB2-001107,NEAREST_CAUSAL_STRUCTURE,2.2222222222222223,True,
TRIG-02035,2485,2486,2026-07-07 12:26:00-04:00,2026-07-06,-1,RB_TAP,1,RB2-001108,ORIGIN_RB:RB2-001108 -> LIVE_FROM_SOURCE -> PRICE_RETURNED_TO_ZONE -> RB_TAP_TRIGGER,price returned to and tapped a live rejection block's zone in the block's direction,False,2,29520.5,29527.25,RB2-001108,29511.25,RB2-001031,NEAREST_CAUSAL_STRUCTURE,1.3703703703703705,True,
TRIG-02036,2487,2488,2026-07-07 12:28:00-04:00,2026-07-06,-1,RB_TAP,1,RB2-001110,ORIGIN_RB:RB2-001110 -> LIVE_FROM_SOURCE -> PRICE_RETURNED_TO_ZONE -> RB_TAP_TRIGGER,price returned to and tapped a live rejection block's zone in the block's direction,False,1,29537.25,29539.0,RB2-001110,29536.0,RB2-001032,NEAREST_CAUSAL_STRUCTURE,0.7142857142857143,True,
TRIG-02042,831,2496,2026-07-07 12:36:00-04:00,2026-07-06,1,RB_TAP,3,RB2-003446,ORIGIN_RB:RB2-003446 -> LIVE_FROM_SOURCE -> PRICE_RETURNED_TO_ZONE -> RB_TAP_TRIGGER,price returned to and tapped a live rejection block's zone in the block's direction,False,2,29503.0,29501.5,RB2-003446,29505.75,FVG2-001221,NEAREST_CAUSAL_STRUCTURE,1.8333333333333333,True,
TRIG-02049,2502,2503,2026-07-07 12:43:00-04:00,2026-07-06,-1,RB_TAP,1,RB2-001118,ORIGIN_RB:RB2-001118 -> LIVE_FROM_SOURCE -> PRICE_RETURNED_TO_ZONE -> RB_TAP_TRIGGER,price returned to and tapped a live rejection block's zone in the block's direction,False,2,29505.5,29510.5,RB2-001118,29503.0,RB2-001106,NEAREST_CAUSAL_STRUCTURE,0.5,True,
TRIG-02066,2520,2521,2026-07-07 13:01:00-04:00,2026-07-06,-1,RB_TAP,1,RB2-001128,ORIGIN_RB:RB2-001128 -> LIVE_FROM_SOURCE -> PRICE_RETURNED_TO_ZONE -> RB_TAP_TRIGGER,price returned to and tapped a live rejection block's zone in the block's direction,False,1,29546.5,29547.25,RB2-001128,29545.75,RB2-001111,NEAREST_CAUSAL_STRUCTURE,1.0,True,
TRIG-02071,506,2535,2026-07-07 13:15:00-04:00,2026-07-06,1,RB_TAP,5,RB2-004320,ORIGIN_RB:RB2-004320 -> LIVE_FROM_SOURCE -> PRICE_RETURNED_TO_ZONE -> RB_TAP_TRIGGER,price returned to and tapped a live rejection block's zone in the block's direction,False,2,29533.25,29530.0,RB2-004320,29535.5,RB2-001110,NEAREST_CAUSAL_STRUCTURE,0.6923076923076923,True,
TRIG-02073,2535,2536,2026-07-07 13:16:00-04:00,2026-07-06,1,RB_TAP,1,RB2-001133,ORIGIN_RB:RB2-001133 -> LIVE_FROM_SOURCE -> PRICE_RETURNED_TO_ZONE -> RB_TAP_TRIGGER,price returned to and tapped a live rejection block's zone in the block's direction,False,1,29533.25,29530.25,RB2-001133,29535.5,RB2-001110,NEAREST_CAUSAL_STRUCTURE,0.75,True,
TRIG-02074,2538,2539,2026-07-07 13:19:00-04:00,2026-07-06,-1,RB_TAP,1,RB2-001134,ORIGIN_RB:RB2-001134 -> LIVE_FROM_SOURCE -> PRICE_RETURNED_TO_ZONE -> RB_TAP_TRIGGER,price returned to and tapped a live rejection block's zone in the block's direction,False,1,29519.0,29522.75,RB2-001134,29517.0,FVG2-000295,NEAREST_CAUSAL_STRUCTURE,0.5333333333333333,True,
TRIG-02085,2551,2552,2026-07-07 13:32:00-04:00,2026-07-06,1,IFVG_ACTIVATION,1,IFVG2-000146,ORIGIN_FVG:FVG2-000300 -> PARENT_ACTIVE -> CLOSE_THROUGH_DISTAL -> IFVG_ACTIVATION,"a completed same-timeframe candle closed fully through the parent FVG's distal boundary, inverting it",,0,29555.5,29550.75,IFVG2-000146,29558.5,RB2-000806,NEAREST_CAUSAL_STRUCTURE,0.631578947368421,True,
TRIG-02096,2563,2564,2026-07-07 13:44:00-04:00,2026-07-06,1,RB_TAP,1,RB2-001147,ORIGIN_RB:RB2-001147 -> LIVE_FROM_SOURCE -> PRICE_RETURNED_TO_ZONE -> RB_TAP_TRIGGER,price returned to and tapped a live rejection block's zone in the block's direction,False,1,29558.0,29557.5,RB2-001147,29558.5,RB2-000806,NEAREST_CAUSAL_STRUCTURE,1.0,True,
TRIG-02106,2578,2579,2026-07-07 13:59:00-04:00,2026-07-06,1,RB_TAP,1,RB2-001155,ORIGIN_RB:RB2-001155 -> LIVE_FROM_SOURCE -> PRICE_RETURNED_TO_ZONE -> RB_TAP_TRIGGER,price returned to and tapped a live rejection block's zone in the block's direction,False,2,29550.75,29548.75,RB2-001155,29552.0,RB2-001020,NEAREST_CAUSAL_STRUCTURE,0.625,True,
TRIG-02127,2615,2616,2026-07-07 14:36:00-04:00,2026-07-06,-1,RB_TAP,1,RB2-001167,ORIGIN_RB:RB2-001167 -> LIVE_FROM_SOURCE -> PRICE_RETURNED_TO_ZONE -> RB_TAP_TRIGGER,price returned to and tapped a live rejection block's zone in the block's direction,False,2,29512.25,29512.75,RB2-001167,29511.25,RB2-001031,NEAREST_CAUSAL_STRUCTURE,2.0,True,
TRIG-02135,874,2625,2026-07-07 14:45:00-04:00,2026-07-06,1,RB_TAP,3,RB2-003457,ORIGIN_RB:RB2-003457 -> LIVE_FROM_SOURCE -> PRICE_RETURNED_TO_ZONE -> RB_TAP_TRIGGER,price returned to and tapped a live rejection block's zone in the block's direction,False,1,29472.25,29471.75,RB2-003457,29474.75,FVG2-000293,NEAREST_CAUSAL_STRUCTURE,5.0,True,
TRIG-02143,2634,2635,2026-07-07 14:55:00-04:00,2026-07-06,-1,RB_TAP,1,RB2-001175,ORIGIN_RB:RB2-001175 -> LIVE_FROM_SOURCE -> PRICE_RETURNED_TO_ZONE -> RB_TAP_TRIGGER,price returned to and tapped a live rejection block's zone in the block's direction,False,1,29421.0,29422.5,RB2-001175,29420.25,FVG2-001180,NEAREST_CAUSAL_STRUCTURE,0.5,True,
TRIG-02158,2651,2652,2026-07-07 15:12:00-04:00,2026-07-06,1,RB_TAP,1,RB2-001184,ORIGIN_RB:RB2-001184 -> LIVE_FROM_SOURCE -> PRICE_RETURNED_TO_ZONE -> RB_TAP_TRIGGER,price returned to and tapped a live rejection block's zone in the block's direction,False,1,29330.0,29326.5,RB2-001184,29332.0,FVG2-000312,NEAREST_CAUSAL_STRUCTURE,0.5714285714285714,True,
TRIG-02169,2659,2660,2026-07-07 15:20:00-04:00,2026-07-06,-1,RB_TAP,1,RB2-001189,ORIGIN_RB:RB2-001189 -> LIVE_FROM_SOURCE -> PRICE_RETURNED_TO_ZONE -> RB_TAP_TRIGGER,price returned to and tapped a live rejection block's zone in the block's direction,False,1,29306.5,29309.25,RB2-001189,29303.5,RB2-001057,NEAREST_CAUSAL_STRUCTURE,1.0909090909090908,True,
TRIG-02175,2666,2667,2026-07-07 15:27:00-04:00,2026-07-06,1,RB_TAP,1,RB2-001192,ORIGIN_RB:RB2-001192 -> LIVE_FROM_SOURCE -> PRICE_RETURNED_TO_ZONE -> RB_TAP_TRIGGER,price returned to and tapped a live rejection block's zone in the block's direction,False,1,29287.0,29285.75,RB2-001192,29288.0,RB2-001071,NEAREST_CAUSAL_STRUCTURE,0.8,True,
TRIG-02190,893,2682,2026-07-07 15:42:00-04:00,2026-07-06,1,RB_TAP,3,RB2-003466,ORIGIN_RB:RB2-003466 -> LIVE_FROM_SOURCE -> PRICE_RETURNED_TO_ZONE -> RB_TAP_TRIGGER,price returned to and tapped a live rejection block's zone in the block's direction,False,1,29319.75,29319.25,RB2-003466,29320.25,RB2-001185,NEAREST_CAUSAL_STRUCTURE,1.0,True,
TRIG-02219,904,2715,2026-07-07 16:15:00-04:00,2026-07-06,1,RB_TAP,3,RB2-003473,ORIGIN_RB:RB2-003473 -> LIVE_FROM_SOURCE -> PRICE_RETURNED_TO_ZONE -> RB_TAP_TRIGGER,price returned to and tapped a live rejection block's zone in the block's direction,False,1,29417.75,29417.0,RB2-003473,29418.75,RB2-003459,NEAREST_CAUSAL_STRUCTURE,1.3333333333333333,True,
TRIG-02226,2722,2723,2026-07-07 16:23:00-04:00,2026-07-06,-1,RB_TAP,1,RB2-001217,ORIGIN_RB:RB2-001217 -> LIVE_FROM_SOURCE -> PRICE_RETURNED_TO_ZONE -> RB_TAP_TRIGGER,price returned to and tapped a live rejection block's zone in the block's direction,False,3,29407.5,29409.75,RB2-001217,29405.25,RB2-001216,NEAREST_CAUSAL_STRUCTURE,1.0,True,
TRIG-02247,2756,2757,2026-07-07 16:57:00-04:00,2026-07-06,1,RB_TAP,1,RB2-001228,ORIGIN_RB:RB2-001228 -> LIVE_FROM_SOURCE -> PRICE_RETURNED_TO_ZONE -> RB_TAP_TRIGGER,price returned to and tapped a live rejection block's zone in the block's direction,False,5,29416.75,29416.25,RB2-001228,29417.0,RB2-001212,NEAREST_CAUSAL_STRUCTURE,0.5,True,
TRIG-02255,2762,2763,2026-07-07 18:03:00-04:00,2026-07-07,-1,RB_TAP,1,RB2-001230,ORIGIN_RB:RB2-001230 -> LIVE_FROM_SOURCE -> PRICE_RETURNED_TO_ZONE -> RB_TAP_TRIGGER,price returned to and tapped a live rejection block's zone in the block's direction,False,6,29366.75,29370.25,RB2-001230,29364.25,FVG2-000282,NEAREST_CAUSAL_STRUCTURE,0.7142857142857143,True,
TRIG-02261,2771,2772,2026-07-07 18:12:00-04:00,2026-07-07,-1,RB_TAP,1,RB2-001233,ORIGIN_RB:RB2-001233 -> LIVE_FROM_SOURCE -> PRICE_RETURNED_TO_ZONE -> RB_TAP_TRIGGER,price returned to and tapped a live rejection block's zone in the block's direction,False,5,29374.25,29375.25,RB2-001233,29373.5,FVG2-000288,NEAREST_CAUSAL_STRUCTURE,0.75,True,
TRIG-02311,2838,2839,2026-07-07 19:19:00-04:00,2026-07-07,-1,RB_TAP,1,RB2-001248,ORIGIN_RB:RB2-001248 -> LIVE_FROM_SOURCE -> PRICE_RETURNED_TO_ZONE -> RB_TAP_TRIGGER,price returned to and tapped a live rejection block's zone in the block's direction,True,1,29398.0,29400.0,RB2-001248,29396.25,FVG2-000289,NEAREST_CAUSAL_STRUCTURE,0.875,True,
TRIG-02313,2842,2843,2026-07-07 19:23:00-04:00,2026-07-07,1,RB_TAP,1,RB2-001264,ORIGIN_RB:RB2-001264 -> LIVE_FROM_SOURCE -> PRICE_RETURNED_TO_ZONE -> RB_TAP_TRIGGER,price returned to and tapped a live rejection block's zone in the block's direction,False,1,29395.75,29393.25,RB2-001264,29397.0,RB2-001248,NEAREST_CAUSAL_STRUCTURE,0.5,True,
TRIG-02314,2844,2845,2026-07-07 19:25:00-04:00,2026-07-07,1,RB_TAP,1,RB2-001265,ORIGIN_RB:RB2-001265 -> LIVE_FROM_SOURCE -> PRICE_RETURNED_TO_ZONE -> RB_TAP_TRIGGER,price returned to and tapped a live rejection block's zone in the block's direction,False,1,29395.0,29391.75,RB2-001265,29397.0,RB2-001248,NEAREST_CAUSAL_STRUCTURE,0.6153846153846154,True,
TRIG-02316,2847,2848,2026-07-07 19:28:00-04:00,2026-07-07,-1,RB_TAP,1,RB2-001267,ORIGIN_RB:RB2-001267 -> LIVE_FROM_SOURCE -> PRICE_RETURNED_TO_ZONE -> RB_TAP_TRIGGER,price returned to and tapped a live rejection block's zone in the block's direction,False,2,29394.5,29394.75,RB2-001267,29394.0,RB2-001265,NEAREST_CAUSAL_STRUCTURE,2.0,True,
TRIG-02317,2848,2849,2026-07-07 19:29:00-04:00,2026-07-07,-1,RB_TAP,1,RB2-001266,ORIGIN_RB:RB2-001266 -> LIVE_FROM_SOURCE -> PRICE_RETURNED_TO_ZONE -> RB_TAP_TRIGGER,price returned to and tapped a live rejection block's zone in the block's direction,False,1,29396.25,29396.75,RB2-001266,29395.0,RB2-004335,NEAREST_CAUSAL_STRUCTURE,2.5,True,
TRIG-02340,2868,2869,2026-07-07 19:49:00-04:00,2026-07-07,1,RB_TAP,1,RB2-001280,ORIGIN_RB:RB2-001280 -> LIVE_FROM_SOURCE -> PRICE_RETURNED_TO_ZONE -> RB_TAP_TRIGGER,price returned to and tapped a live rejection block's zone in the block's direction,False,1,29336.75,29336.5,RB2-001280,29337.0,RB2-001048,NEAREST_CAUSAL_STRUCTURE,1.0,True,
TRIG-02351,2882,2883,2026-07-07 20:03:00-04:00,2026-07-07,-1,RB_TAP,1,RB2-001288,ORIGIN_RB:RB2-001288 -> LIVE_FROM_SOURCE -> PRICE_RETURNED_TO_ZONE -> RB_TAP_TRIGGER,price returned to and tapped a live rejection block's zone in the block's direction,False,1,29287.25,29289.5,RB2-001288,29284.75,RB2-003433,NEAREST_CAUSAL_STRUCTURE,1.1111111111111112,True,
TRIG-02388,970,2913,2026-07-07 20:33:00-04:00,2026-07-07,1,RB_TAP,3,RB2-003502,ORIGIN_RB:RB2-003502 -> LIVE_FROM_SOURCE -> PRICE_RETURNED_TO_ZONE -> RB_TAP_TRIGGER,price returned to and tapped a live rejection block's zone in the block's direction,False,2,29438.25,29436.25,RB2-003502,29440.25,RB2-001037,NEAREST_CAUSAL_STRUCTURE,1.0,True,
TRIG-02445,2966,2967,2026-07-07 21:27:00-04:00,2026-07-07,-1,RB_TAP,1,RB2-001329,ORIGIN_RB:RB2-001329 -> LIVE_FROM_SOURCE -> PRICE_RETURNED_TO_ZONE -> RB_TAP_TRIGGER,price returned to and tapped a live rejection block's zone in the block's direction,False,1,29508.75,29510.0,RB2-001329,29507.25,RB2-003507,NEAREST_CAUSAL_STRUCTURE,1.2,True,
TRIG-02454,2976,2977,2026-07-07 21:37:00-04:00,2026-07-07,-1,IFVG_ACTIVATION,1,IFVG2-000173,ORIGIN_FVG:FVG2-000336 -> PARENT_ACTIVE -> CLOSE_THROUGH_DISTAL -> IFVG_ACTIVATION,"a completed same-timeframe candle closed fully through the parent FVG's distal boundary, inverting it",,0,29449.5,29455.0,IFVG2-000173,29445.5,RB2-001306,NEAREST_CAUSAL_STRUCTURE,0.7272727272727273,True,
TRIG-02468,2988,2989,2026-07-07 21:49:00-04:00,2026-07-07,1,RB_TAP,1,RB2-001338,ORIGIN_RB:RB2-001338 -> LIVE_FROM_SOURCE -> PRICE_RETURNED_TO_ZONE -> RB_TAP_TRIGGER,price returned to and tapped a live rejection block's zone in the block's direction,False,1,29467.5,29465.5,RB2-001338,29468.75,RB2-004303,NEAREST_CAUSAL_STRUCTURE,0.625,True,
TRIG-02491,3027,3028,2026-07-07 22:28:00-04:00,2026-07-07,-1,IFVG_ACTIVATION,1,IFVG2-000175,ORIGIN_FVG:FVG2-000346 -> PARENT_ACTIVE -> CLOSE_THROUGH_DISTAL -> IFVG_ACTIVATION,"a completed same-timeframe candle closed fully through the parent FVG's distal boundary, inverting it",,0,29441.5,29447.0,IFVG2-000175,29437.75,RB2-001350,NEAREST_CAUSAL_STRUCTURE,0.6818181818181818,True,
TRIG-02504,202,3045,2026-07-07 22:45:00-04:00,2026-07-07,-1,RB_TAP,15,RB2-004815,ORIGIN_RB:RB2-004815 -> LIVE_FROM_SOURCE -> PRICE_RETURNED_TO_ZONE -> RB_TAP_TRIGGER,price returned to and tapped a live rejection block's zone in the block's direction,False,2,29457.0,29458.75,RB2-004815,29455.0,FVG2-000336,NEAREST_CAUSAL_STRUCTURE,1.1428571428571428,True,
TRIG-02513,1016,3051,2026-07-07 22:51:00-04:00,2026-07-07,1,RB_TAP,3,RB2-003524,ORIGIN_RB:RB2-003524 -> LIVE_FROM_SOURCE -> PRICE_RETURNED_TO_ZONE -> RB_TAP_TRIGGER,price returned to and tapped a live rejection block's zone in the block's direction,False,1,29455.0,29454.0,RB2-003524,29455.75,RB2-001336,NEAREST_CAUSAL_STRUCTURE,0.75,True,
TRIG-02529,1025,3078,2026-07-07 23:18:00-04:00,2026-07-07,1,RB_TAP,3,RB2-003528,ORIGIN_RB:RB2-003528 -> LIVE_FROM_SOURCE -> PRICE_RETURNED_TO_ZONE -> RB_TAP_TRIGGER,price returned to and tapped a live rejection block's zone in the block's direction,False,1,29483.75,29482.25,RB2-003528,29485.0,FVG2-001184,NEAREST_CAUSAL_STRUCTURE,0.8333333333333334,True,
TRIG-02533,3079,3080,2026-07-07 23:20:00-04:00,2026-07-07,1,RB_TAP,1,RB2-001374,ORIGIN_RB:RB2-001374 -> LIVE_FROM_SOURCE -> PRICE_RETURNED_TO_ZONE -> RB_TAP_TRIGGER,price returned to and tapped a live rejection block's zone in the block's direction,False,1,29480.0,29478.5,RB2-001374,29481.0,RB2-001369,NEAREST_CAUSAL_STRUCTURE,0.6666666666666666,True,
TRIG-02558,3102,3103,2026-07-07 23:43:00-04:00,2026-07-07,-1,RB_TAP,1,RB2-001388,ORIGIN_RB:RB2-001388 -> LIVE_FROM_SOURCE -> PRICE_RETURNED_TO_ZONE -> RB_TAP_TRIGGER,price returned to and tapped a live rejection block's zone in the block's direction,False,2,29492.5,29494.25,RB2-001388,29491.25,FVG2-000860,NEAREST_CAUSAL_STRUCTURE,0.7142857142857143,True,
TRIG-02568,3117,3118,2026-07-07 23:58:00-04:00,2026-07-07,1,IFVG_ACTIVATION,1,IFVG2-000179,ORIGIN_FVG:FVG2-000351 -> PARENT_ACTIVE -> CLOSE_THROUGH_DISTAL -> IFVG_ACTIVATION,"a completed same-timeframe candle closed fully through the parent FVG's distal boundary, inverting it",,0,29471.75,29471.5,IFVG2-000179,29472.25,RB2-001172,NEAREST_CAUSAL_STRUCTURE,2.0,True,
TRIG-02580,3132,3133,2026-07-08 00:13:00-04:00,2026-07-07,1,RB_TAP,1,RB2-001401,ORIGIN_RB:RB2-001401 -> LIVE_FROM_SOURCE -> PRICE_RETURNED_TO_ZONE -> RB_TAP_TRIGGER,price returned to and tapped a live rejection block's zone in the block's direction,False,1,29447.75,29447.0,RB2-001401,29449.5,FVG2-000336,NEAREST_CAUSAL_STRUCTURE,2.3333333333333335,True,
TRIG-02585,627,3140,2026-07-08 00:20:00-04:00,2026-07-07,1,RB_TAP,5,RB2-004374,ORIGIN_RB:RB2-004374 -> LIVE_FROM_SOURCE -> PRICE_RETURNED_TO_ZONE -> RB_TAP_TRIGGER,price returned to and tapped a live rejection block's zone in the block's direction,False,1,29433.75,29433.25,RB2-004374,29434.25,FVG2-000879,NEAREST_CAUSAL_STRUCTURE,1.0,True,
TRIG-02599,3151,3152,2026-07-08 00:32:00-04:00,2026-07-07,1,RB_TAP,1,RB2-001404,ORIGIN_RB:RB2-001404 -> LIVE_FROM_SOURCE -> PRICE_RETURNED_TO_ZONE -> RB_TAP_TRIGGER,price returned to and tapped a live rejection block's zone in the block's direction,True,1,29428.75,29428.0,RB2-001404,29430.5,RB2-001173,NEAREST_CAUSAL_STRUCTURE,2.3333333333333335,True,
TRIG-02614,3169,3170,2026-07-08 00:50:00-04:00,2026-07-07,1,RB_TAP,1,RB2-001418,ORIGIN_RB:RB2-001418 -> LIVE_FROM_SOURCE -> PRICE_RETURNED_TO_ZONE -> RB_TAP_TRIGGER,price returned to and tapped a live rejection block's zone in the block's direction,True,1,29398.75,29398.0,RB2-001418,29399.5,FVG2-000331,NEAREST_CAUSAL_STRUCTURE,1.0,True,
TRIG-02702,1092,3279,2026-07-08 02:39:00-04:00,2026-07-07,1,RB_TAP,3,RB2-003560,ORIGIN_RB:RB2-003560 -> LIVE_FROM_SOURCE -> PRICE_RETURNED_TO_ZONE -> RB_TAP_TRIGGER,price returned to and tapped a live rejection block's zone in the block's direction,False,1,29297.0,29296.75,RB2-003560,29297.75,RB2-001191,NEAREST_CAUSAL_STRUCTURE,3.0,True,
TRIG-02706,3283,3284,2026-07-08 02:44:00-04:00,2026-07-07,1,RB_TAP,1,RB2-001470,ORIGIN_RB:RB2-001470 -> LIVE_FROM_SOURCE -> PRICE_RETURNED_TO_ZONE -> RB_TAP_TRIGGER,price returned to and tapped a live rejection block's zone in the block's direction,False,1,29294.75,29294.0,RB2-001470,29295.75,FVG2-000283,NEAREST_CAUSAL_STRUCTURE,1.3333333333333333,True,
TRIG-02788,1123,3372,2026-07-08 04:12:00-04:00,2026-07-07,-1,RB_TAP,3,RB2-003572,ORIGIN_RB:RB2-003572 -> LIVE_FROM_SOURCE -> PRICE_RETURNED_TO_ZONE -> RB_TAP_TRIGGER,price returned to and tapped a live rejection block's zone in the block's direction,False,1,29404.0,29404.25,RB2-003572,29403.5,RB2-001429,NEAREST_CAUSAL_STRUCTURE,2.0,True,
TRIG-02808,3382,3383,2026-07-08 04:23:00-04:00,2026-07-07,1,RB_TAP,1,RB2-001514,ORIGIN_RB:RB2-001514 -> LIVE_FROM_SOURCE -> PRICE_RETURNED_TO_ZONE -> RB_TAP_TRIGGER,price returned to and tapped a live rejection block's zone in the block's direction,False,2,29231.25,29224.25,RB2-001514,29235.5,RB2-001064,NEAREST_CAUSAL_STRUCTURE,0.6071428571428571,True,
TRIG-02812,1129,3390,2026-07-08 04:30:00-04:00,2026-07-07,1,RB_TAP,3,RB2-003577,ORIGIN_RB:RB2-003577 -> LIVE_FROM_SOURCE -> PRICE_RETURNED_TO_ZONE -> RB_TAP_TRIGGER,price returned to and tapped a live rejection block's zone in the block's direction,False,2,29080.0,29069.5,RB2-003577,29088.0,RB2-001519,NEAREST_CAUSAL_STRUCTURE,0.7619047619047619,True,
TRIG-02816,678,3395,2026-07-08 04:35:00-04:00,2026-07-07,1,RB_TAP,5,RB2-004401,ORIGIN_RB:RB2-004401 -> LIVE_FROM_SOURCE -> PRICE_RETURNED_TO_ZONE -> RB_TAP_TRIGGER,price returned to and tapped a live rejection block's zone in the block's direction,False,1,29090.75,29063.5,RB2-004401,29105.25,RB2-003578,NEAREST_CAUSAL_STRUCTURE,0.5321100917431193,True,
TRIG-02818,3397,3398,2026-07-08 04:38:00-04:00,2026-07-07,1,RB_TAP,1,RB2-001522,ORIGIN_RB:RB2-001522 -> LIVE_FROM_SOURCE -> PRICE_RETURNED_TO_ZONE -> RB_TAP_TRIGGER,price returned to and tapped a live rejection block's zone in the block's direction,False,1,29027.5,29011.25,RB2-001522,29042.25,RB2-001520,NEAREST_CAUSAL_STRUCTURE,0.9076923076923077,True,
TRIG-02820,3401,3402,2026-07-08 04:42:00-04:00,2026-07-07,1,RB_TAP,1,RB2-001524,ORIGIN_RB:RB2-001524 -> LIVE_FROM_SOURCE -> PRICE_RETURNED_TO_ZONE -> RB_TAP_TRIGGER,price returned to and tapped a live rejection block's zone in the block's direction,False,5,28966.5,28957.25,RB2-001524,28990.0,RB2-001523,NEAREST_CAUSAL_STRUCTURE,2.5405405405405403,True,
TRIG-02822,3405,3406,2026-07-08 04:46:00-04:00,2026-07-07,-1,RB_TAP,1,RB2-001525,ORIGIN_RB:RB2-001525 -> LIVE_FROM_SOURCE -> PRICE_RETURNED_TO_ZONE -> RB_TAP_TRIGGER,price returned to and tapped a live rejection block's zone in the block's direction,False,1,29013.0,29029.5,RB2-001525,28982.0,RB2-004402,NEAREST_CAUSAL_STRUCTURE,1.878787878787879,True,
TRIG-02833,3415,3416,2026-07-08 04:56:00-04:00,2026-07-07,1,RB_TAP,1,RB2-001532,ORIGIN_RB:RB2-001532 -> LIVE_FROM_SOURCE -> PRICE_RETURNED_TO_ZONE -> RB_TAP_TRIGGER,price returned to and tapped a live rejection block's zone in the block's direction,False,3,29088.5,29057.75,RB2-001532,29105.25,RB2-003578,NEAREST_CAUSAL_STRUCTURE,0.5447154471544715,True,
TRIG-02842,3425,3426,2026-07-08 05:06:00-04:00,2026-07-07,1,RB_TAP,1,RB2-001537,ORIGIN_RB:RB2-001537 -> LIVE_FROM_SOURCE -> PRICE_RETURNED_TO_ZONE -> RB_TAP_TRIGGER,price returned to and tapped a live rejection block's zone in the block's direction,False,2,28982.0,28981.0,RB2-001537,28990.0,RB2-001523,NEAREST_CAUSAL_STRUCTURE,8.0,True,
TRIG-02844,3429,3430,2026-07-08 05:10:00-04:00,2026-07-07,1,RB_TAP,1,RB2-001539,ORIGIN_RB:RB2-001539 -> LIVE_FROM_SOURCE -> PRICE_RETURNED_TO_ZONE -> RB_TAP_TRIGGER,price returned to and tapped a live rejection block's zone in the block's direction,False,1,28946.5,28945.0,RB2-001539,28957.25,FVG2-000397,NEAREST_CAUSAL_STRUCTURE,7.166666666666667,True,
TRIG-02851,3438,3439,2026-07-08 05:19:00-04:00,2026-07-07,1,RB_TAP,1,RB2-001543,ORIGIN_RB:RB2-001543 -> LIVE_FROM_SOURCE -> PRICE_RETURNED_TO_ZONE -> RB_TAP_TRIGGER,price returned to and tapped a live rejection block's zone in the block's direction,False,1,28934.75,28923.75,RB2-001543,28945.0,RB2-001539,NEAREST_CAUSAL_STRUCTURE,0.9318181818181818,True,
TRIG-02856,3443,3444,2026-07-08 05:24:00-04:00,2026-07-07,-1,RB_TAP,1,RB2-001546,ORIGIN_RB:RB2-001546 -> LIVE_FROM_SOURCE -> PRICE_RETURNED_TO_ZONE -> RB_TAP_TRIGGER,price returned to and tapped a live rejection block's zone in the block's direction,False,1,28955.25,28956.0,RB2-001546,28952.25,RB2-001539,NEAREST_CAUSAL_STRUCTURE,4.0,True,
TRIG-02858,114,3450,2026-07-08 05:30:00-04:00,2026-07-07,1,RB_TAP,30,RB2-005003,ORIGIN_RB:RB2-005003 -> LIVE_FROM_SOURCE -> PRICE_RETURNED_TO_ZONE -> RB_TAP_TRIGGER,price returned to and tapped a live rejection block's zone in the block's direction,False,1,28959.25,28957.25,RB2-005003,28961.25,RB2-004830,NEAREST_CAUSAL_STRUCTURE,1.0,True,
TRIG-02860,3451,3452,2026-07-08 05:32:00-04:00,2026-07-07,-1,RB_TAP,1,RB2-001550,ORIGIN_RB:RB2-001550 -> LIVE_FROM_SOURCE -> PRICE_RETURNED_TO_ZONE -> RB_TAP_TRIGGER,price returned to and tapped a live rejection block's zone in the block's direction,False,2,28975.25,28979.25,RB2-001550,28971.25,RB2-004830,NEAREST_CAUSAL_STRUCTURE,1.0,True,
TRIG-02882,3472,3473,2026-07-08 05:53:00-04:00,2026-07-07,-1,RB_TAP,1,RB2-001559,ORIGIN_RB:RB2-001559 -> LIVE_FROM_SOURCE -> PRICE_RETURNED_TO_ZONE -> RB_TAP_TRIGGER,price returned to and tapped a live rejection block's zone in the block's direction,False,2,28998.25,29001.25,RB2-001559,28995.75,RB2-001537,NEAREST_CAUSAL_STRUCTURE,0.8333333333333334,True,
TRIG-02891,3488,3489,2026-07-08 06:09:00-04:00,2026-07-07,1,RB_TAP,1,RB2-001565,ORIGIN_RB:RB2-001565 -> LIVE_FROM_SOURCE -> PRICE_RETURNED_TO_ZONE -> RB_TAP_TRIGGER,price returned to and tapped a live rejection block's zone in the block's direction,False,5,28934.0,28927.25,RB2-001565,28938.0,RB2-001566,NEAREST_CAUSAL_STRUCTURE,0.5925925925925926,True,
TRIG-02894,3492,3493,2026-07-08 06:13:00-04:00,2026-07-07,-1,RB_TAP,1,RB2-001567,ORIGIN_RB:RB2-001567 -> LIVE_FROM_SOURCE -> PRICE_RETURNED_TO_ZONE -> RB_TAP_TRIGGER,price returned to and tapped a live rejection block's zone in the block's direction,False,3,28932.0,28943.0,RB2-001567,28926.5,RB2-001542,NEAREST_CAUSAL_STRUCTURE,0.5,True,
TRIG-02896,3496,3497,2026-07-08 06:17:00-04:00,2026-07-07,-1,RB_TAP,1,RB2-001568,ORIGIN_RB:RB2-001568 -> LIVE_FROM_SOURCE -> PRICE_RETURNED_TO_ZONE -> RB_TAP_TRIGGER,price returned to and tapped a live rejection block's zone in the block's direction,False,2,28963.75,28969.75,RB2-001568,28959.25,RB2-003586,NEAREST_CAUSAL_STRUCTURE,0.75,True,
TRIG-02902,3507,3508,2026-07-08 06:28:00-04:00,2026-07-07,1,RB_TAP,1,RB2-001574,ORIGIN_RB:RB2-001574 -> LIVE_FROM_SOURCE -> PRICE_RETURNED_TO_ZONE -> RB_TAP_TRIGGER,price returned to and tapped a live rejection block's zone in the block's direction,False,6,28995.5,28993.0,RB2-001574,28997.5,FVG2-001092,NEAREST_CAUSAL_STRUCTURE,0.8,True,
TRIG-02912,3522,3523,2026-07-08 06:43:00-04:00,2026-07-07,1,RB_TAP,1,RB2-001578,ORIGIN_RB:RB2-001578 -> LIVE_FROM_SOURCE -> PRICE_RETURNED_TO_ZONE -> RB_TAP_TRIGGER,price returned to and tapped a live rejection block's zone in the block's direction,False,3,29042.5,29040.0,RB2-001578,29043.75,RB2-004414,NEAREST_CAUSAL_STRUCTURE,0.5,True,
TRIG-02915,1175,3528,2026-07-08 06:48:00-04:00,2026-07-07,1,RB_TAP,3,RB2-003597,ORIGIN_RB:RB2-003597 -> LIVE_FROM_SOURCE -> PRICE_RETURNED_TO_ZONE -> RB_TAP_TRIGGER,price returned to and tapped a live rejection block's zone in the block's direction,False,2,29041.25,29040.5,RB2-003597,29041.75,RB2-001577,NEAREST_CAUSAL_STRUCTURE,0.6666666666666666,True,
TRIG-02916,3529,3530,2026-07-08 06:50:00-04:00,2026-07-07,-1,RB_TAP,1,RB2-001581,ORIGIN_RB:RB2-001581 -> LIVE_FROM_SOURCE -> PRICE_RETURNED_TO_ZONE -> RB_TAP_TRIGGER,price returned to and tapped a live rejection block's zone in the block's direction,False,2,29042.0,29045.0,RB2-001581,29038.5,RB2-003596,NEAREST_CAUSAL_STRUCTURE,1.1666666666666667,True,
TRIG-02919,3532,3533,2026-07-08 06:53:00-04:00,2026-07-07,-1,RB_TAP,1,RB2-001582,ORIGIN_RB:RB2-001582 -> LIVE_FROM_SOURCE -> PRICE_RETURNED_TO_ZONE -> RB_TAP_TRIGGER,price returned to and tapped a live rejection block's zone in the block's direction,False,3,29047.0,29049.75,RB2-001582,29045.0,RB2-001581,NEAREST_CAUSAL_STRUCTURE,0.7272727272727273,True,
TRIG-02920,3534,3535,2026-07-08 06:55:00-04:00,2026-07-07,1,RB_TAP,1,RB2-001583,ORIGIN_RB:RB2-001583 -> LIVE_FROM_SOURCE -> PRICE_RETURNED_TO_ZONE -> RB_TAP_TRIGGER,price returned to and tapped a live rejection block's zone in the block's direction,False,1,29042.25,29041.0,RB2-001583,29043.25,RB2-001579,NEAREST_CAUSAL_STRUCTURE,0.8,True,
TRIG-02930,3545,3546,2026-07-08 07:06:00-04:00,2026-07-07,1,IFVG_ACTIVATION,1,IFVG2-000208,ORIGIN_FVG:FVG2-000405 -> PARENT_ACTIVE -> CLOSE_THROUGH_DISTAL -> IFVG_ACTIVATION,"a completed same-timeframe candle closed fully through the parent FVG's distal boundary, inverting it",,0,29011.5,29007.0,IFVG2-000208,29014.5,FVG2-000902,NEAREST_CAUSAL_STRUCTURE,0.6666666666666666,True,
TRIG-02972,3593,3594,2026-07-08 07:54:00-04:00,2026-07-07,-1,RB_TAP,1,RB2-001610,ORIGIN_RB:RB2-001610 -> LIVE_FROM_SOURCE -> PRICE_RETURNED_TO_ZONE -> RB_TAP_TRIGGER,price returned to and tapped a live rejection block's zone in the block's direction,False,2,29090.0,29090.5,RB2-001610,29088.0,RB2-001518,NEAREST_CAUSAL_STRUCTURE,4.0,True,
TRIG-02974,3595,3596,2026-07-08 07:56:00-04:00,2026-07-07,-1,RB_TAP,1,RB2-001608,ORIGIN_RB:RB2-001608 -> LIVE_FROM_SOURCE -> PRICE_RETURNED_TO_ZONE -> RB_TAP_TRIGGER,price returned to and tapped a live rejection block's zone in the block's direction,True,1,29105.25,29106.0,RB2-001608,29104.75,RB2-001519,NEAREST_CAUSAL_STRUCTURE,0.6666666666666666,True,
TRIG-02986,3607,3608,2026-07-08 08:08:00-04:00,2026-07-07,1,IFVG_ACTIVATION,1,IFVG2-000214,ORIGIN_FVG:FVG2-000391 -> PARENT_ACTIVE -> CLOSE_THROUGH_DISTAL -> IFVG_ACTIVATION,"a completed same-timeframe candle closed fully through the parent FVG's distal boundary, inverting it",,0,29175.5,29129.25,IFVG2-000214,29210.0,RB2-001062,NEAREST_CAUSAL_STRUCTURE,0.745945945945946,True,
TRIG-03004,241,3630,2026-07-08 08:30:00-04:00,2026-07-07,-1,RB_TAP,15,RB2-004836,ORIGIN_RB:RB2-004836 -> LIVE_FROM_SOURCE -> PRICE_RETURNED_TO_ZONE -> RB_TAP_TRIGGER,price returned to and tapped a live rejection block's zone in the block's direction,False,2,29176.75,29184.25,RB2-004836,29172.5,RB2-003608,NEAREST_CAUSAL_STRUCTURE,0.5666666666666667,True,
TRIG-03010,3631,3632,2026-07-08 08:32:00-04:00,2026-07-07,-1,RB_TAP,1,RB2-001628,ORIGIN_RB:RB2-001628 -> LIVE_FROM_SOURCE -> PRICE_RETURNED_TO_ZONE -> RB_TAP_TRIGGER,price returned to and tapped a live rejection block's zone in the block's direction,False,1,29184.0,29188.5,RB2-001628,29181.25,RB2-001616,NEAREST_CAUSAL_STRUCTURE,0.6111111111111112,True,
TRIG-03011,3635,3636,2026-07-08 08:36:00-04:00,2026-07-07,1,RB_TAP,1,RB2-001630,ORIGIN_RB:RB2-001630 -> LIVE_FROM_SOURCE -> PRICE_RETURNED_TO_ZONE -> RB_TAP_TRIGGER,price returned to and tapped a live rejection block's zone in the block's direction,False,2,29150.0,29148.25,RB2-001630,29151.0,FVG2-000415,NEAREST_CAUSAL_STRUCTURE,0.5714285714285714,True,
TRIG-03012,3636,3637,2026-07-08 08:37:00-04:00,2026-07-07,-1,RB_TAP,1,RB2-001629,ORIGIN_RB:RB2-001629 -> LIVE_FROM_SOURCE -> PRICE_RETURNED_TO_ZONE -> RB_TAP_TRIGGER,price returned to and tapped a live rejection block's zone in the block's direction,False,1,29164.25,29168.25,RB2-001629,29161.75,RB2-001627,NEAREST_CAUSAL_STRUCTURE,0.625,True,
TRIG-03016,3642,3643,2026-07-08 08:43:00-04:00,2026-07-07,-1,RB_TAP,1,RB2-001633,ORIGIN_RB:RB2-001633 -> LIVE_FROM_SOURCE -> PRICE_RETURNED_TO_ZONE -> RB_TAP_TRIGGER,price returned to and tapped a live rejection block's zone in the block's direction,False,1,29169.25,29170.75,RB2-001633,29168.25,RB2-001629,NEAREST_CAUSAL_STRUCTURE,0.6666666666666666,True,
TRIG-03019,728,3645,2026-07-08 08:45:00-04:00,2026-07-07,1,RB_TAP,5,RB2-004425,ORIGIN_RB:RB2-004425 -> LIVE_FROM_SOURCE -> PRICE_RETURNED_TO_ZONE -> RB_TAP_TRIGGER,price returned to and tapped a live rejection block's zone in the block's direction,False,7,29183.5,29145.75,RB2-004425,29210.0,RB2-001062,NEAREST_CAUSAL_STRUCTURE,0.7019867549668874,True,
TRIG-03049,3674,3675,2026-07-08 09:15:00-04:00,2026-07-07,-1,RB_TAP,1,RB2-001650,ORIGIN_RB:RB2-001650 -> LIVE_FROM_SOURCE -> PRICE_RETURNED_TO_ZONE -> RB_TAP_TRIGGER,price returned to and tapped a live rejection block's zone in the block's direction,False,1,29212.0,29219.25,RB2-001650,29200.0,RB2-001638,NEAREST_CAUSAL_STRUCTURE,1.6551724137931034,True,
TRIG-03051,1226,3681,2026-07-08 09:21:00-04:00,2026-07-07,1,RB_TAP,3,RB2-003620,ORIGIN_RB:RB2-003620 -> LIVE_FROM_SOURCE -> PRICE_RETURNED_TO_ZONE -> RB_TAP_TRIGGER,price returned to and tapped a live rejection block's zone in the block's direction,False,2,29201.25,29196.5,RB2-003620,29204.0,RB2-001651,NEAREST_CAUSAL_STRUCTURE,0.5789473684210527,True,
TRIG-03139,3772,3773,2026-07-08 10:53:00-04:00,2026-07-07,-1,RB_TAP,1,RB2-001696,ORIGIN_RB:RB2-001696 -> LIVE_FROM_SOURCE -> PRICE_RETURNED_TO_ZONE -> RB_TAP_TRIGGER,price returned to and tapped a live rejection block's zone in the block's direction,False,1,29237.75,29240.0,RB2-001696,29227.25,RB2-001062,NEAREST_CAUSAL_STRUCTURE,4.666666666666667,True,
TRIG-03165,3797,3798,2026-07-08 11:18:00-04:00,2026-07-07,-1,IFVG_ACTIVATION,1,IFVG2-000227,ORIGIN_FVG:FVG2-000413 -> PARENT_ACTIVE -> CLOSE_THROUGH_DISTAL -> IFVG_ACTIVATION,"a completed same-timeframe candle closed fully through the parent FVG's distal boundary, inverting it",,0,29103.25,29110.25,IFVG2-000227,29099.0,RB2-004829,NEAREST_CAUSAL_STRUCTURE,0.6071428571428571,True,
TRIG-03168,3801,3802,2026-07-08 11:22:00-04:00,2026-07-07,1,RB_TAP,1,RB2-001711,ORIGIN_RB:RB2-001711 -> LIVE_FROM_SOURCE -> PRICE_RETURNED_TO_ZONE -> RB_TAP_TRIGGER,price returned to and tapped a live rejection block's zone in the block's direction,False,1,29123.0,29122.0,RB2-001711,29124.75,FVG2-000901,NEAREST_CAUSAL_STRUCTURE,1.75,True,
TRIG-03172,126,3810,2026-07-08 11:30:00-04:00,2026-07-07,1,RB_TAP,30,RB2-005009,ORIGIN_RB:RB2-005009 -> LIVE_FROM_SOURCE -> PRICE_RETURNED_TO_ZONE -> RB_TAP_TRIGGER,price returned to and tapped a live rejection block's zone in the block's direction,True,1,29058.0,29054.25,RB2-005009,29063.5,RB2-001518,NEAREST_CAUSAL_STRUCTURE,1.4666666666666666,True,
TRIG-03253,3920,3921,2026-07-08 13:21:00-04:00,2026-07-07,-1,RB_TAP,1,RB2-001759,ORIGIN_RB:RB2-001759 -> LIVE_FROM_SOURCE -> PRICE_RETURNED_TO_ZONE -> RB_TAP_TRIGGER,price returned to and tapped a live rejection block's zone in the block's direction,False,1,29382.0,29382.75,RB2-001759,29381.5,FVG2-000321,NEAREST_CAUSAL_STRUCTURE,0.6666666666666666,True,
TRIG-03260,1309,3930,2026-07-08 13:30:00-04:00,2026-07-07,-1,RB_TAP,3,RB2-003654,ORIGIN_RB:RB2-003654 -> LIVE_FROM_SOURCE -> PRICE_RETURNED_TO_ZONE -> RB_TAP_TRIGGER,price returned to and tapped a live rejection block's zone in the block's direction,False,2,29441.5,29443.0,RB2-003654,29439.5,RB2-001360,NEAREST_CAUSAL_STRUCTURE,1.3333333333333333,True,
TRIG-03263,3937,3938,2026-07-08 13:38:00-04:00,2026-07-07,1,RB_TAP,1,RB2-001768,ORIGIN_RB:RB2-001768 -> LIVE_FROM_SOURCE -> PRICE_RETURNED_TO_ZONE -> RB_TAP_TRIGGER,price returned to and tapped a live rejection block's zone in the block's direction,False,2,29435.25,29434.25,RB2-001768,29435.75,RB2-001360,NEAREST_CAUSAL_STRUCTURE,0.5,True,
TRIG-03265,1312,3939,2026-07-08 13:39:00-04:00,2026-07-07,1,RB_TAP,3,RB2-003656,ORIGIN_RB:RB2-003656 -> LIVE_FROM_SOURCE -> PRICE_RETURNED_TO_ZONE -> RB_TAP_TRIGGER,price returned to and tapped a live rejection block's zone in the block's direction,False,1,29429.0,29427.25,RB2-003656,29430.0,RB2-003548,NEAREST_CAUSAL_STRUCTURE,0.5714285714285714,True,
TRIG-03309,3982,3983,2026-07-08 14:23:00-04:00,2026-07-07,-1,RB_TAP,1,RB2-001790,ORIGIN_RB:RB2-001790 -> LIVE_FROM_SOURCE -> PRICE_RETURNED_TO_ZONE -> RB_TAP_TRIGGER,price returned to and tapped a live rejection block's zone in the block's direction,False,1,29400.5,29401.0,RB2-001790,29400.0,RB2-001248,NEAREST_CAUSAL_STRUCTURE,1.0,True,
TRIG-03318,3995,3996,2026-07-08 14:36:00-04:00,2026-07-07,-1,RB_TAP,1,RB2-001797,ORIGIN_RB:RB2-001797 -> LIVE_FROM_SOURCE -> PRICE_RETURNED_TO_ZONE -> RB_TAP_TRIGGER,price returned to and tapped a live rejection block's zone in the block's direction,False,1,29361.25,29361.5,RB2-001797,29360.75,RB2-001182,NEAREST_CAUSAL_STRUCTURE,2.0,True,
TRIG-03406,4114,4115,2026-07-08 16:35:00-04:00,2026-07-07,1,RB_TAP,1,RB2-001848,ORIGIN_RB:RB2-001848 -> LIVE_FROM_SOURCE -> PRICE_RETURNED_TO_ZONE -> RB_TAP_TRIGGER,price returned to and tapped a live rejection block's zone in the block's direction,False,1,29375.25,29374.25,RB2-001848,29375.75,RB2-001784,NEAREST_CAUSAL_STRUCTURE,0.5,True,
TRIG-03414,4124,4125,2026-07-08 16:45:00-04:00,2026-07-07,1,RB_TAP,1,RB2-001854,ORIGIN_RB:RB2-001854 -> LIVE_FROM_SOURCE -> PRICE_RETURNED_TO_ZONE -> RB_TAP_TRIGGER,price returned to and tapped a live rejection block's zone in the block's direction,False,1,29385.25,29385.0,RB2-001854,29385.5,FVG2-000362,NEAREST_CAUSAL_STRUCTURE,1.0,True,
TRIG-03515,4255,4256,2026-07-08 19:56:00-04:00,2026-07-08,-1,RB_TAP,1,RB2-001908,ORIGIN_RB:RB2-001908 -> LIVE_FROM_SOURCE -> PRICE_RETURNED_TO_ZONE -> RB_TAP_TRIGGER,price returned to and tapped a live rejection block's zone in the block's direction,False,2,29497.25,29499.0,RB2-001908,29496.25,FVG2-000348,NEAREST_CAUSAL_STRUCTURE,0.5714285714285714,True,
TRIG-03525,853,4270,2026-07-08 20:10:00-04:00,2026-07-08,-1,RB_TAP,5,RB2-004474,ORIGIN_RB:RB2-004474 -> LIVE_FROM_SOURCE -> PRICE_RETURNED_TO_ZONE -> RB_TAP_TRIGGER,price returned to and tapped a live rejection block's zone in the block's direction,False,1,29540.75,29541.25,RB2-004474,29540.5,RB2-001122,NEAREST_CAUSAL_STRUCTURE,0.5,True,
TRIG-03528,4272,4273,2026-07-08 20:13:00-04:00,2026-07-08,-1,RB_TAP,1,RB2-001919,ORIGIN_RB:RB2-001919 -> LIVE_FROM_SOURCE -> PRICE_RETURNED_TO_ZONE -> RB_TAP_TRIGGER,price returned to and tapped a live rejection block's zone in the block's direction,False,1,29559.5,29560.0,RB2-001919,29558.75,RB2-003508,NEAREST_CAUSAL_STRUCTURE,1.5,True,
TRIG-03592,4342,4343,2026-07-08 21:23:00-04:00,2026-07-08,-1,RB_TAP,1,RB2-001955,ORIGIN_RB:RB2-001955 -> LIVE_FROM_SOURCE -> PRICE_RETURNED_TO_ZONE -> RB_TAP_TRIGGER,price returned to and tapped a live rejection block's zone in the block's direction,False,2,29539.75,29540.0,RB2-001955,29539.5,FVG2-000494,NEAREST_CAUSAL_STRUCTURE,1.0,True,
TRIG-03642,4397,4398,2026-07-08 22:18:00-04:00,2026-07-08,1,RB_TAP,1,RB2-001978,ORIGIN_RB:RB2-001978 -> LIVE_FROM_SOURCE -> PRICE_RETURNED_TO_ZONE -> RB_TAP_TRIGGER,price returned to and tapped a live rejection block's zone in the block's direction,False,1,29524.5,29524.0,RB2-001978,29524.75,RB2-001026,NEAREST_CAUSAL_STRUCTURE,0.5,True,
TRIG-03704,4473,4474,2026-07-08 23:34:00-04:00,2026-07-08,1,IFVG_ACTIVATION,1,IFVG2-000268,ORIGIN_FVG:FVG2-000512 -> PARENT_ACTIVE -> CLOSE_THROUGH_DISTAL -> IFVG_ACTIVATION,"a completed same-timeframe candle closed fully through the parent FVG's distal boundary, inverting it",,0,29496.75,29496.25,IFVG2-000268,29497.5,RB2-001379,NEAREST_CAUSAL_STRUCTURE,1.5,True,
TRIG-03723,4499,4500,2026-07-09 00:00:00-04:00,2026-07-08,-1,RB_TAP,1,RB2-002019,ORIGIN_RB:RB2-002019 -> LIVE_FROM_SOURCE -> PRICE_RETURNED_TO_ZONE -> RB_TAP_TRIGGER,price returned to and tapped a live rejection block's zone in the block's direction,False,2,29507.5,29507.75,RB2-002019,29507.25,RB2-003507,NEAREST_CAUSAL_STRUCTURE,1.0,True,
TRIG-03748,301,4530,2026-07-09 00:30:00-04:00,2026-07-08,1,RB_TAP,15,RB2-004870,ORIGIN_RB:RB2-004870 -> LIVE_FROM_SOURCE -> PRICE_RETURNED_TO_ZONE -> RB_TAP_TRIGGER,price returned to and tapped a live rejection block's zone in the block's direction,False,1,29475.0,29474.25,RB2-004870,29475.5,RB2-001376,NEAREST_CAUSAL_STRUCTURE,0.6666666666666666,True,
TRIG-03785,4574,4575,2026-07-09 01:15:00-04:00,2026-07-08,1,RB_TAP,1,RB2-002045,ORIGIN_RB:RB2-002045 -> LIVE_FROM_SOURCE -> PRICE_RETURNED_TO_ZONE -> RB_TAP_TRIGGER,price returned to and tapped a live rejection block's zone in the block's direction,False,1,29567.5,29565.0,RB2-002045,29569.25,RB2-001931,NEAREST_CAUSAL_STRUCTURE,0.7,True,
TRIG-03818,1538,4617,2026-07-09 01:57:00-04:00,2026-07-08,-1,RB_TAP,3,RB2-003738,ORIGIN_RB:RB2-003738 -> LIVE_FROM_SOURCE -> PRICE_RETURNED_TO_ZONE -> RB_TAP_TRIGGER,price returned to and tapped a live rejection block's zone in the block's direction,True,1,29591.0,29592.0,RB2-003738,29590.5,FVG2-000278,NEAREST_CAUSAL_STRUCTURE,0.5,True,
TRIG-03859,1555,4668,2026-07-09 02:48:00-04:00,2026-07-08,1,RB_TAP,3,RB2-003754,ORIGIN_RB:RB2-003754 -> LIVE_FROM_SOURCE -> PRICE_RETURNED_TO_ZONE -> RB_TAP_TRIGGER,price returned to and tapped a live rejection block's zone in the block's direction,False,4,29620.75,29620.0,RB2-003754,29621.25,RB2-003402,NEAREST_CAUSAL_STRUCTURE,0.6666666666666666,True,
TRIG-03906,4731,4732,2026-07-09 03:52:00-04:00,2026-07-08,-1,RB_TAP,1,RB2-002117,ORIGIN_RB:RB2-002117 -> LIVE_FROM_SOURCE -> PRICE_RETURNED_TO_ZONE -> RB_TAP_TRIGGER,price returned to and tapped a live rejection block's zone in the block's direction,False,1,29697.5,29699.0,RB2-002117,29696.5,FVG2-000238,NEAREST_CAUSAL_STRUCTURE,0.6666666666666666,True,
TRIG-03928,316,4755,2026-07-09 04:15:00-04:00,2026-07-08,-1,RB_TAP,15,RB2-004878,ORIGIN_RB:RB2-004878 -> LIVE_FROM_SOURCE -> PRICE_RETURNED_TO_ZONE -> RB_TAP_TRIGGER,price returned to and tapped a live rejection block's zone in the block's direction,False,1,29705.75,29706.75,RB2-004878,29705.0,FVG2-000194,NEAREST_CAUSAL_STRUCTURE,0.75,True,
TRIG-03933,4758,4759,2026-07-09 04:19:00-04:00,2026-07-08,1,RB_TAP,1,RB2-002129,ORIGIN_RB:RB2-002129 -> LIVE_FROM_SOURCE -> PRICE_RETURNED_TO_ZONE -> RB_TAP_TRIGGER,price returned to and tapped a live rejection block's zone in the block's direction,True,2,29704.0,29703.25,RB2-002129,29704.5,FVG2-000029,NEAREST_CAUSAL_STRUCTURE,0.6666666666666666,True,
TRIG-03980,4815,4816,2026-07-09 05:16:00-04:00,2026-07-08,-1,RB_TAP,1,RB2-002158,ORIGIN_RB:RB2-002158 -> LIVE_FROM_SOURCE -> PRICE_RETURNED_TO_ZONE -> RB_TAP_TRIGGER,price returned to and tapped a live rejection block's zone in the block's direction,False,1,29641.5,29642.0,RB2-002158,29641.0,FVG2-000247,NEAREST_CAUSAL_STRUCTURE,1.0,True,
TRIG-03994,4834,4835,2026-07-09 05:35:00-04:00,2026-07-08,1,RB_TAP,1,RB2-002165,ORIGIN_RB:RB2-002165 -> LIVE_FROM_SOURCE -> PRICE_RETURNED_TO_ZONE -> RB_TAP_TRIGGER,price returned to and tapped a live rejection block's zone in the block's direction,False,1,29646.75,29646.5,RB2-002165,29647.0,RB2-000976,NEAREST_CAUSAL_STRUCTURE,1.0,True,
TRIG-04004,968,4845,2026-07-09 05:45:00-04:00,2026-07-08,1,RB_TAP,5,RB2-004514,ORIGIN_RB:RB2-004514 -> LIVE_FROM_SOURCE -> PRICE_RETURNED_TO_ZONE -> RB_TAP_TRIGGER,price returned to and tapped a live rejection block's zone in the block's direction,False,1,29622.0,29621.75,RB2-004514,29622.25,RB2-000955,NEAREST_CAUSAL_STRUCTURE,1.0,True,
TRIG-04041,4898,4899,2026-07-09 06:39:00-04:00,2026-07-08,-1,RB_TAP,1,RB2-002187,ORIGIN_RB:RB2-002187 -> LIVE_FROM_SOURCE -> PRICE_RETURNED_TO_ZONE -> RB_TAP_TRIGGER,price returned to and tapped a live rejection block's zone in the block's direction,False,2,29659.0,29659.25,RB2-002187,29658.75,FVG2-000543,NEAREST_CAUSAL_STRUCTURE,1.0,True,
TRIG-04086,1649,4950,2026-07-09 07:30:00-04:00,2026-07-08,-1,RB_TAP,3,RB2-003796,ORIGIN_RB:RB2-003796 -> LIVE_FROM_SOURCE -> PRICE_RETURNED_TO_ZONE -> RB_TAP_TRIGGER,price returned to and tapped a live rejection block's zone in the block's direction,False,1,29641.0,29641.5,RB2-003796,29640.75,RB2-000974,NEAREST_CAUSAL_STRUCTURE,0.5,True,
TRIG-04127,4996,4997,2026-07-09 08:17:00-04:00,2026-07-08,-1,RB_TAP,1,RB2-002228,ORIGIN_RB:RB2-002228 -> LIVE_FROM_SOURCE -> PRICE_RETURNED_TO_ZONE -> RB_TAP_TRIGGER,price returned to and tapped a live rejection block's zone in the block's direction,False,1,29718.0,29719.0,RB2-002228,29717.5,RB2-000122,NEAREST_CAUSAL_STRUCTURE,0.5,True,
TRIG-04186,5065,5066,2026-07-09 09:26:00-04:00,2026-07-08,1,RB_TAP,1,RB2-002262,ORIGIN_RB:RB2-002262 -> LIVE_FROM_SOURCE -> PRICE_RETURNED_TO_ZONE -> RB_TAP_TRIGGER,price returned to and tapped a live rejection block's zone in the block's direction,False,2,29737.25,29736.75,RB2-002262,29737.5,FVG2-000031,NEAREST_CAUSAL_STRUCTURE,0.5,True,
TRIG-04261,5140,5141,2026-07-09 10:41:00-04:00,2026-07-08,-1,RB_TAP,1,RB2-002300,ORIGIN_RB:RB2-002300 -> LIVE_FROM_SOURCE -> PRICE_RETURNED_TO_ZONE -> RB_TAP_TRIGGER,price returned to and tapped a live rejection block's zone in the block's direction,False,1,29791.25,29791.75,RB2-002300,29790.75,RB2-000209,NEAREST_CAUSAL_STRUCTURE,1.0,True,
TRIG-04328,1743,5232,2026-07-09 12:12:00-04:00,2026-07-08,1,RB_TAP,3,RB2-003844,ORIGIN_RB:RB2-003844 -> LIVE_FROM_SOURCE -> PRICE_RETURNED_TO_ZONE -> RB_TAP_TRIGGER,price returned to and tapped a live rejection block's zone in the block's direction,False,1,29905.0,29904.0,RB2-003844,29905.75,RB2-000364,NEAREST_CAUSAL_STRUCTURE,0.75,True,
TRIG-04338,5247,5248,2026-07-09 12:28:00-04:00,2026-07-08,-1,RB_TAP,1,RB2-002339,ORIGIN_RB:RB2-002339 -> LIVE_FROM_SOURCE -> PRICE_RETURNED_TO_ZONE -> RB_TAP_TRIGGER,price returned to and tapped a live rejection block's zone in the block's direction,False,1,29904.0,29904.25,RB2-002339,29903.75,FVG2-000160,NEAREST_CAUSAL_STRUCTURE,1.0,True,
TRIG-04389,5317,5318,2026-07-09 13:38:00-04:00,2026-07-08,-1,RB_TAP,1,RB2-002368,ORIGIN_RB:RB2-002368 -> LIVE_FROM_SOURCE -> PRICE_RETURNED_TO_ZONE -> RB_TAP_TRIGGER,price returned to and tapped a live rejection block's zone in the block's direction,False,1,29980.75,29983.0,RB2-002368,29979.5,RB2-003856,NEAREST_CAUSAL_STRUCTURE,0.5555555555555556,True,
TRIG-04419,5358,5359,2026-07-09 14:19:00-04:00,2026-07-08,1,RB_TAP,1,RB2-002384,ORIGIN_RB:RB2-002384 -> LIVE_FROM_SOURCE -> PRICE_RETURNED_TO_ZONE -> RB_TAP_TRIGGER,price returned to and tapped a live rejection block's zone in the block's direction,False,1,29966.5,29966.25,RB2-002384,29967.0,RB2-000049,NEAREST_CAUSAL_STRUCTURE,2.0,True,
TRIG-04465,5408,5409,2026-07-09 15:09:00-04:00,2026-07-08,1,RB_TAP,1,RB2-002408,ORIGIN_RB:RB2-002408 -> LIVE_FROM_SOURCE -> PRICE_RETURNED_TO_ZONE -> RB_TAP_TRIGGER,price returned to and tapped a live rejection block's zone in the block's direction,False,1,29925.0,29924.75,RB2-002408,29925.25,RB2-003870,NEAREST_CAUSAL_STRUCTURE,1.0,True,
TRIG-04468,5411,5412,2026-07-09 15:12:00-04:00,2026-07-08,-1,RB_TAP,1,RB2-002409,ORIGIN_RB:RB2-002409 -> LIVE_FROM_SOURCE -> PRICE_RETURNED_TO_ZONE -> RB_TAP_TRIGGER,price returned to and tapped a live rejection block's zone in the block's direction,False,2,29926.5,29927.5,RB2-002409,29926.0,RB2-002405,NEAREST_CAUSAL_STRUCTURE,0.5,True,
TRIG-04519,5469,5470,2026-07-09 16:10:00-04:00,2026-07-08,-1,RB_TAP,1,RB2-002434,ORIGIN_RB:RB2-002434 -> LIVE_FROM_SOURCE -> PRICE_RETURNED_TO_ZONE -> RB_TAP_TRIGGER,price returned to and tapped a live rejection block's zone in the block's direction,False,1,29969.5,29970.0,RB2-002434,29969.0,RB2-000585,NEAREST_CAUSAL_STRUCTURE,1.0,True,
TRIG-04520,5470,5471,2026-07-09 16:11:00-04:00,2026-07-08,1,RB_TAP,1,RB2-002435,ORIGIN_RB:RB2-002435 -> LIVE_FROM_SOURCE -> PRICE_RETURNED_TO_ZONE -> RB_TAP_TRIGGER,price returned to and tapped a live rejection block's zone in the block's direction,False,1,29967.5,29967.25,RB2-002435,29967.75,RB2-000451,NEAREST_CAUSAL_STRUCTURE,1.0,True,
TRIG-04532,5485,5486,2026-07-09 16:26:00-04:00,2026-07-08,1,RB_TAP,1,RB2-002442,ORIGIN_RB:RB2-002442 -> LIVE_FROM_SOURCE -> PRICE_RETURNED_TO_ZONE -> RB_TAP_TRIGGER,price returned to and tapped a live rejection block's zone in the block's direction,False,2,29951.0,29950.75,RB2-002442,29951.25,RB2-000574,NEAREST_CAUSAL_STRUCTURE,1.0,True,
TRIG-04553,1102,5515,2026-07-09 16:55:00-04:00,2026-07-08,1,RB_TAP,5,RB2-004592,ORIGIN_RB:RB2-004592 -> LIVE_FROM_SOURCE -> PRICE_RETURNED_TO_ZONE -> RB_TAP_TRIGGER,price returned to and tapped a live rejection block's zone in the block's direction,False,1,29934.25,29933.25,RB2-004592,29935.0,RB2-000030,NEAREST_CAUSAL_STRUCTURE,0.75,True,
TRIG-04556,5517,5518,2026-07-09 16:58:00-04:00,2026-07-08,1,RB_TAP,1,RB2-002457,ORIGIN_RB:RB2-002457 -> LIVE_FROM_SOURCE -> PRICE_RETURNED_TO_ZONE -> RB_TAP_TRIGGER,price returned to and tapped a live rejection block's zone in the block's direction,False,1,29934.25,29934.0,RB2-002457,29935.0,RB2-000030,NEAREST_CAUSAL_STRUCTURE,3.0,True,
TRIG-04593,5569,5570,2026-07-09 18:50:00-04:00,2026-07-09,1,IFVG_ACTIVATION,1,IFVG2-000323,ORIGIN_FVG:FVG2-000618 -> PARENT_ACTIVE -> CLOSE_THROUGH_DISTAL -> IFVG_ACTIVATION,"a completed same-timeframe candle closed fully through the parent FVG's distal boundary, inverting it",,0,29919.5,29919.0,IFVG2-000323,29919.75,RB2-003247,NEAREST_CAUSAL_STRUCTURE,0.5,True,
TRIG-04633,5613,5614,2026-07-09 19:34:00-04:00,2026-07-09,-1,RB_TAP,1,RB2-002498,ORIGIN_RB:RB2-002498 -> LIVE_FROM_SOURCE -> PRICE_RETURNED_TO_ZONE -> RB_TAP_TRIGGER,price returned to and tapped a live rejection block's zone in the block's direction,False,1,29955.25,29955.5,RB2-002498,29955.0,RB2-000050,NEAREST_CAUSAL_STRUCTURE,1.0,True,
TRIG-04671,5660,5661,2026-07-09 20:21:00-04:00,2026-07-09,1,RB_TAP,1,RB2-002515,ORIGIN_RB:RB2-002515 -> LIVE_FROM_SOURCE -> PRICE_RETURNED_TO_ZONE -> RB_TAP_TRIGGER,price returned to and tapped a live rejection block's zone in the block's direction,False,3,29871.0,29870.0,RB2-002515,29872.25,RB2-000348,NEAREST_CAUSAL_STRUCTURE,1.25,True,
TRIG-04754,5755,5756,2026-07-09 21:56:00-04:00,2026-07-09,1,RB_TAP,1,RB2-002560,ORIGIN_RB:RB2-002560 -> LIVE_FROM_SOURCE -> PRICE_RETURNED_TO_ZONE -> RB_TAP_TRIGGER,price returned to and tapped a live rejection block's zone in the block's direction,False,2,29899.5,29899.25,RB2-002560,29899.75,FVG2-000594,NEAREST_CAUSAL_STRUCTURE,1.0,True,
TRIG-04786,5791,5792,2026-07-09 22:32:00-04:00,2026-07-09,-1,RB_TAP,1,RB2-002568,ORIGIN_RB:RB2-002568 -> LIVE_FROM_SOURCE -> PRICE_RETURNED_TO_ZONE -> RB_TAP_TRIGGER,price returned to and tapped a live rejection block's zone in the block's direction,True,1,29894.5,29895.0,RB2-002568,29894.25,RB2-000075,NEAREST_CAUSAL_STRUCTURE,0.5,True,
TRIG-04959,6010,6011,2026-07-10 02:11:00-04:00,2026-07-09,1,RB_TAP,1,RB2-002669,ORIGIN_RB:RB2-002669 -> LIVE_FROM_SOURCE -> PRICE_RETURNED_TO_ZONE -> RB_TAP_TRIGGER,price returned to and tapped a live rejection block's zone in the block's direction,False,1,29831.25,29831.0,RB2-002669,29831.5,RB2-000244,NEAREST_CAUSAL_STRUCTURE,1.0,True,
TRIG-05000,6065,6066,2026-07-10 03:06:00-04:00,2026-07-09,-1,RB_TAP,1,RB2-002693,ORIGIN_RB:RB2-002693 -> LIVE_FROM_SOURCE -> PRICE_RETURNED_TO_ZONE -> RB_TAP_TRIGGER,price returned to and tapped a live rejection block's zone in the block's direction,False,1,29822.0,29822.5,RB2-002693,29821.75,RB2-000185,NEAREST_CAUSAL_STRUCTURE,0.5,True,
TRIG-05016,6083,6084,2026-07-10 03:24:00-04:00,2026-07-09,-1,RB_TAP,1,RB2-002703,ORIGIN_RB:RB2-002703 -> LIVE_FROM_SOURCE -> PRICE_RETURNED_TO_ZONE -> RB_TAP_TRIGGER,price returned to and tapped a live rejection block's zone in the block's direction,False,2,29804.25,29804.5,RB2-002703,29804.0,RB2-000699,NEAREST_CAUSAL_STRUCTURE,1.0,True,
TRIG-05055,6135,6136,2026-07-10 04:16:00-04:00,2026-07-09,1,IFVG_ACTIVATION,1,IFVG2-000355,ORIGIN_FVG:FVG2-000675 -> PARENT_ACTIVE -> CLOSE_THROUGH_DISTAL -> IFVG_ACTIVATION,"a completed same-timeframe candle closed fully through the parent FVG's distal boundary, inverting it",,0,29801.0,29800.75,IFVG2-000355,29801.5,RB2-004121,NEAREST_CAUSAL_STRUCTURE,2.0,True,
TRIG-05172,6285,6286,2026-07-10 06:46:00-04:00,2026-07-09,1,RB_TAP,1,RB2-002788,ORIGIN_RB:RB2-002788 -> LIVE_FROM_SOURCE -> PRICE_RETURNED_TO_ZONE -> RB_TAP_TRIGGER,price returned to and tapped a live rejection block's zone in the block's direction,False,1,29853.0,29852.75,RB2-002788,29853.25,RB2-000654,NEAREST_CAUSAL_STRUCTURE,1.0,True,
TRIG-05179,6298,6299,2026-07-10 06:59:00-04:00,2026-07-09,-1,RB_TAP,1,RB2-002794,ORIGIN_RB:RB2-002794 -> LIVE_FROM_SOURCE -> PRICE_RETURNED_TO_ZONE -> RB_TAP_TRIGGER,price returned to and tapped a live rejection block's zone in the block's direction,False,1,29851.5,29851.75,RB2-002794,29851.25,FVG2-000068,NEAREST_CAUSAL_STRUCTURE,1.0,True,
TRIG-05259,6383,6384,2026-07-10 08:24:00-04:00,2026-07-09,-1,RB_TAP,1,RB2-002828,ORIGIN_RB:RB2-002828 -> LIVE_FROM_SOURCE -> PRICE_RETURNED_TO_ZONE -> RB_TAP_TRIGGER,price returned to and tapped a live rejection block's zone in the block's direction,False,2,29838.25,29838.75,RB2-002828,29838.0,FVG2-000990,NEAREST_CAUSAL_STRUCTURE,0.5,True,
TRIG-05293,2144,6435,2026-07-10 09:15:00-04:00,2026-07-09,-1,RB_TAP,3,RB2-004014,ORIGIN_RB:RB2-004014 -> LIVE_FROM_SOURCE -> PRICE_RETURNED_TO_ZONE -> RB_TAP_TRIGGER,price returned to and tapped a live rejection block's zone in the block's direction,False,1,29811.5,29811.75,RB2-004014,29811.25,RB2-000170,NEAREST_CAUSAL_STRUCTURE,1.0,True,
TRIG-05577,2250,6753,2026-07-10 14:33:00-04:00,2026-07-09,1,RB_TAP,3,RB2-004069,ORIGIN_RB:RB2-004069 -> LIVE_FROM_SOURCE -> PRICE_RETURNED_TO_ZONE -> RB_TAP_TRIGGER,price returned to and tapped a live rejection block's zone in the block's direction,False,1,30041.0,30040.75,RB2-004069,30041.25,RB2-002983,NEAREST_CAUSAL_STRUCTURE,1.0,True,
TRIG-05586,6765,6766,2026-07-10 14:46:00-04:00,2026-07-09,1,RB_TAP,1,RB2-003017,ORIGIN_RB:RB2-003017 -> LIVE_FROM_SOURCE -> PRICE_RETURNED_TO_ZONE -> RB_TAP_TRIGGER,price returned to and tapped a live rejection block's zone in the block's direction,False,3,30037.25,30036.25,RB2-003017,30038.0,RB2-004946,NEAREST_CAUSAL_STRUCTURE,0.75,True,
TRIG-05605,6787,6788,2026-07-10 15:08:00-04:00,2026-07-09,1,RB_TAP,1,RB2-003029,ORIGIN_RB:RB2-003029 -> LIVE_FROM_SOURCE -> PRICE_RETURNED_TO_ZONE -> RB_TAP_TRIGGER,price returned to and tapped a live rejection block's zone in the block's direction,False,1,30059.25,30058.5,RB2-003029,30059.75,RB2-000441,NEAREST_CAUSAL_STRUCTURE,0.6666666666666666,True,
TRIG-05666,6881,6882,2026-07-10 16:42:00-04:00,2026-07-09,1,RB_TAP,1,RB2-003068,ORIGIN_RB:RB2-003068 -> LIVE_FROM_SOURCE -> PRICE_RETURNED_TO_ZONE -> RB_TAP_TRIGGER,price returned to and tapped a live rejection block's zone in the block's direction,False,3,30056.5,30055.5,RB2-003068,30057.25,FVG2-000118,NEAREST_CAUSAL_STRUCTURE,0.75,True,
TRIG-05671,6897,6898,2026-07-10 16:58:00-04:00,2026-07-09,1,RB_TAP,1,RB2-003072,ORIGIN_RB:RB2-003072 -> LIVE_FROM_SOURCE -> PRICE_RETURNED_TO_ZONE -> RB_TAP_TRIGGER,price returned to and tapped a live rejection block's zone in the block's direction,True,2,30063.0,30062.25,RB2-003072,30063.5,RB2-002990,NEAREST_CAUSAL_STRUCTURE,0.6666666666666666,True,
