sess,sym,rk,yr,m1_15_none,m1_15_fix1.0,m1_15_fix1.6,m1_15_trail1,m1_15_trail2,m1_15_trail3,m1_16_none,m1_16_fix1.0,m1_16_fix1.6,m1_16_trail1,m1_16_trail2,m1_16_trail3,m5_15_none,m5_15_fix1.0,m5_15_fix1.6,m5_15_trail1,m5_15_trail2,m5_15_trail3,m5_16_none,m5_16_fix1.0,m5_16_fix1.6,m5_16_trail1,m5_16_trail2,m5_16_trail3
2020-01-22,NFLX,10,2020,0.4682820582629921,0.4682820582629921,0.4682820582629921,-0.018252929690354414,-0.058286420230158065,0.4570843908908273,0.20147018785734438,0.20147018785734438,0.20147018785734438,-0.018252929690354414,-0.058286420230158065,0.4570843908908273,0.4682820582629921,0.4682820582629921,0.4682820582629921,-0.018252929690354414,-0.058286420230158065,0.4570843908908273,0.20147018785734438,0.20147018785734438,0.20147018785734438,-0.018252929690354414,-0.058286420230158065,0.4570843908908273
2020-01-29,AAPL,1,2020,-0.32373113854595736,-0.32373113854595736,-0.32373113854595736,0.014602416036102461,0.11973981149608903,0.065755121908051,0.030178326474628037,0.030178326474628037,0.030178326474628037,0.014602416036102461,0.11973981149608903,0.065755121908051,-0.47534001923341673,-0.47534001923341673,-0.47534001923341673,-0.043075750391108336,-0.031198897402595627,-0.08526516846960597,-0.12089572743507748,-0.12089572743507748,-0.12089572743507748,-0.043075750391108336,-0.031198897402595627,-0.08526516846960597
2020-01-30,MSFT,2,2020,-0.29576076240551696,-1.000000000000012,-0.29576076240551696,-0.009643732545583372,-0.10144323242603503,-0.1932427323064645,0.1670500602475533,-1.000000000000012,0.1670500602475533,-0.009643732545583372,-0.10144323242603503,-0.1932427323064645,-0.3530667542491206,-1.000000000000012,-0.3530667542491206,-0.0671141729653435,-0.15886091018061377,-0.25060764739587293,0.10947806333305721,-1.000000000000012,0.10947806333305721,-0.0671141729653435,-0.15886091018061377,-0.25060764739587293
2020-01-31,AMZN,3,2020,2.0427540556670842,2.0427540556670842,2.0427540556670842,-0.053527162920352644,-0.13146971296023047,-0.10361225214881031,2.389995116922572,2.389995116922572,2.389995116922572,-0.053527162920352644,-0.13146971296023047,-0.10361225214881031,2.0427540556670842,2.0427540556670842,2.0427540556670842,-0.053527162920352644,-0.13146971296023047,-0.10361225214881031,2.389995116922572,2.389995116922572,2.389995116922572,-0.053527162920352644,-0.13146971296023047,-0.10361225214881031
2020-02-04,GOOGL,4,2020,-2.94093349855431,-1.0000000000000009,-1.6000000000000014,-0.03476154733299541,-0.11358202348330515,-0.19240249963357048,-2.8858598375326894,-1.0000000000000009,-1.6000000000000014,-0.03476154733299541,-0.11358202348330515,-0.19240249963357048,2.6779828609097,2.6779828609097,2.6779828609097,0.0049047305144878095,0.12791537181779944,0.7755359889506375,2.623049879147432,2.623049879147432,2.623049879147432,0.0049047305144878095,0.12791537181779944,0.7755359889506375
2020-02-14,NVDA,7,2020,0.05458373404725325,0.05458373404725325,0.05458373404725325,0.0374092821414429,-0.008356649503404867,0.04724721065381132,-0.11696514438697125,-0.11696514438697125,-0.11696514438697125,0.0374092821414429,-0.008356649503404867,0.04724721065381132,0.05458373404725325,0.05458373404725325,0.05458373404725325,0.0374092821414429,-0.008356649503404867,0.04724721065381132,-0.11696514438697125,-0.11696514438697125,-0.11696514438697125,0.0374092821414429,-0.008356649503404867,0.04724721065381132
2020-04-22,NFLX,10,2020,-2.731042654028437,-1.0000000000000009,-1.6000000000000014,-0.13182872139836377,-0.15998445701472797,-0.32143403149365035,-2.4644549763033208,-1.0000000000000009,-1.6000000000000014,-0.13182872139836377,-0.15998445701472797,-0.32143403149365035,-2.731042654028437,-1.0000000000000009,-1.6000000000000014,-0.13182872139836377,-0.15998445701472797,-0.32143403149365035,-2.4644549763033208,-1.0000000000000009,-1.6000000000000014,-0.13182872139836377,-0.15998445701472797,-0.32143403149365035
2020-04-29,GOOGL,4,2020,2.30788956321053,2.30788956321053,2.30788956321053,-0.11783012425470307,-0.2470572340067645,-0.3762843437588148,2.1568795053708234,2.1568795053708234,2.1568795053708234,-0.11783012425470307,-0.2470572340067645,-0.3762843437588148,2.30788956321053,2.30788956321053,2.30788956321053,-0.11783012425470307,-0.2470572340067645,-0.3762843437588148,2.1568795053708234,2.1568795053708234,2.1568795053708234,-0.11783012425470307,-0.2470572340067645,-0.3762843437588148
2020-04-30,MSFT,2,2020,1.8460945882741386,1.8460945882741386,1.8460945882741386,-0.10815700871320555,-0.10901492809305413,0.10472533119385563,1.1527773956585108,1.1527773956585108,1.1527773956585108,-0.10815700871320555,-0.10901492809305413,0.10472533119385563,1.8055708466365727,1.8055708466365727,1.8055708466365727,-0.025629824829320746,-0.1503458546569858,0.06348264925969405,1.1119674116481293,1.1119674116481293,1.1119674116481293,-0.025629824829320746,-0.1503458546569858,0.06348264925969405
2020-05-01,AAPL,1,2020,1.0815708259010681,1.0815708259010681,1.0815708259010681,-0.0017353357280924797,0.033336712671327984,-0.0901461244016355,1.3335598403125815,1.3335598403125815,1.3335598403125815,-0.0017353357280924797,0.033336712671327984,-0.0901461244016355,0.9553778987356099,0.9553778987356099,0.9553778987356099,0.02944689225548025,-0.09419347522712229,-0.21783384270970263,1.2076883823779583,1.2076883823779583,1.2076883823779583,0.02944689225548025,-0.09419347522712229,-0.21783384270970263
2020-05-07,PYPL,8,2020,1.3108718692474985,1.3108718692474985,1.3108718692474985,-0.04071170355760545,-0.13720518878534982,-0.23369867401306088,1.4224354325877098,1.4224354325877098,1.4224354325877098,-0.04071170355760545,-0.13720518878534982,-0.23369867401306088,-1.5459450392776297,-1.0000000000000009,-1.6000000000000014,-0.04919284949693736,-0.053656728598849845,-0.1503741091404942,-1.6577674652651586,-1.0000000000000009,-1.6000000000000014,-0.04919284949693736,-0.053656728598849845,-0.1503741091404942
2020-05-22,NVDA,7,2020,-0.5319575503221152,-0.5319575503221152,-0.5319575503221152,-0.10002768007353335,-0.20272851366627265,-0.30542934725903415,-0.5774011601486384,-0.5774011601486384,-0.5774011601486384,-0.10002768007353335,-0.20272851366627265,-0.30542934725903415,0.3602593867584769,-1.000000000000012,0.3602593867584769,0.28708842409546076,0.21925463753258434,0.1167292063188663,0.4056253836095314,-1.000000000000012,0.4056253836095314,0.28708842409546076,0.21925463753258434,0.1167292063188663
2020-06-12,ADBE,9,2020,-0.09632155780594509,-1.0000000000000009,-1.6000000000000014,-0.10059038592726832,-0.24283333739223423,-0.4006960009338201,-0.5909457735662427,-1.0000000000000009,-1.6000000000000014,-0.10059038592726832,-0.24283333739223423,-0.4006960009338201,-0.26199060984151146,-1.0000000000000009,-0.26199060984151146,0.09950511025333952,-0.057792456466687625,0.13509544541332463,0.23086301263262055,-1.0000000000000009,0.23086301263262055,0.09950511025333952,-0.057792456466687625,0.13509544541332463
2020-07-17,NFLX,10,2020,-1.173508171797799,-1.0000000000000009,-1.173508171797799,-0.07067818360899647,-0.14135636721799294,-0.2120345508269894,-1.009597111364502,-1.0000000000000009,-1.009597111364502,-0.07067818360899647,-0.14135636721799294,-0.2120345508269894,0.972024656235182,0.972024656235182,0.972024656235182,-0.03260476095789944,0.29278004660007184,0.2222426161305524,0.8084400189663388,0.8084400189663388,0.8084400189663388,-0.03260476095789944,0.29278004660007184,0.2222426161305524
2020-07-23,MSFT,2,2020,-2.476730255276016,-1.0000000000000009,-1.6000000000000014,0.009760757395138597,-0.07263589005720439,-0.15503253750954737,-2.5711915952446818,-1.0000000000000009,-1.6000000000000014,0.009760757395138597,-0.07263589005720439,-0.15503253750954737,-2.476730255276016,-1.0000000000000009,-1.6000000000000014,0.009760757395138597,-0.07263589005720439,-0.15503253750954737,-2.5711915952446818,-1.0000000000000009,-1.6000000000000014,0.009760757395138597,-0.07263589005720439,-0.15503253750954737
2020-07-30,PYPL,8,2020,-0.2478778383181668,-0.2478778383181668,-0.2478778383181668,-0.019612975642946395,0.13148237132944995,0.0955001044768089,-0.1332927998503486,-0.1332927998503486,-0.1332927998503486,-0.019612975642946395,0.13148237132944995,0.0955001044768089,-0.26194541244708436,-0.26194541244708436,-0.26194541244708436,-0.03364851784315448,0.1174680320219279,0.08148071585335481,-0.14734429450149467,-0.14734429450149467,-0.14734429450149467,-0.03364851784315448,0.1174680320219279,0.08148071585335481
2020-07-31,AAPL,1,2020,-0.7512405807755917,-1.0000000000000009,-1.6000000000000125,0.005146112846898809,0.12975555963978813,0.24287814739938351,0.14473442381914836,-1.0000000000000009,-1.6000000000000125,0.005146112846898809,0.12975555963978813,0.24287814739938351,-0.8127654689473074,-1.000000000000012,-1.5999999999999903,-0.05684766387327178,0.06768453679257824,0.18073699919642916,0.0826541154861582,-1.000000000000012,-1.5999999999999903,-0.05684766387327178,0.06768453679257824,0.18073699919642916
2020-08-20,NVDA,7,2020,1.2447308600560536,1.2447308600560536,1.2447308600560536,-0.03992716525670348,-0.1107519050537853,-0.1815766448508893,1.2910772218666544,1.2910772218666544,1.2910772218666544,-0.03992716525670348,-0.1107519050537853,-0.1815766448508893,1.2380279825219498,1.2380279825219498,1.2380279825219498,-0.04654499238527787,-0.11736504325136066,-0.18818509411746565,1.284371275985352,1.284371275985352,1.284371275985352,-0.04654499238527787,-0.11736504325136066,-0.18818509411746565
2020-09-16,ADBE,9,2020,-0.8485483061754229,-1.0000000000000009,-0.8485483061754229,-0.06001080358651878,-0.14619790453579418,-0.23238500548505847,-1.9697663765460338,-1.0000000000000009,-1.5999999999999903,-0.06001080358651878,-0.14619790453579418,-0.23238500548505847,0.7294487638682678,0.7294487638682678,0.7294487638682678,-0.07755471452819407,0.22271882288733558,0.2521790467709506,1.8520136280248067,1.8520136280248067,1.8520136280248067,-0.07755471452819407,0.22271882288733558,0.2521790467709506
2020-10-21,NFLX,10,2020,0.5175584926643495,0.5175584926643495,0.5175584926643495,-0.006381519670950464,-0.10900325491998153,-0.2116249901690126,-0.3165233756790231,-0.3165233756790231,-0.3165233756790231,-0.006381519670950464,-0.10900325491998153,-0.2116249901690126,0.4466670940992845,0.4466670940992845,0.4466670940992845,-0.076903402294759,-0.17945276214547112,-0.28200212199617214,-0.38682652646876425,-0.38682652646876425,-0.38682652646876425,-0.076903402294759,-0.17945276214547112,-0.28200212199617214
2020-10-22,TSLA,6,2020,0.15427138908530313,0.15427138908530313,0.15427138908530313,-0.051239481679465904,-0.1496174433572195,-0.24799540503497308,0.1157035418139718,0.1157035418139718,0.1157035418139718,-0.051239481679465904,-0.1496174433572195,-0.24799540503497308,0.15427138908530313,0.15427138908530313,0.15427138908530313,-0.051239481679465904,-0.1496174433572195,-0.24799540503497308,0.1157035418139718,0.1157035418139718,0.1157035418139718,-0.051239481679465904,-0.1496174433572195,-0.24799540503497308
2020-10-28,MSFT,2,2020,2.7023515655450137,2.7023515655450137,2.7023515655450137,0.0502104110757684,0.1740425795461853,0.09433224227843873,3.533844354943483,3.533844354943483,3.533844354943483,0.0502104110757684,0.1740425795461853,0.09433224227843873,2.613784135240571,2.613784135240571,2.613784135240571,-0.04077119193106604,0.08317369762900206,0.003390802186886699,3.4460338101430454,3.4460338101430454,3.4460338101430454,-0.04077119193106604,0.08317369762900206,0.003390802186886699
2020-10-30,AAPL,1,2020,2.1092808356769743,2.1092808356769743,2.1092808356769743,-0.026592514831080827,-0.04648890002509898,-0.1779874458369468,1.2968171063791778,1.2968171063791778,1.2968171063791778,-0.026592514831080827,-0.04648890002509898,-0.1779874458369468,2.1092808356769743,2.1092808356769743,2.1092808356769743,-0.026592514831080827,-0.04648890002509898,-0.1779874458369468,1.2968171063791778,1.2968171063791778,1.2968171063791778,-0.026592514831080827,-0.04648890002509898,-0.1779874458369468
2020-11-03,PYPL,8,2020,1.6284734752796792,1.6284734752796792,1.6284734752796792,-0.0582065400868359,-0.07130301160637176,0.019353674578881375,1.5608083724287347,1.5608083724287347,1.5608083724287347,-0.0582065400868359,-0.07130301160637176,0.019353674578881375,1.5986831721121142,1.5986831721121142,1.5986831721121142,-0.008582948009883129,-0.10059506014973296,-0.0099649481131725,1.5310379038986133,1.5310379038986133,1.5310379038986133,-0.008582948009883129,-0.10059506014973296,-0.0099649481131725
2020-11-19,NVDA,7,2020,0.8752366926152,0.8752366926152,0.8752366926152,0.010994753737869623,-0.030608851455449226,-0.10587540636474158,0.831054071112991,0.831054071112991,0.831054071112991,0.010994753737869623,-0.030608851455449226,-0.10587540636474158,0.8264462809917328,0.8264462809917328,0.8264462809917328,-0.037377649251124634,-0.07896113199329369,-0.1541912826638847,0.7822850293356831,0.7822850293356831,0.7822850293356831,-0.037377649251124634,-0.07896113199329369,-0.1541912826638847
2022-01-26,MSFT,2,2022,1.5731702956845117,1.5731702956845117,1.5731702956845117,1.0752207609269426,1.5712288220791404,1.4004272010832208,1.1709392541742636,1.1709392541742636,1.1709392541742636,1.0752207609269426,1.5712288220791404,1.4004272010832208,1.2473716098221566,1.2473716098221566,1.2473716098221566,0.7510192616403177,1.2454363635457932,1.075182593360302,0.8464307352364697,0.8464307352364697,0.8464307352364697,0.7510192616403177,1.2454363635457932,1.075182593360302
2022-01-28,AAPL,1,2022,-0.5370455428753029,-1.0000000000000009,-0.5370455428753029,-0.11714628830334917,0.31511914653220563,0.12024258228637841,-1.9927216196163,-1.0000000000000009,-1.6000000000000014,-0.11714628830334917,0.31511914653220563,0.12024258228637841,-0.7203157354476852,-1.0000000000000009,-0.7203157354476852,-0.17753363176644665,0.1334023752473712,-0.06182943183719036,-2.1786453816611484,-1.0000000000000009,-1.6000000000000014,-0.17753363176644665,0.1334023752473712,-0.06182943183719036
2022-02-02,GOOGL,3,2022,0.19515744906060117,0.19515744906060117,0.19515744906060117,-0.013391066078227709,-0.06812904933033437,-0.14105967613893267,0.014884890182587096,0.014884890182587096,0.014884890182587096,-0.013391066078227709,-0.06812904933033437,-0.14105967613893267,-0.3155095231015759,-1.0000000000000009,-0.3155095231015759,-0.03858325132918283,-0.029261915381140202,0.2460124740713443,-0.1354543502320893,-1.0000000000000009,-0.1354543502320893,-0.03858325132918283,-0.029261915381140202,0.2460124740713443
2022-02-03,META,6,2022,-1.8466506332094346,-1.0000000000000009,-1.5999999999999903,-0.10118113376037519,-0.20404409869853035,-0.3069070636366966,-2.43529154543467,-1.0000000000000009,-1.5999999999999903,-0.10118113376037519,-0.20404409869853035,-0.3069070636366966,1.6282636910681436,1.6282636910681436,1.6282636910681436,-0.06263807427071555,0.3112873048609299,0.20819547429038465,2.218214303774002,2.218214303774002,2.218214303774002,-0.06263807427071555,0.3112873048609299,0.20819547429038465
2022-02-04,AMZN,4,2022,-0.26289901285661,-0.26289901285661,-0.26289901285661,-0.11901127356197527,-0.25159152843268195,-0.12975338376470802,0.40198107127107363,0.40198107127107363,0.40198107127107363,-0.11901127356197527,-0.25159152843268195,-0.12975338376470802,0.04230977525048196,-1.0000000000000009,-1.6000000000000014,-0.025667930318618026,-0.15795649426844083,-0.2902450582182525,-0.621107500676954,-1.0000000000000009,-1.6000000000000014,-0.025667930318618026,-0.15795649426844083,-0.2902450582182525
2022-02-10,PEP,7,2022,-2.2065782264357736,-1.0000000000000009,-1.6000000000000125,-0.07864578121431487,-0.15729156242861864,-0.2359373436429335,-2.352687243686591,-1.0000000000000009,-1.6000000000000125,-0.07864578121431487,-0.15729156242861864,-0.2359373436429335,-2.2065782264357736,-1.0000000000000009,-1.6000000000000125,-0.07864578121431487,-0.15729156242861864,-0.2359373436429335,-2.352687243686591,-1.0000000000000009,-1.6000000000000125,-0.07864578121431487,-0.15729156242861864,-0.2359373436429335
2022-02-17,NVDA,5,2022,-2.531320599712472,-1.0000000000000009,-1.6000000000000014,-0.02260847097171892,-0.1307923509938913,-0.2389762310160637,-3.0173889231190576,-1.0000000000000009,-1.6000000000000014,-0.02260847097171892,-0.1307923509938913,-0.2389762310160637,-2.5396608081050043,-1.0000000000000009,-1.6000000000000014,-0.031163345060758463,-0.13933796799533438,-0.2475125909298992,-3.025687539575239,-1.0000000000000009,-1.6000000000000014,-0.031163345060758463,-0.13933796799533438,-0.2475125909298992
2022-03-04,AVGO,8,2022,2.1349274124679796,2.1349274124679796,2.1349274124679796,-0.1708802787802055,1.734456351064717,1.5493432228680493,1.5531596925704494,1.5531596925704494,1.5531596925704494,-0.1708802787802055,1.734456351064717,1.5493432228680493,2.1349274124679796,2.1349274124679796,2.1349274124679796,-0.1708802787802055,1.734456351064717,1.5493432228680493,1.5531596925704494,1.5531596925704494,1.5531596925704494,-0.1708802787802055,1.734456351064717,1.5493432228680493
2022-04-26,PEP,7,2022,2.2538025979793486,2.2538025979793486,2.2538025979793486,-0.06942031944090488,-0.15919517794402704,-0.2489700364471492,3.7119277598904543,3.7119277598904543,3.7119277598904543,-0.06942031944090488,-0.15919517794402704,-0.2489700364471492,-2.3982853553083827,-1.0000000000000009,-1.5999999999999903,-0.006334894180870521,-0.05886172509727006,-0.11138855601366959,-3.8542552012120757,-1.0000000000000009,-1.5999999999999903,-0.006334894180870521,-0.05886172509727006,-0.11138855601366959
2022-04-27,MSFT,2,2022,0.8892841262783557,0.8892841262783557,0.8892841262783557,0.3070192123204363,0.5289764647359751,0.3662216712180699,0.5413033812128987,0.5413033812128987,0.5413033812128987,0.3070192123204363,0.5289764647359751,0.3662216712180699,0.8892841262783557,0.8892841262783557,0.8892841262783557,0.3070192123204363,0.5289764647359751,0.3662216712180699,0.5413033812128987,0.5413033812128987,0.5413033812128987,0.3070192123204363,0.5289764647359751,0.3662216712180699
2022-04-28,META,6,2022,-2.329596114810384,-1.0000000000000009,-1.6000000000000014,0.07565822554229662,0.06784558052134182,0.02019456545885312,-2.160757308443828,-1.0000000000000009,-1.6000000000000014,0.07565822554229662,0.06784558052134182,0.02019456545885312,-2.3412449959208548,-1.0000000000000009,-1.6000000000000014,0.06428315106173921,0.05646961667371553,0.008813177168731645,-2.1723869694727505,-1.0000000000000009,-1.6000000000000014,0.06428315106173921,0.05646961667371553,0.008813177168731645
2022-04-29,AAPL,1,2022,-1.830559757942507,-1.0000000000000009,-1.6000000000000014,0.3568436549379328,0.22200803604834896,0.5561588014250107,-2.7590771558245075,-1.0000000000000009,-1.6000000000000014,0.3568436549379328,0.22200803604834896,0.5561588014250107,-1.917735749239513,-1.000000000000012,-1.6000000000000014,0.26772521535545213,0.13300933259463577,0.4668633668893918,-2.8454286092164716,-1.000000000000012,-1.6000000000000014,0.26772521535545213,0.13300933259463577,0.4668633668893918
2022-05-19,CSCO,10,2022,-1.0339392665756009,-1.0000000000000009,-1.0339392665756009,-0.1097865619078986,0.4108776484864074,0.24224901449697578,0.16812020594725308,-1.0000000000000009,0.16812020594725308,-0.1097865619078986,0.4108776484864074,0.24224901449697578,-1.0339392665756009,-1.0000000000000009,-1.0339392665756009,-0.1097865619078986,0.4108776484864074,0.24224901449697578,0.16812020594725308,-1.0000000000000009,0.16812020594725308,-0.1097865619078986,0.4108776484864074,0.24224901449697578
2022-05-26,NVDA,5,2022,3.2404203108286733,3.2404203108286733,3.2404203108286733,-0.10247743252534969,-0.2259284592955546,0.2546600281858158,2.9803477421925795,2.9803477421925795,2.9803477421925795,-0.10247743252534969,-0.2259284592955546,0.2546600281858158,3.2404203108286733,3.2404203108286733,3.2404203108286733,-0.10247743252534969,-0.2259284592955546,0.2546600281858158,2.9803477421925795,2.9803477421925795,2.9803477421925795,-0.10247743252534969,-0.2259284592955546,0.2546600281858158
2022-07-12,PEP,7,2022,0.5971404541631586,-1.0000000000000009,0.5971404541631586,-0.08448863687746666,-0.08066776997024405,0.6632708429420209,0.9398654331370881,-1.0000000000000009,0.9398654331370881,-0.08448863687746666,-0.08066776997024405,0.6632708429420209,-0.6639771390149596,-1.0000000000000009,-0.6639771390149596,-0.055015119555645864,-0.15205410866920843,-0.19656326083538067,-1.006471675911913,-1.0000000000000009,-1.006471675911913,-0.055015119555645864,-0.15205410866920843,-0.19656326083538067
2022-07-27,MSFT,2,2022,2.9998976144158807,2.9998976144158807,2.9998976144158807,0.42739926304398157,0.6541227812328243,0.5798326821390143,3.331626906931495,3.331626906931495,3.331626906931495,0.42739926304398157,0.6541227812328243,0.5798326821390143,2.621646434764857,2.621646434764857,2.621646434764857,0.05859518536677211,0.2844860965317775,0.21046881632680314,2.952157502805264,2.952157502805264,2.952157502805264,0.05859518536677211,0.2844860965317775,0.21046881632680314
2022-07-28,META,6,2022,1.141892562804081,-1.0000000000000009,1.141892562804081,-0.018724201029829413,-0.07319460402570588,-0.12766500702158234,1.191540065534702,-1.0000000000000009,1.191540065534702,-0.018724201029829413,-0.07319460402570588,-0.12766500702158234,1.141892562804081,-1.0000000000000009,1.141892562804081,-0.018724201029829413,-0.07319460402570588,-0.12766500702158234,1.191540065534702,-1.0000000000000009,1.191540065534702,-0.018724201029829413,-0.07319460402570588,-0.12766500702158234
2022-07-29,AAPL,1,2022,-0.6288819875776452,-0.6288819875776452,-0.6288819875776452,-0.040875659520467345,-0.1186302010285134,-0.16144685433781003,-0.7142857142857117,-1.0000000000000009,-0.7142857142857117,-0.040875659520467345,-0.1186302010285134,-0.16144685433781003,-0.6679611650485473,-0.6679611650485473,-0.6679611650485473,-0.04477502870863237,-0.1225597661551392,-0.2003445036016238,-0.7533980582524302,-1.0000000000000009,-0.7533980582524302,-0.04477502870863237,-0.1225597661551392,-0.2003445036016238
2022-08-18,CSCO,10,2022,-0.3316718857121703,-0.3316718857121703,-0.3316718857121703,0.2316044834180908,0.2630940860713249,0.1963791639047252,-0.2705256721451166,-0.2705256721451166,-0.2705256721451166,0.2316044834180908,0.2630940860713249,0.1963791639047252,-0.38561364479050564,-0.38561364479050564,-0.38561364479050564,0.1779655610973485,0.2094720936444805,0.14272130324015642,-0.3244345569150875,-0.3244345569150875,-0.3244345569150875,0.1779655610973485,0.2094720936444805,0.14272130324015642
2022-08-25,NVDA,5,2022,0.8589738640311984,0.8589738640311984,0.8589738640311984,-0.030728785929645674,-0.10199341712816556,-0.17325804832669656,1.6021310272941403,1.6021310272941403,1.6021310272941403,-0.030728785929645674,-0.10199341712816556,-0.17325804832669656,0.8589738640311984,0.8589738640311984,0.8589738640311984,-0.030728785929645674,-0.10199341712816556,-0.17325804832669656,1.6021310272941403,1.6021310272941403,1.6021310272941403,-0.030728785929645674,-0.10199341712816556,-0.17325804832669656
2022-09-02,AVGO,8,2022,-1.419404621695164,-1.0000000000000009,-1.6000000000000014,-0.02595047291653607,-0.12500332978302442,-0.22405618664951277,-1.6346505299922875,-1.0000000000000009,-1.6000000000000014,-0.02595047291653607,-0.12500332978302442,-0.22405618664951277,-1.435416412880175,-1.0000000000000009,-1.6000000000000014,-0.042188593601488744,-0.1412253619704984,-0.24026213033949695,-1.6506273602143962,-1.0000000000000009,-1.6000000000000014,-0.042188593601488744,-0.1412253619704984,-0.24026213033949695
2022-10-12,PEP,7,2022,-0.17479702845051293,-0.17479702845051293,-0.17479702845051293,-0.07390788335092102,-0.22141451552312175,-0.09062587871491168,-0.2989949170864148,-0.2989949170864148,-0.2989949170864148,-0.07390788335092102,-0.22141451552312175,-0.09062587871491168,-0.19316117460390636,-0.19316117460390636,-0.19316117460390636,-0.09229058937647583,-0.23977008578264236,-0.10900550924748398,-0.3173362154207049,-0.3173362154207049,-0.3173362154207049,-0.09229058937647583,-0.23977008578264236,-0.10900550924748398
2022-10-26,MSFT,2,2022,0.24804177545691974,-1.0000000000000009,-1.6000000000000014,0.013803494389696969,-0.05072199294384738,-0.15876358123474432,0.32201914708441803,-1.0000000000000009,-1.6000000000000014,0.013803494389696969,-0.05072199294384738,-0.15876358123474432,0.10676544285870282,-1.0000000000000009,-1.6000000000000014,0.08790518797582303,-0.02028941705412013,0.0022491732531104702,0.18084758688310387,-1.0000000000000009,-1.6000000000000014,0.08790518797582303,-0.02028941705412013,0.0022491732531104702
2022-10-27,META,6,2022,-1.6449667948269853,-1.0000000000000009,-1.5999999999999903,0.29458550848826537,0.29644120222644954,0.4490309050523722,-1.7825934987766523,-1.0000000000000009,-1.5999999999999903,0.29458550848826537,0.29644120222644954,0.4490309050523722,-1.6449667948269853,-1.0000000000000009,-1.5999999999999903,0.29458550848826537,0.29644120222644954,0.4490309050523722,-1.7825934987766523,-1.0000000000000009,-1.5999999999999903,0.29458550848826537,0.29644120222644954,0.4490309050523722
2022-10-28,AAPL,1,2022,3.7689737898253473,3.7689737898253473,3.7689737898253473,0.2236075038579921,0.0929628609031008,-0.037681782051746104,3.8945315127463465,3.8945315127463465,3.8945315127463465,0.2236075038579921,0.0929628609031008,-0.037681782051746104,3.7689737898253473,3.7689737898253473,3.7689737898253473,0.2236075038579921,0.0929628609031008,-0.037681782051746104,3.8945315127463465,3.8945315127463465,3.8945315127463465,0.2236075038579921,0.0929628609031008,-0.037681782051746104
2022-11-17,NVDA,5,2022,-0.79366763576173,-1.000000000000012,-1.6000000000000014,-0.08992709310956526,-0.08860362916630615,-0.17853072227589362,-0.5814570379644723,-1.000000000000012,-1.6000000000000014,-0.08992709310956526,-0.08860362916630615,-0.17853072227589362,-0.8294442087399267,-1.0000000000000009,-1.5999999999999903,-0.0750452780781119,-0.12463446790844657,-0.21452913079776925,-0.6173101400084868,-1.0000000000000009,-1.5999999999999903,-0.0750452780781119,-0.12463446790844657,-0.21452913079776925
2022-12-09,AVGO,8,2022,0.06867394896667989,-1.0000000000000009,0.06867394896667989,-0.009495742607446012,-0.08551937327637704,-0.16154300394528587,-0.6717170633302572,-1.0000000000000009,-0.6717170633302572,-0.009495742607446012,-0.08551937327637704,-0.16154300394528587,0.004289360241926943,-0.9999999999999898,0.004289360241926943,-0.07383003663712362,-0.14980475339523291,-0.22577947015332,-0.7356252814892605,-0.9999999999999898,-0.7356252814892605,-0.07383003663712362,-0.14980475339523291,-0.22577947015332
2024-01-25,TSLA,8,2024,-0.10781671159029171,-0.10781671159029171,-0.10781671159029171,-0.022027070109853497,-0.07242695905923524,-0.12282684800863919,0.08795573840261195,0.08795573840261195,0.08795573840261195,-0.022027070109853497,-0.07242695905923524,-0.12282684800863919,-0.1276523317825906,-0.1276523317825906,-0.1276523317825906,-0.04471644406052189,-0.09510632508914485,-0.14549620611779002,0.06808124361739054,0.06808124361739054,0.06808124361739054,-0.04471644406052189,-0.09510632508914485,-0.14549620611779002
2024-01-31,MSFT,1,2024,-0.4184999928339095,-0.4184999928339095,-0.4184999928339095,0.05308304703623978,-0.001325342443059263,-0.05573373192236941,-1.1723732675963494,-0.9999999999999898,-1.1723732675963494,0.05308304703623978,-0.001325342443059263,-0.05573373192236941,-0.46985345729060324,-0.46985345729060324,-0.46985345729060324,0.0014863905923201415,-0.05289394087122368,-0.1072742723347897,-1.2233379650188336,-0.9999999999999898,-1.2233379650188336,0.0014863905923201415,-0.05289394087122368,-0.1072742723347897
2024-02-01,QCOM,10,2024,-0.9482995757988055,-0.9482995757988055,-0.9482995757988055,-0.054611095984613556,-0.10922219196920491,-0.16383328795381846,-0.9989720722155537,-1.0000000000000009,-0.9989720722155537,-0.054611095984613556,-0.10922219196920491,-0.16383328795381846,0.8563080394595968,0.8563080394595968,0.8563080394595968,-0.016953206971281887,0.08325735496998998,0.07353647941306107,0.9069343593600898,0.9069343593600898,0.9069343593600898,-0.016953206971281887,0.08325735496998998,0.07353647941306107
2024-02-02,AAPL,2,2024,0.8276194937751002,0.8276194937751002,0.8276194937751002,-0.0088217221218434,0.05333592915042207,0.02038122007459453,0.6757236347117557,0.6757236347117557,0.6757236347117557,-0.0088217221218434,0.05333592915042207,0.02038122007459453,0.8276194937751002,0.8276194937751002,0.8276194937751002,-0.0088217221218434,0.05333592915042207,0.02038122007459453,0.6757236347117557,0.6757236347117557,0.6757236347117557,-0.0088217221218434,0.05333592915042207,0.02038122007459453
2024-02-22,NVDA,3,2024,-2.068166075290856,-1.0000000000000009,-1.6000000000000014,-0.0038533290710907053,-0.05718431544583513,-0.11051530182053515,-2.0356521862056276,-1.0000000000000009,-1.6000000000000014,-0.0038533290710907053,-0.05718431544583513,-0.11051530182053515,-2.068166075290856,-1.0000000000000009,-1.6000000000000014,-0.0038533290710907053,-0.05718431544583513,-0.11051530182053515,-2.0356521862056276,-1.0000000000000009,-1.6000000000000014,-0.0038533290710907053,-0.05718431544583513,-0.11051530182053515
2024-03-08,AVGO,7,2024,0.5816579303926539,0.5816579303926539,0.5816579303926539,-0.003642260285174892,-0.02097058952079678,-0.08209433939774247,1.2385892400125886,1.2385892400125886,1.2385892400125886,-0.003642260285174892,-0.02097058952079678,-0.08209433939774247,0.5040405423914485,-1.0000000000000009,0.5040405423914485,-0.04236210303871779,-0.10800868765530325,-0.1736552722718887,1.161484728119433,-1.0000000000000009,1.161484728119433,-0.04236210303871779,-0.10800868765530325,-0.1736552722718887
2024-04-24,TSLA,8,2024,0.3423301080744623,0.3423301080744623,0.3423301080744623,-0.007559675807033983,-0.05614238109405978,-0.10896884805142726,0.08346064618344196,0.08346064618344196,0.08346064618344196,-0.007559675807033983,-0.05614238109405978,-0.10896884805142726,0.3423301080744623,0.3423301080744623,0.3423301080744623,-0.007559675807033983,-0.05614238109405978,-0.10896884805142726,0.08346064618344196,0.08346064618344196,0.08346064618344196,-0.007559675807033983,-0.05614238109405978,-0.10896884805142726
2024-04-25,META,6,2024,0.3965016246546771,0.3965016246546771,0.3965016246546771,-0.004055672454339465,-0.003817103486458695,-0.06799215585233664,0.5840168334263707,0.5840168334263707,0.5840168334263707,-0.004055672454339465,-0.003817103486458695,-0.06799215585233664,0.3806961300664158,0.3806961300664158,0.3806961300664158,-0.01979810701472351,-0.01955957560492161,-0.08372452484542992,0.5681818181818121,0.5681818181818121,0.5681818181818121,-0.01979810701472351,-0.01955957560492161,-0.08372452484542992
2024-04-26,MSFT,1,2024,-0.5727231791061493,-0.5727231791061493,-0.5727231791061493,-0.0015811886665328956,-0.06507839669587234,-0.05680930955467289,-0.41230440166610816,-0.41230440166610816,-0.41230440166610816,-0.0015811886665328956,-0.06507839669587234,-0.05680930955467289,-0.5982039805196626,-0.5982039805196626,-0.5982039805196626,-0.04943790771327894,-0.11295120320349294,-0.08215940058826643,-0.4377445598626295,-0.4377445598626295,-0.4377445598626295,-0.04943790771327894,-0.11295120320349294,-0.08215940058826643
2024-05-01,AMZN,5,2024,1.6004801440432148,1.6004801440432148,1.6004801440432148,-0.007475360887843063,-0.06353672614841654,-0.11959809140897892,-0.36153703253832825,-0.36153703253832825,-0.36153703253832825,-0.007475360887843063,-0.06353672614841654,-0.11959809140897892,1.5322880073115774,1.5322880073115774,1.5322880073115774,-0.03957713665536655,-0.11771138067084852,-0.104450999832717,-0.42841230400136876,-0.42841230400136876,-0.42841230400136876,-0.03957713665536655,-0.11771138067084852,-0.104450999832717
2024-05-02,QCOM,10,2024,0.8478205018412233,0.8478205018412233,0.8478205018412233,0.059539102101413555,0.05342207106358021,0.010195051729700033,0.757900145585344,0.757900145585344,0.757900145585344,0.059539102101413555,0.05342207106358021,0.010195051729700033,0.8478205018412233,0.8478205018412233,0.8478205018412233,0.059539102101413555,0.05342207106358021,0.010195051729700033,0.757900145585344,0.757900145585344,0.757900145585344,0.059539102101413555,0.05342207106358021,0.010195051729700033
2024-05-03,AAPL,2,2024,-1.5581595386155556,-1.0000000000000009,-1.6000000000000014,-0.02218252717360869,-0.0810276317263936,-0.1398727362791563,-1.5355979525360608,-1.0000000000000009,-1.6000000000000014,-0.02218252717360869,-0.0810276317263936,-0.1398727362791563,-1.5753472956773207,-1.0000000000000009,-1.6000000000000014,-0.04052067244300073,-0.09937573597265104,-0.15823079950227914,-1.5527818912629554,-1.0000000000000009,-1.6000000000000014,-0.04052067244300073,-0.09937573597265104,-0.15823079950227914
2024-05-23,NVDA,3,2024,1.1217778720695848,1.1217778720695848,1.1217778720695848,-0.013609102657552441,-0.01263244102105432,-0.04745720083356719,0.8340405219051661,0.8340405219051661,0.8340405219051661,-0.013609102657552441,-0.01263244102105432,-0.04745720083356719,1.1217778720695848,1.1217778720695848,1.1217778720695848,-0.013609102657552441,-0.01263244102105432,-0.04745720083356719,0.8340405219051661,0.8340405219051661,0.8340405219051661,-0.013609102657552441,-0.01263244102105432,-0.04745720083356719
2024-06-13,AVGO,7,2024,-0.06510416666667407,-0.06510416666667407,-0.06510416666667407,-0.026534051120452595,-0.056897759103646806,-0.08726146708684102,-0.04340277777776791,-0.04340277777776791,-0.04340277777776791,-0.026534051120452595,-0.056897759103646806,-0.08726146708684102,-0.06510416666667407,-0.06510416666667407,-0.06510416666667407,-0.026534051120452595,-0.056897759103646806,-0.08726146708684102,-0.04340277777776791,-0.04340277777776791,-0.04340277777776791,-0.026534051120452595,-0.056897759103646806,-0.08726146708684102
2024-07-24,GOOGL,4,2024,2.8462878348017084,2.8462878348017084,2.8462878348017084,-0.0013843614388608927,-0.03179959658077269,-0.09881897682662011,3.0394062555221812,3.0394062555221812,3.0394062555221812,-0.0013843614388608927,-0.03179959658077269,-0.09881897682662011,2.8462878348017084,2.8462878348017084,2.8462878348017084,-0.0013843614388608927,-0.03179959658077269,-0.09881897682662011,3.0394062555221812,3.0394062555221812,3.0394062555221812,-0.0013843614388608927,-0.03179959658077269,-0.09881897682662011
2024-07-31,MSFT,1,2024,3.3638537661685675,3.3638537661685675,3.3638537661685675,0.2531364670940395,0.1667166035104195,0.5572610799059241,3.0375097440775933,3.0375097440775933,3.0375097440775933,0.2531364670940395,0.1667166035104195,0.5572610799059241,3.0194890703186816,3.0194890703186816,3.0194890703186816,-0.08613194910526145,-0.1722638982105229,0.22224676527309306,2.6942322886489345,2.6942322886489345,2.6942322886489345,-0.08613194910526145,-0.1722638982105229,0.22224676527309306
2024-08-01,META,6,2024,-3.624241497118963,-1.0000000000000009,-1.6000000000000125,0.07826965664978758,-0.013008389520252628,0.2666788389004804,-2.976645760032637,-1.0000000000000009,-1.6000000000000125,0.07826965664978758,-0.013008389520252628,0.2666788389004804,-3.733462366139073,-1.0000000000000009,-1.6000000000000125,-0.03514719995115767,-0.1263218023955126,0.15304846164936325,-3.086600537353723,-1.0000000000000009,-1.6000000000000125,-0.03514719995115767,-0.1263218023955126,0.15304846164936325
2024-08-02,AAPL,2,2024,2.197308824888744,2.197308824888744,2.197308824888744,0.14712194601093076,-0.005509174834950059,0.020126946723009187,1.9609396664421852,1.9609396664421852,1.9609396664421852,0.14712194601093076,-0.005509174834950059,0.020126946723009187,2.197308824888744,2.197308824888744,2.197308824888744,0.14712194601093076,-0.005509174834950059,0.020126946723009187,1.9609396664421852,1.9609396664421852,1.9609396664421852,0.14712194601093076,-0.005509174834950059,0.020126946723009187
2024-08-29,NVDA,3,2024,0.7228477079487261,0.7228477079487261,0.7228477079487261,0.00993936567554865,0.009478044905808503,-0.07678893903771966,0.8528562885150359,0.8528562885150359,0.8528562885150359,0.00993936567554865,0.009478044905808503,-0.07678893903771966,0.573787516876112,0.573787516876112,0.573787516876112,-0.052387110174578755,-0.13852642722420594,-0.22466574427384423,0.703603697164823,0.703603697164823,0.703603697164823,-0.052387110174578755,-0.13852642722420594,-0.22466574427384423
2024-09-06,AVGO,7,2024,-2.35030038951608,-1.000000000000012,-1.5999999999999903,-0.10069774986494195,-0.201395499729895,-0.30209324959483697,-2.5113883937413317,-1.000000000000012,-1.5999999999999903,-0.10069774986494195,-0.201395499729895,-0.30209324959483697,2.239289349495699,2.239289349495699,2.239289349495699,-0.04793644444767153,0.43949439950239366,0.3386821734845835,2.4005604832846417,2.4005604832846417,2.4005604832846417,-0.04793644444767153,0.43949439950239366,0.3386821734845835
2024-10-24,TSLA,8,2024,-0.36106866466210086,-0.36106866466210086,-0.36106866466210086,-0.01004404006803572,-0.002835652473032191,-0.05108149665207229,-0.45842164933207474,-0.45842164933207474,-0.45842164933207474,-0.01004404006803572,-0.002835652473032191,-0.05108149665207229,-0.36106866466210086,-0.36106866466210086,-0.36106866466210086,-0.01004404006803572,-0.002835652473032191,-0.05108149665207229,-0.45842164933207474,-0.45842164933207474,-0.45842164933207474,-0.01004404006803572,-0.002835652473032191,-0.05108149665207229
2024-10-30,GOOGL,4,2024,-0.6895470929321412,-0.6895470929321412,-0.6895470929321412,-0.04740992729527216,0.017291823106457826,-0.033734609920965664,-0.9824840572372318,-1.0000000000000009,-0.9824840572372318,-0.04740992729527216,0.017291823106457826,-0.033734609920965664,-0.6895470929321412,-0.6895470929321412,-0.6895470929321412,-0.04740992729527216,0.017291823106457826,-0.033734609920965664,-0.9824840572372318,-1.0000000000000009,-0.9824840572372318,-0.04740992729527216,0.017291823106457826,-0.033734609920965664
2024-10-31,MSFT,1,2024,1.944559876799723,1.944559876799723,1.944559876799723,-0.06069726749928783,-0.04683881376368326,0.07946433429349975,2.1670048155662536,2.1670048155662536,2.1670048155662536,-0.06069726749928783,-0.04683881376368326,0.07946433429349975,1.8641973798485645,1.8641973798485645,1.8641973798485645,-0.04973797301877081,-0.06767205373043872,-0.0024267237926700602,2.0868246259984624,2.0868246259984624,2.0868246259984624,-0.04973797301877081,-0.06767205373043872,-0.0024267237926700602
2024-11-01,AAPL,2,2024,-0.46724896270731175,-1.0000000000000009,-0.46724896270731175,-0.060625134229397304,-0.12125026845881681,-0.18187540268821412,-0.41242508441632353,-1.0000000000000009,-0.41242508441632353,-0.060625134229397304,-0.12125026845881681,-0.18187540268821412,-0.46724896270731175,-1.0000000000000009,-0.46724896270731175,-0.060625134229397304,-0.12125026845881681,-0.18187540268821412,-0.41242508441632353,-1.0000000000000009,-0.41242508441632353,-0.060625134229397304,-0.12125026845881681,-0.18187540268821412
2024-11-07,QCOM,10,2024,-1.503121038911348,-1.0000000000000009,-1.503121038911348,-0.023890290846928508,0.11006506439706909,0.057475565169962106,-1.5079042403080445,-1.0000000000000009,-1.6000000000000014,-0.023890290846928508,0.11006506439706909,0.057475565169962106,-1.5261879986125493,-1.0000000000000009,-1.5261879986125493,-0.0526014503853256,0.0873647072047734,0.034763256819436705,-1.5309722870094689,-1.0000000000000009,-1.6000000000000014,-0.0526014503853256,0.0873647072047734,0.034763256819436705
2024-11-21,NVDA,3,2024,-0.6539733101667444,-0.6539733101667444,-0.6539733101667444,-0.05885059189216779,-0.026000129222203405,-0.11622213451720764,-0.5031492072685051,-0.5031492072685051,-0.5031492072685051,-0.05885059189216779,-0.026000129222203405,-0.11622213451720764,-0.6867750540126227,-0.6867750540126227,-0.6867750540126227,0.031654182148199705,-0.058597225255918595,-0.1488486326600258,-0.5359017996161786,-0.5359017996161786,-0.5359017996161786,0.031654182148199705,-0.058597225255918595,-0.1488486326600258
2024-12-13,AVGO,7,2024,-0.394792877614214,-0.394792877614214,-0.394792877614214,-0.023248955158416962,-0.06261190532148575,-0.10197485548457674,-0.3556588897457358,-0.3556588897457358,-0.3556588897457358,-0.023248955158416962,-0.06261190532148575,-0.10197485548457674,-0.394792877614214,-0.394792877614214,-0.394792877614214,-0.023248955158416962,-0.06261190532148575,-0.10197485548457674,-0.3556588897457358,-0.3556588897457358,-0.3556588897457358,-0.023248955158416962,-0.06261190532148575,-0.10197485548457674
2026-01-29,MSFT,4,2026,1.6146680748627462,1.6146680748627462,1.6146680748627462,-0.0682817542128955,0.2982646060186722,0.2299828518057767,1.0780311896402495,1.0780311896402495,1.0780311896402495,-0.0682817542128955,0.2982646060186722,0.2299828518057767,1.5247183413807264,1.5247183413807264,1.5247183413807264,0.2745031657569674,0.20711133803754667,0.13876715657585859,0.987590830738172,0.987590830738172,0.987590830738172,0.2745031657569674,0.20711133803754667,0.13876715657585859
2026-01-30,AAPL,2,2026,1.2379523287355032,1.2379523287355032,1.2379523287355032,0.04559151368995762,0.11619216533419463,0.07232791634163016,1.2119813008599323,1.2119813008599323,1.2119813008599323,0.04559151368995762,0.11619216533419463,0.07232791634163016,0.9865185442342161,0.9865185442342161,0.9865185442342161,-0.02372480716854586,-0.13809745711128585,-0.18207337809110768,0.960481397905455,0.960481397905455,0.960481397905455,-0.02372480716854586,-0.13809745711128585,-0.18207337809110768
2026-02-04,AMD,10,2026,-1.267554348360933,-1.0000000000000009,-1.6000000000000014,-0.06166660793656131,-0.14006335866981745,-0.08265071493582798,-1.6090460866227785,-1.0000000000000009,-1.6000000000000014,-0.06166660793656131,-0.14006335866981745,-0.08265071493582798,1.145948289452936,1.145948289452936,1.145948289452936,-0.04893316482990073,-0.1274264747016085,-0.20591978457329407,1.487860633769511,1.487860633769511,1.487860633769511,-0.04893316482990073,-0.1274264747016085,-0.20591978457329407
2026-02-05,GOOGL,3,2026,-1.58371266073688,-1.0000000000000009,-1.6000000000000014,-0.07420004945956071,-0.16334078439776967,-0.12100348712386078,-1.8367082681753466,-1.0000000000000009,-1.6000000000000014,-0.07420004945956071,-0.16334078439776967,-0.12100348712386078,-1.6816422380767637,-1.0000000000000009,-1.6000000000000014,-0.12984927277025493,-0.26268370927672313,-0.22038853992432106,-1.9343861010776453,-1.0000000000000009,-1.6000000000000014,-0.12984927277025493,-0.26268370927672313,-0.22038853992432106
2026-02-06,AMZN,5,2026,2.5185079144341316,2.5185079144341316,2.5185079144341316,-0.026712397147099498,-0.15567846520099238,-0.28464453325487415,2.8538999550083766,2.8538999550083766,2.8538999550083766,-0.026712397147099498,-0.15567846520099238,-0.28464453325487415,2.497546413674656,2.497546413674656,2.497546413674656,-0.04715348809395392,-0.17609318703275534,-0.30503288597155676,2.8328698781385553,2.8328698781385553,2.8328698781385553,-0.04715348809395392,-0.17609318703275534,-0.30503288597155676
2026-02-26,NVDA,1,2026,1.220761818432614,1.220761818432614,1.220761818432614,-0.0562986826277756,-0.1125973652555512,0.2202895197364274,1.1439099848266854,1.1439099848266854,1.1439099848266854,-0.0562986826277756,-0.1125973652555512,0.2202895197364274,1.1759719265042157,1.1759719265042157,1.1759719265042157,0.1684214721372146,0.23137018975980528,0.175045979379862,1.0990852456430833,1.0990852456430833,1.0990852456430833,0.1684214721372146,0.23137018975980528,0.175045979379862
2026-03-05,AVGO,6,2026,-1.2770605759682252,-1.0000000000000009,-1.2770605759682252,-0.09697707445729398,0.08608557303178,-0.0198289393599671,-0.5054617676266138,-1.0000000000000009,-0.5054617676266138,-0.09697707445729398,0.08608557303178,-0.0198289393599671,-1.2770605759682252,-1.0000000000000009,-1.2770605759682252,-0.09697707445729398,0.08608557303178,-0.0198289393599671,-0.5054617676266138,-1.0000000000000009,-0.5054617676266138,-0.09697707445729398,0.08608557303178,-0.0198289393599671
2026-03-19,MU,9,2026,0.23380636766560103,0.23380636766560103,0.23380636766560103,0.025238845392228093,-0.07455788844539235,-0.174354622283035,0.0742081079982082,0.0742081079982082,0.0742081079982082,0.025238845392228093,-0.07455788844539235,-0.174354622283035,0.23380636766560103,0.23380636766560103,0.23380636766560103,0.025238845392228093,-0.07455788844539235,-0.174354622283035,0.0742081079982082,0.0742081079982082,0.0742081079982082,0.025238845392228093,-0.07455788844539235,-0.174354622283035
2026-04-23,TSLA,8,2026,-0.8102695669026105,-1.0000000000000009,-0.8102695669026105,-0.04108703972567351,-0.10616839464436811,-0.17770975749963336,-0.6035493129320169,-1.0000000000000009,-0.6035493129320169,-0.04108703972567351,-0.10616839464436811,-0.17770975749963336,-0.8294888355785179,-1.0000000000000009,-0.8294888355785179,-0.0623007061970271,-0.1255240918552225,-0.19705159266379946,-0.6228086362797591,-1.0000000000000009,-0.6228086362797591,-0.0623007061970271,-0.1255240918552225,-0.19705159266379946
2026-04-30,GOOGL,3,2026,1.0857205736712672,1.0857205736712672,1.0857205736712672,0.041190766642262844,1.1231694142953996,1.024977134317706,1.1535781095257214,1.1535781095257214,1.1535781095257214,0.041190766642262844,1.1231694142953996,1.024977134317706,0.8194622279129371,0.8194622279129371,0.8194622279129371,0.17643987089692725,0.85681242882516,0.758878785911965,0.8871410279861047,0.8871410279861047,0.8871410279861047,0.17643987089692725,0.85681242882516,0.758878785911965
2026-05-01,AAPL,2,2026,-0.7614856666847691,-1.0000000000000009,-0.7614856666847691,-0.02075725827384023,-0.06867809562085547,-0.11659893296789292,-0.8212455406457764,-1.0000000000000009,-0.8212455406457764,-0.02075725827384023,-0.06867809562085547,-0.11659893296789292,0.635738831615118,0.635738831615118,0.635738831615118,-0.04605238848145454,-0.0939134222875615,-0.14177445609367956,0.6954241273286366,0.6954241273286366,0.6954241273286366,-0.04605238848145454,-0.0939134222875615,-0.14177445609367956
2026-05-06,AMD,10,2026,1.3354559122667364,1.3354559122667364,1.3354559122667364,0.47033382118413236,0.39410356701672367,0.31787331284931497,1.566286371274428,1.566286371274428,1.566286371274428,0.47033382118413236,0.39410356701672367,0.31787331284931497,1.3354559122667364,1.3354559122667364,1.3354559122667364,0.47033382118413236,0.39410356701672367,0.31787331284931497,1.566286371274428,1.566286371274428,1.566286371274428,0.47033382118413236,0.39410356701672367,0.31787331284931497
2026-05-21,NVDA,1,2026,-0.3959735561504196,-1.0000000000000009,-0.3959735561504196,0.044182515862523086,0.21408449771667115,0.11800856172461405,-0.7337911688489296,-1.0000000000000009,-0.7337911688489296,0.044182515862523086,0.21408449771667115,0.11800856172461405,-0.47158910980067414,-1.0000000000000009,-0.47158910980067414,0.21282387757732835,0.13892842342468903,0.04278012561537148,-0.8096611576613899,-1.0000000000000009,-0.8096611576613899,0.21282387757732835,0.13892842342468903,0.04278012561537148
2026-06-04,AVGO,6,2026,0.27964343411976955,-1.0000000000000009,0.27964343411976955,-0.047555167918766905,-0.1402141155342873,-0.2328730631497855,0.0008200687217518876,-1.0000000000000009,0.0008200687217518876,-0.047555167918766905,-0.1402141155342873,-0.2328730631497855,-0.4608900682708805,-0.4608900682708805,-0.4608900682708805,-0.01149287905277685,-0.10431929956511432,-0.0755561833500229,-0.18156275416731926,-0.18156275416731926,-0.18156275416731926,-0.01149287905277685,-0.10431929956511432,-0.0755561833500229
