sess,yr,series,az,agree,impulse,r5,mae5,r15,mae15,r30,mae30,r60,mae60,r_open,mae_open
2020-12-04,2020,US_NFP,0.0572496730602001,0.0,0.02000960461021606,-0.046031301284865656,0.10807348997319277,0.06204218868830491,0.10807348997319277,0.1160789336749013,0.10807348997319277,0.1721170395869165,0.10807348997319277,0.1721170395869165,0.10807348997319277
2020-12-10,2020,US_CPI_MOM,0.659380473395787,1.0,0.0020299210360730235,0.12585765904754576,0.014209735698922366,0.20299622427022435,0.014209735698922366,0.36945312817181497,0.014209735698922366,0.44456173115180464,0.014209735698922366,0.44456173115180464,0.014209735698922366
2022-01-07,2022,US_UNEMP_RATE,0.895105558326105,0.0,0.25857829528690424,-0.6550632911392351,0.749242786545512,-0.7468354430379742,1.1264720942140372,-0.6424050632911404,1.1264720942140372,-0.2927215189873378,1.1264720942140372,-0.2927215189873378,1.1264720942140372
2022-01-12,2022,US_CPI_MOM,0.4948716593053935,1.0,0.07870669164292687,-0.39226806559855554,0.4206247932321938,-0.4710367534697557,0.5970666540636715,-0.641177119271541,0.666383099390333,-0.4174740457173476,0.6931644532665482,-0.4174740457173476,0.6931644532665482
2022-01-13,2022,US_PPI_MOM,0.703452458112659,1.0,0.10375890204217253,0.05810757754221019,0.018849253098340846,0.06438947781703952,0.04084903140662011,0.13506085590890837,0.04084903140662011,0.18531605810758744,0.04084903140662011,0.18531605810758744,0.04084903140662011
2022-02-04,2022,US_NFP,1.200570988449998,1.0,0.6689020426318137,0.27039594922756427,0.27039594922755317,0.14467044417271202,0.27039594922755317,0.8766340009989104,0.27039594922755317,-0.09300242839673789,0.34273117131391473,-0.09300242839673789,0.34273117131391473
2022-02-10,2022,US_CPI_MOM,1.0115610777177466,1.0,0.7270004990850065,0.5245253297136099,0.12903658270910778,0.6200459169138473,0.12903658270910778,1.0071556650411373,0.12903658270910778,1.099324652690492,0.12903658270910778,1.099324652690492,0.12903658270910778
2022-02-15,2022,US_PPI_MOM,1.6837611310372242,1.0,0.22542676211453339,-0.06553871095704711,0.12072920439454293,-0.07243752263672576,0.13452682775392244,0.1431503423535263,0.13452682775392244,0.14659974819337673,0.13452682775392244,0.14659974819337673,0.13452682775392244
2022-03-04,2022,US_NFP,0.8264833103086302,0.0,0.21903838557937316,-0.030455034037979445,0.1004232121081694,-0.17914725904694118,0.2298355239531702,-0.2902185596560414,0.4661543168769544,0.03941239699032373,0.5385349687505592,0.03941239699032373,0.5385349687505592
2022-03-15,2022,US_CORE_PPI_MOM,1.5536132999283587,1.0,0.3588402588230899,0.10270259989728636,0.09328003045878663,0.04374369995625571,0.09328003045878663,0.02662659997336725,0.09328003045878663,0.3423419996576582,0.12568316416887715,0.3423419996576582,0.12568316416887715
2022-04-01,2022,US_UNEMP_RATE,0.4742069502722874,1.0,0.0518359975921312,0.12380171649406524,0.006691984675355478,0.16562662071504253,0.006691984675355478,0.26935238318304133,0.006691984675355478,0.23589245980626394,0.006691984675355478,0.23589245980626394,0.006691984675355478
2022-04-12,2022,US_CORE_CPI_MOM,0.8691172572598894,1.0,0.8313010662726716,0.14123296377375194,0.1981178801386818,0.49608078525527066,0.1981178801386818,0.7079302309158875,0.1981178801386818,0.019419532518893945,0.1981178801386818,0.019419532518893945,0.1981178801386818
2022-04-13,2022,US_CORE_PPI_MOM,1.6346451533369355,1.0,0.14497163209421515,-0.06990249498135537,0.17744479495267473,-0.22763120160596007,0.3082879265844607,-0.05556352165185796,0.3082879265844607,0.06452537998279384,0.3082879265844607,0.06452537998279384,0.3082879265844607
2022-05-06,2022,US_UNEMP_RATE,0.4754233873720096,1.0,0.5625109865426969,0.1301299357119312,0.5330573671261662,-0.56907568900888,0.5801914436413425,-1.0099636801522704,1.222844785215771,-1.0119059179987233,1.2865658135463143,-1.0119059179987233,1.2865658135463143
2022-05-11,2022,US_CORE_CPI_MOM,0.8043996665398438,1.0,1.2222289120356389,0.2255272461294644,0.36571985858833145,0.6278190905766201,0.36571985858833145,1.2251615262708793,0.36571985858833145,0.5851517737413103,0.36571985858833145,0.5851517737413103,0.36571985858833145
2022-05-12,2022,US_CORE_PPI_MOM,0.6538580613347743,1.0,0.15054812238926019,-0.13761856368563752,0.38895619460561637,-0.12703252032519874,0.38895619460561637,-0.20748644986450238,0.38895619460561637,0.3514566395663943,0.38895619460561637,0.3514566395663943,0.38895619460561637
2022-06-03,2022,US_UNEMP_RATE,0.5404029961335259,1.0,0.24099690426739873,-0.2951466937706426,0.3826080131852594,-0.4886534665076936,0.793963513140783,-0.5668380211489188,0.8376695048880389,-1.071128398584864,1.174679138568635,-1.071128398584864,1.174679138568635
2022-06-10,2022,US_CPI_MOM,2.1375759095832763,1.0,1.5755065578430205,0.2062791369280892,0.5136350509509446,0.026816287800657257,0.5136350509509446,0.3939931515326567,0.5136350509509446,0.6105862453071542,0.5136350509509446,0.6105862453071542,0.5136350509509446
2022-06-14,2022,US_CORE_PPI_MOM,0.3138589853526057,1.0,0.180116856301904,0.2433783546746282,0.004385387887562153,0.34862304858795934,0.004385387887562153,0.27845991931239045,0.004385387887562153,0.17540782318892223,0.004385387887562153,0.17540782318892223,0.004385387887562153
2022-06-30,2022,US_CORE_PCE_MOM,1.2610953357233272,1.0,0.49964156148849526,-0.01945399131054737,0.23182251494930917,0.036746428031042555,0.26223397338649423,-0.36746428031040335,0.5149263459783615,0.0151308821304319,0.5149263459783615,0.0151308821304319,0.5149263459783615
2022-07-08,2022,US_NFP,0.4392310639550297,1.0,0.4050423641248191,0.06847325393202208,0.05394862431007397,0.7283064281860763,0.05394862431007397,0.22409428559572175,0.05394862431007397,0.28841764535004755,0.05394862431007397,0.28841764535004755,0.05394862431007397
2022-07-13,2022,US_CPI_MOM,1.3470089048297798,1.0,2.6519916142557665,0.7192850220738678,0.2239689889092178,0.9454075589533706,0.2239689889092178,0.4479379778184578,0.2239689889092178,0.06029934316786889,0.2239689889092178,0.06029934316786889,0.2239689889092178
2022-07-14,2022,US_PPI_MOM,1.222431847851449,0.0,0.06871523975175986,0.21673354649041077,0.10525863550439052,0.05793867084398219,0.10525863550439052,0.02789639707303504,0.10525863550439052,0.24677582026135791,0.2085842078100919,0.24677582026135791,0.2085842078100919
2022-07-29,2022,US_CORE_PCE_MOM,1.2610953357233272,1.0,0.19452603731009432,-0.005847155358917888,0.1773637125538352,0.046777242871343105,0.1773637125538352,0.015592414290444001,0.1773637125538352,0.24752957686086097,0.1773637125538352,0.24752957686086097,0.1773637125538352
2022-08-05,2022,US_NFP,1.0932780012733567,1.0,0.9967026378896904,0.013246536976763146,0.1173264703655974,0.39361138445235255,0.1173264703655974,0.4939065929906894,0.1173264703655974,0.4352433578078907,0.1173264703655974,0.4352433578078907,0.1173264703655974
2022-08-10,2022,US_CPI_MOM,1.612757024996288,1.0,1.3061660969694744,0.47878456579517614,0.030168756481563364,0.6823622551884068,0.030168756481563364,0.5353339239599686,0.030168756481563364,0.640892725867559,0.030168756481563364,0.640892725867559,0.030168756481563364
2022-08-11,2022,US_PPI_MOM,2.9564405186880625,1.0,0.07048262046964737,-0.22427342823250207,0.258301897311064,-0.011120996441282838,0.258301897311064,0.053751482799535566,0.258301897311064,0.0648724792408073,0.258301897311064,0.0648724792408073,0.258301897311064
2022-08-26,2022,US_CORE_PCE_MOM,1.7320508075688763,1.0,0.3930922621887323,-0.22618843967991964,0.2400685910260103,-0.23759289882343548,0.35670685182358497,0.08173195719525239,0.35670685182358497,-0.11974682100701628,0.35670685182358497,-0.11974682100701628,0.35670685182358497
2022-09-02,2022,US_UNEMP_RATE,1.4062460986213174,1.0,0.736550826076332,0.042415673601303716,0.29169874002350493,-0.4423348818420547,0.4606050768013237,-0.20197939810139287,0.6484926104368682,0.040395879620280795,0.6484926104368682,0.040395879620280795,0.6484926104368682
2022-09-13,2022,US_CORE_CPI_MOM,1.942016624910449,1.0,2.24393074765451,0.5817750074206041,0.051449490452171176,0.6728010289898112,0.051449490452171176,1.4682893044424605,0.051449490452171176,1.3040467003067158,0.051449490452171176,1.3040467003067158,0.051449490452171176
2022-09-14,2022,US_CORE_PPI_MOM,0.3715848675706955,1.0,0.04942746519482899,-0.04945190801945998,0.11538778537871774,-0.24725954009725548,0.31731640979146825,-0.15865820489573412,0.3729498063133496,-0.2163520975851041,0.3729498063133496,-0.2163520975851041,0.3729498063133496
2022-09-30,2022,US_CORE_PCE_MOM,1.4957567100278102,1.0,0.8411918360118675,-0.2411037192481036,0.6942894137607736,-0.5447158101531402,0.7880519712461398,-0.41523418314952654,0.7880519712461398,-0.03571906951824744,0.7880519712461398,-0.03571906951824744,0.7880519712461398
2022-10-07,2022,US_UNEMP_RATE,1.2335371226084146,1.0,1.1694386694386716,-0.03286878779911184,0.4031904636690342,0.4755017968270714,0.4031904636690342,0.5412393724252729,0.4031904636690342,0.7165395740205138,0.4031904636690342,0.7165395740205138,0.4031904636690342
2022-10-12,2022,US_PPI_MOM,0.6334159813827913,1.0,0.8104467730520759,-0.04142883446878187,0.24396980298286852,-0.3751611121340481,0.478733198306025,-0.14039771681089164,0.478733198306025,0.12888970723623494,0.478733198306025,0.12888970723623494,0.478733198306025
2022-10-13,2022,US_CPI_MOM,1.4250506063888508,1.0,3.3585164835164827,-0.06396133892403455,0.22504915547343352,0.3600786487574892,0.3292824485348067,-0.004737876957339182,0.3292824485348067,0.17056357046407733,0.3292824485348067,0.17056357046407733,0.3292824485348067
2022-11-04,2022,US_UNEMP_RATE,0.6633249580710854,0.0,0.7064764199017914,-1.1640655982457337,1.4113420579933367,-1.0217649940513773,1.4113420579933367,-1.7052744535423603,1.8032519187253682,-2.134509062915524,2.3048032285907682,-2.134509062915524,2.3048032285907682
2022-11-10,2022,US_CPI_MOM,1.4062460986213052,1.0,2.6292201971915174,0.6785354383607611,0.060500134444740894,0.9405441719852137,0.060500134444740894,1.2115104691523992,0.060500134444740894,1.9729033702832854,0.060500134444740894,1.9729033702832854,0.060500134444740894
2022-11-15,2022,US_CORE_PPI_MOM,1.181526428122759,1.0,0.8362500785949356,0.623545061523112,0.05615056670480456,0.21616228799468118,0.05615056670480456,0.2972231459926755,0.05615056670480456,-0.04364815430661917,0.11653071416679595,-0.04364815430661917,0.11653071416679595
2022-12-01,2022,US_CORE_PCE_MOM,1.4957567100278102,1.0,0.13049422097022312,0.21720692579798584,0.026899519947032324,0.12618688070167305,0.026899519947032324,-0.1406673424215521,0.17199220854573483,-0.399247015990567,0.4467439637617865,-0.399247015990567,0.4467439637617865
2022-12-02,2022,US_NFP,0.3131912348471108,1.0,1.9220379836263124,0.10592995911103964,0.2160971165865222,0.09109976483548943,0.2160971165865222,-0.07838816974217178,0.45549882417745824,-0.6355797546662156,0.74998411050613,-0.6355797546662156,0.74998411050613
2022-12-09,2022,US_CORE_PPI_MOM,0.7466928139435463,1.0,1.522972569429637,-0.5068445676659206,0.7191128054063523,-0.4505285045919294,0.7191128054063523,-0.6389707156472024,0.7364408248137222,-0.6259747010916694,0.7364408248137222,-0.6259747010916694,0.7364408248137222
2022-12-13,2022,US_CPI_MOM,1.261095335723328,1.0,1.9583539910758452,-1.51146770402788,1.5555555555555545,-0.4923413566739643,1.630837657524098,-0.5612286246859499,1.630837657524098,-0.49436745279195504,1.630837657524098,-0.49436745279195504,1.630837657524098
2024-01-05,2024,US_UNEMP_RATE,0.5458648159491504,1.0,0.27273696881047194,0.11458778952514459,0.11305995233148458,-0.033612418260720034,0.14820020778585352,-0.30862311312107593,0.32390148505774263,-0.5668275988510718,0.6019678543054408,-0.5668275988510718,0.6019678543054408
2024-01-11,2024,US_CPI_MOM,1.3932610920384736,1.0,0.42575681944974075,-0.028013682472272095,0.10615711252655036,-0.00589761736258243,0.10615711252655036,0.22116065109695215,0.10615711252655036,-0.27423920736022733,0.30815050719510406,-0.27423920736022733,0.30815050719510406
2024-01-12,2024,US_CORE_PPI_MOM,1.0725328887197914,1.0,0.27207263156339145,0.09585182782061441,0.022124546446788962,-0.017695722059196672,0.03097710644324181,0.04718859215784299,0.07821723730814245,0.29787798799640886,0.07821723730814245,0.29787798799640886,0.07821723730814245
2024-02-02,2024,US_NFP,1.6290959388456951,1.0,0.4416358988923563,0.07559657105364881,0.12409248455975685,-0.10840263019014085,0.2481849691195137,0.15547219329901107,0.2481849691195137,0.13978233892938396,0.2481849691195137,0.13978233892938396,0.2481849691195137
2024-02-13,2024,US_CORE_CPI_MOM,1.4957567100278115,1.0,0.6388254577548658,0.3426154388438518,0.04088826224886155,0.36799436023968735,0.04088826224886155,0.4258019034191096,0.04088826224886155,0.6457525555163879,0.04088826224886155,0.6457525555163879,0.04088826224886155
2024-02-16,2024,US_CORE_PPI_MOM,2.1266132558701933,1.0,0.2403946362815268,0.11979050590594786,0.002785825718754076,0.14486293737463463,0.002785825718754076,0.05153777579675056,0.002785825718754076,0.16714954312457841,0.015322041453091906,0.16714954312457841,0.015322041453091906
2024-03-08,2024,US_UNEMP_RATE,1.192971329492848,1.0,0.27906976744185297,-0.07912255811415303,0.13523666416228597,0.20871985157699946,0.13523666416228597,0.2264542180508533,0.13523666416228597,-0.07912255811415303,0.13523666416228597,-0.07912255811415303,0.13523666416228597
2024-03-12,2024,US_CORE_CPI_MOM,1.3932610920384727,1.0,0.26650266502664666,-0.5865022267899977,0.6467968482356978,-0.6714628297362024,0.7523124357656785,-0.43713600548132003,0.7523124357656785,-0.47002398081534835,0.7523124357656785,-0.47002398081534835,0.7523124357656785
2024-03-14,2024,US_PPI_MOM,1.0435081492551312,1.0,0.1562117960281495,0.1142810497530733,0.053059058813920146,-0.013604886875362432,0.10475762894031071,-0.061221990939142046,0.10475762894031071,0.10883909500292166,0.10475762894031071,0.10883909500292166,0.10475762894031071
2024-04-05,2024,US_NFP,1.2774811175218876,1.0,0.23275030987467415,-0.10905426485001701,0.3050758548335919,-0.3036954211013132,0.44173879432918284,-0.2967932524399197,0.44173879432918284,-0.18083681892850922,0.44173879432918284,-0.18083681892850922,0.44173879432918284
2024-04-10,2024,US_CORE_CPI_MOM,1.3932610920384727,1.0,1.2956851240679579,0.49673202614378686,0.013759889920872403,0.25868593051255884,0.013759889920872403,0.38527691778466044,0.013759889920872403,0.22291021671826394,0.013759889920872403,0.22291021671826394,0.013759889920872403
2024-04-11,2024,US_PPI_MOM,0.3402785236893603,1.0,0.4773796547965725,0.12495708891178126,0.0865836563041178,0.06728458633711298,0.0865836563041178,0.2567799519395786,0.0865836563041178,0.3020940611053957,0.0865836563041178,0.3020940611053957,0.0865836563041178
2024-05-03,2024,US_NFP,0.8957480865859107,1.0,0.7926228354216525,0.2947215509896184,0.1048687043821106,0.12431382956434867,0.1048687043821106,0.18577235204559894,0.1048687043821106,0.29192798178592216,0.1048687043821106,0.29192798178592216,0.1048687043821106
2024-05-14,2024,US_CORE_PPI_MOM,1.6375944478474411,1.0,0.4316645037907296,-0.1262193197876238,0.14131076019701094,-0.18109728491266797,0.2894812660346524,-0.18246923404079407,0.2949690625471568,-0.3745421119784931,0.3910055015160063,-0.3745421119784931,0.3910055015160063
2024-05-15,2024,US_CPI_MOM,1.1978241142570365,1.0,0.6629984376061326,-0.010797241304849603,0.045909342551220256,-0.1754551712037533,0.26930467967629657,-0.14036413696300043,0.26930467967629657,-0.1214689646795275,0.26930467967629657,-0.1214689646795275,0.26930467967629657
2024-05-31,2024,US_CORE_PCE_MOM,1.9420166249104476,1.0,0.23959511118289978,0.11816838995568624,0.06180801891861876,0.23096548945884532,0.06180801891861876,0.19202363367798458,0.06180801891861876,-0.07385524372230945,0.10888706663618741,-0.07385524372230945,0.10888706663618741
2024-06-07,2024,US_NFP,1.1424847404586853,1.0,0.4295386388339595,0.02104349427222152,0.1920218852340394,0.3274893796114897,0.1920218852340394,0.13283705759341569,0.1920218852340394,-0.019728275880215307,0.19728275880210866,-0.019728275880215307,0.19728275880210866
2024-06-12,2024,US_CORE_CPI_MOM,1.3932610920384727,1.0,0.6425536325007863,0.016733601070950677,0.08502744067404588,-0.0991144063433258,0.1572854085552855,-0.015446400988572417,0.18957712693929984,-0.21367521367521292,0.2438741145047052,-0.21367521367521292,0.2438741145047052
2024-06-13,2024,US_CORE_PPI_MOM,1.472373326191028,1.0,0.16551443158525636,-0.020337345722165612,0.04577997634700459,-0.21735538240564845,0.24081341419908142,-0.1830361114995016,0.2804226734477888,-0.16905418631550928,0.2804226734477888,-0.16905418631550928,0.2804226734477888
2024-07-05,2024,US_UNEMP_RATE,0.6735044524148958,1.0,0.0831173910917693,-0.09037616023448436,0.12717667775385966,-0.13067904250122497,0.18598277212216185,-0.23082559843673467,0.27063765169792475,-0.07083536883243369,0.2878314654908509,-0.07083536883243369,0.2878314654908509
2024-07-11,2024,US_CPI_MOM,2.221391329606817,1.0,0.3399609763104605,-0.029824749770346326,0.07043598682010543,-0.052491559595813087,0.07043598682010543,-0.34477410734523595,0.3952427149581439,-0.3459670973360529,0.3952427149581439,-0.3459670973360529,0.3952427149581439
2024-07-12,2024,US_CORE_PPI_MOM,0.8951055583261015,1.0,0.06611327407625156,-0.17151818092717708,0.18989512888365478,-0.15559149269821493,0.19234538861119255,-0.18131921983730592,0.30628246594139874,-0.26217779084583004,0.30628246594139874,-0.26217779084583004,0.30628246594139874
2024-08-02,2024,US_UNEMP_RATE,1.3355836865519943,0.0,0.5772468532029174,0.4824879714001584,0.03359944090530753,0.36421793941349145,0.03359944090530753,0.15455742816439244,0.19218880197833244,-0.18278095852484189,0.368249872322135,-0.18278095852484189,0.368249872322135
2024-08-13,2024,US_CORE_PPI_MOM,0.8735020208029405,1.0,0.22261323948919998,0.11172441311431136,0.10385183804439979,-0.03458136596395933,0.10385183804439979,0.08778346744695575,0.12118145257944413,0.25270998204429684,0.12118145257944413,0.25270998204429684,0.12118145257944413
2024-09-11,2024,US_CORE_CPI_MOM,1.261095335723328,1.0,0.47361299052773864,-0.1466256114954545,0.21993841724317065,-0.2585942602737923,0.33590594633503557,-0.6931392543421122,0.7571213393583021,-0.5611762039962054,0.9184095120033042,-0.5611762039962054,0.9184095120033042
2024-09-12,2024,US_CORE_PPI_MOM,0.4249406492718209,1.0,0.13334886912390598,0.05444787264383688,0.027223936321907338,0.012963779200914072,0.093339210246568,0.10500661152739177,0.093339210246568,0.25020093857761605,0.093339210246568,0.25020093857761605,0.093339210246568
2024-09-27,2024,US_CORE_PCE_MOM,2.211083193570264,1.0,0.06998502074995194,0.0024538974025434257,0.11915583617914116,0.047850999349718926,0.11915583617914116,-0.0184042305191201,0.11915583617914116,-0.10183674220580752,0.15114278692553995,-0.10183674220580752,0.15114278692553995
2024-10-04,2024,US_NFP,1.3534154670382343,0.0,0.244145490782266,0.20751528405984487,0.15307455851056861,0.4001192902231665,0.15307455851056861,0.6312440976191658,0.15307455851056861,0.5107112679556547,0.15307455851056861,0.5107112679556547,0.15307455851056861
2024-10-10,2024,US_CORE_CPI_MOM,1.261095335723328,1.0,0.17738738959164335,0.12010245474710635,0.09804282020171584,0.20834099292865726,0.09804282020171584,0.18873242888831632,0.09804282020171584,0.2524602620194383,0.09804282020171584,0.2524602620194383,0.09804282020171584
2024-10-11,2024,US_PPI_MOM,0.3864211005733587,1.0,0.03433392191485307,0.019612650159350764,0.008581270763619031,-0.05025741603333911,0.1657560316778106,-0.10051483206667822,0.19651191353475816,-0.3395440058837962,0.35798201478673963,-0.3395440058837962,0.35798201478673963
2024-11-01,2024,US_NFP,1.300664602131441,0.0,0.05222841225627217,-0.22270883619079918,0.2637668897902401,-0.1580112971856673,0.2637668897902401,-0.05723243835071834,0.2637668897902401,0.06594172244756002,0.2637668897902401,0.06594172244756002,0.2637668897902401
2024-12-06,2024,US_UNEMP_RATE,0.7625600286907527,1.0,0.1630029806259259,0.036034779374150006,0.045354638383976464,0.01278653461662671,0.05349956967737324,-0.013948946854513977,0.0942441271946759,-0.06160784860742563,0.09773806199384616,-0.06160784860742563,0.09773806199384616
2024-12-12,2024,US_PPI_MOM,1.1225609997192545,1.0,0.028788576692773127,0.2107930657144541,0.0011518746760419418,0.05068248574554568,0.0011518746760419418,0.10136497149110246,0.0011518746760419418,0.12670621436388085,0.0011518746760419418,0.12670621436388085,0.0011518746760419418
2024-12-20,2024,US_CORE_PCE_MOM,2.211083193570264,1.0,0.29503418367951006,0.1665760933771132,0.02836141901632061,0.19492947097323743,0.02836141901632061,0.14885523237955223,0.02836141901632061,0.22328284856933944,0.02836141901632061,0.22328284856933944,0.02836141901632061
2026-01-09,2026,US_UNEMP_RATE,1.0038095376047689,0.0,0.048557360810330685,0.16210287222993003,0.07285372913954369,0.16210287222993003,0.07285372913954369,0.23296221158792818,0.07285372913954369,-0.2834373574319815,0.3624000233806379,-0.2834373574319815,0.3624000233806379
2026-01-13,2026,US_CORE_CPI_MOM,1.1266014242982167,1.0,0.35601265822784445,0.002884143938008954,0.043280883314733565,-0.09806089389234884,0.14634381167861754,-0.12401818933444053,0.2312651165479851,-0.12113404539642048,0.2834472585636849,-0.12113404539642048,0.2834472585636849
2026-01-14,2026,US_CORE_PPI_MOM,0.5842137905514205,0.0,0.08431049520302158,0.04170586694858258,0.023277693180601133,0.09602048436999633,0.023277693180601133,0.04267577083111318,0.023277693180601133,0.16876327555939152,0.023277693180601133,0.16876327555939152,0.023277693180601133
2026-01-30,2026,US_CORE_PPI_MOM,1.4758786609278485,1.0,0.08126227398930208,0.021300285617464887,0.03388681802778404,-0.07939197366511053,0.09488309047780419,-0.0755191944619149,0.1239289345016159,-0.2914266350389605,0.37565958270804334,-0.2914266350389605,0.37565958270804334
2026-02-11,2026,US_NFP,1.333605231856119,0.0,0.17820899955447445,0.1956811780402301,0.04844961240308976,0.34787764984929304,0.04844961240308976,0.5524534268913417,0.04844961240308976,0.6443642832435703,0.04844961240308976,0.6443642832435703,0.04844961240308976
2026-02-13,2026,US_CPI_MOM,0.947607082958686,1.0,0.38755767829676824,-0.22276653865150875,0.35912272892808517,-0.21167861138831068,0.35912272892808517,0.03326378178958311,0.35912272892808517,-0.23486245930226524,0.46787179097675935,-0.23486245930226524,0.46787179097675935
2026-02-20,2026,US_CORE_PCE_MOM,1.658312395177699,1.0,0.1639443192790524,0.2055187838123751,0.015111675280321535,0.32741963107363325,0.015111675280321535,0.18939966351336768,0.015111675280321535,0.3596578716716481,0.015111675280321535,0.3596578716716481,0.015111675280321535
2026-02-27,2026,US_CORE_PPI_MOM,1.2845232578665131,1.0,0.12559658377292449,0.1267605633802793,0.06841046277665797,0.03319919517102976,0.06841046277665797,-0.0392354124748584,0.117706237424553,0.087525150905432,0.117706237424553,0.087525150905432,0.117706237424553
2026-03-06,2026,US_NFP,3.3618277663876084,0.0,0.4542941856374716,-0.19991316902758793,0.35237220197288366,0.2433286552305569,0.35237220197288366,0.4523287864866776,0.35237220197288366,0.31804367799844746,0.35237220197288366,0.31804367799844746,0.35237220197288366
2026-03-18,2026,US_PPI_MOM,1.018493050689377,1.0,0.17681434493781456,0.05804179008885857,0.03502521815708093,0.28520534785044793,0.0550396285325494,0.4653350412296864,0.0550396285325494,0.2331678808742299,0.0550396285325494,0.2331678808742299,0.0550396285325494
2026-04-06,2026,US_NFP,1.7420135323004964,0.0,0.18516411333284744,-0.21476510067114374,0.27125522839275273,-0.20340733092411023,0.3491757587060773,-0.35518843572535097,0.4417987223098052,-0.34176561693339824,0.4417987223098052,0.4832214765100762,0.9632424994266309
2026-04-10,2026,US_CORE_CPI_MOM,1.1266014242982167,1.0,0.030602775967936147,-0.13915068736491953,0.15221151470223848,-0.08980647198728597,0.1601312681012601,-0.0907933562948382,0.1601312681012601,-0.0217114547661601,0.1601312681012601,-0.0217114547661601,0.1601312681012601
2026-04-14,2026,US_PPI_MOM,1.4478129468509575,0.0,0.060328302731316175,0.031155984383057778,0.010709869631675417,0.018498865727445413,0.048681225598534716,0.03602410694291125,0.048681225598534716,-0.04673397657459777,0.11878219046042027,-0.04673397657459777,0.11878219046042027
2026-05-08,2026,US_NFP,0.6975322790331527,0.0,0.01816593282064627,0.19892408019235308,0.006919577213837513,0.15049039110204276,0.006919577213837513,0.07005587171990957,0.025953353173235882,-0.051893238311051526,0.15939292087527868,-0.051893238311051526,0.15939292087527868
2026-05-12,2026,US_CORE_CPI_MOM,1.3932610920384734,1.0,0.05144121126905432,-0.15182967626825583,0.16641218754824827,-0.21359090051296103,0.289076841256497,-0.28135668822590887,0.31738406903532024,-0.07462814596235212,0.31738406903532024,-0.07462814596235212,0.31738406903532024
2026-05-13,2026,US_PPI_MOM,2.0516941338556385,1.0,0.19925916464427207,0.1254255509765323,0.0375423417888987,0.2081893499202181,0.0375423417888987,0.09470908951288992,0.0375423417888987,0.13481113642375142,0.0375423417888987,0.13481113642375142,0.0375423417888987
2026-05-28,2026,US_CORE_PCE_MOM,1.9420166249104476,1.0,0.08763876137216631,0.11758328816244834,0.05423445974135355,0.18763290664221,0.05423445974135355,0.3360713838969298,0.05423445974135355,0.3836050535796165,0.05423445974135355,0.3836050535796165,0.05423445974135355
2026-06-05,2026,US_NFP,1.2671925495924583,1.0,0.06640988179040797,0.16281233386497007,0.03571903242955976,-0.11380249867092296,0.1312466772993126,0.09801967038809423,0.1312466772993126,0.25169457735246814,0.1312466772993126,0.25169457735246814,0.1312466772993126
