sess,sym,rk,yr,sd0_close,sd0_struct,sd0_band,sd1_close,sd1_struct,sd1_band,sd2_close,sd2_struct,sd2_band,sd3_close,sd3_struct,pct0_close,pct0_struct,pct0_band,mix0_close,mix0_struct,mix0_band,mix1_close,mix1_struct,mix1_band,pct1_close,pct1_struct,pct1_band,pct2_close,pct2_struct,pct2_band,pct3_close,pct3_struct,mix2_close,mix2_struct,mix2_band,mix3_close,mix3_struct
2020-01-22,NFLX,10,2020,0.22602870292203203,-0.027232373846031166,-0.006354220564075419,0.22602870292203203,-0.027232373846031166,-0.006354220564075419,0.22602870292203203,-0.027232373846031166,-0.006354220564075419,0.22602870292203203,-0.027232373846031166,-0.0841590878240761,-0.0841590878240761,0.18296199300682492,-0.010867202782005592,-0.010867202782005592,0.12284383536580457,-0.23853409953377147,-0.23853409953377147,0.1258345377762371,,,,,,,,,,,,,
2020-01-29,AAPL,1,2020,-0.0906443992748418,-0.2691863978464992,-0.23897159808823343,-0.0906443992748418,-0.2691863978464992,-0.23897159808823343,-0.0906443992748418,-0.2691863978464992,-0.23897159808823343,-0.0906443992748418,-0.2691863978464992,-0.0906443992748418,-0.2691863978464992,-0.23897159808823343,-0.0906443992748418,-0.2691863978464992,-0.23897159808823343,-0.0906443992748418,-0.2691863978464992,-0.23897159808823343,,,,,,,,,,,,,
2020-01-30,MSFT,2,2020,0.1670500602475533,-0.24372877642677704,-0.12871070215796365,0.1670500602475533,-0.24372877642677704,-0.12871070215796365,0.1670500602475533,-0.24372877642677704,-0.12871070215796365,0.1670500602475533,-0.24372877642677704,-0.41729581331502175,-0.3321894303363049,0.17632625839416605,0.1670500602475533,-0.24372877642677704,0.07103187643771047,-1.4337215751525134,-1.3477537437603937,-0.7043529090765777,-0.8825881898667953,-0.7970874589734445,0.1906068696473806,-1.4337215751525134,-1.3477537437603937,0.1012819141960275,,,,,,,
2020-01-31,AMZN,3,2020,-2.4799436253252427,-0.07859930615784494,-0.037944492627928206,-2.4799436253252427,-0.07859930615784494,-0.037944492627928206,-2.4799436253252427,-0.07859930615784494,-0.037944492627928206,-2.4799436253252427,-0.07859930615784494,-2.646175491761138,-0.3923266322140795,-0.23146297896307066,-2.646175491761138,-0.3923266322140795,0.054070602480327246,2.0125272331154687,2.0125272331154687,0.1704975968603084,2.0125272331154687,2.0125272331154687,0.1685744275025436,1.7234786408827696,1.7234786408827696,0.1932511668048753,,,,,,,
2020-02-04,GOOGL,4,2020,-2.8179091334379125,-0.15960813451112443,-0.07705220286744474,-2.8179091334379125,-0.15960813451112443,-0.07705220286744474,-2.8179091334379125,-0.15960813451112443,-0.07705220286744474,-2.8179091334379125,-0.15960813451112443,2.569522606857544,2.569522606857544,0.17788604414366027,2.569522606857544,2.569522606857544,0.05692489028830128,1.2547425474254803,1.2547425474254803,0.2287398642603078,2.196389496717721,2.196389496717721,0.19238153026805982,1.3866275914468762,1.3866275914468762,0.14271651129329488,0.9047207518634526,0.9047207518634526,,,,,
2020-02-14,NVDA,7,2020,-0.08574769390672365,-0.054566714304282726,-0.00606296825602648,-0.08574769390672365,-0.054566714304282726,-0.00606296825602648,-0.08574769390672365,-0.054566714304282726,-0.00606296825602648,-0.08574769390672365,-0.054566714304282726,-0.07782504928919298,-0.3787485732074325,0.1920977238736965,-0.028549923434295632,-0.3296218432868758,0.08749883382470625,,,,,,,,,,,,,,,,
2020-04-22,NFLX,10,2020,-2.3189777567439673,-0.275082820634176,-0.14493610979648963,-2.3189777567439673,-0.275082820634176,-0.14493610979648963,-2.3189777567439673,-0.275082820634176,-0.14493610979648963,-2.3189777567439673,-0.275082820634176,-2.476596753169802,-0.42955326460480947,-0.23543782221779885,-2.3189777567439673,-0.275082820634176,-0.14493610979648963,-2.823851138457889,-0.9511919624279219,0.0639644806185724,-2.823851138457889,-0.9511919624279219,0.06721992556762979,1.4725726019360508,1.4725726019360508,-0.030513979926261037,1.4725726019360508,1.4725726019360508,1.4725726019360508,1.4725726019360508,0.11918996244959512,,
2020-04-29,GOOGL,4,2020,2.2326138404950013,-0.22810869379259469,-0.11215344111469294,2.2326138404950013,-0.22810869379259469,-0.11215344111469294,2.2326138404950013,-0.22810869379259469,-0.11215344111469294,2.2326138404950013,-0.22810869379259469,-2.5220176140912764,-0.3888825345990998,-0.20874618286779167,2.2326138404950013,-0.22810869379259469,-0.11215344111469294,1.7048194479902357,1.7048194479902357,0.1416926216509129,1.8058947129308889,1.8058947129308889,0.17576852643574892,1.4975230007077123,1.4975230007077123,0.13699259755768356,1.2481644640234935,1.2481644640234935,,,,,
2020-04-30,MSFT,2,2020,1.1854011386451813,-0.2172777029071149,-0.08159373653473523,1.1854011386451813,-0.2172777029071149,-0.08159373653473523,1.1854011386451813,-0.2172777029071149,-0.08159373653473523,1.1854011386451813,-0.2172777029071149,0.9292706466289768,-0.47704398180064,0.1652232234785056,0.9866064046739842,-0.4188943394146438,0.11023899174944507,-1.4753468984807783,-0.803488180771128,0.16196814548201655,-1.4753468984807783,-0.803488180771128,0.19066383149060062,-1.7071569271175258,-1.0368789669511935,-0.607813267395485,0.1223173579450676,0.1223173579450676,0.1223173579450676,0.1223173579450676,0.20539118686060398,,
2020-05-01,AAPL,1,2020,1.2832497662955689,-0.2974419988102328,-0.16052425332615528,1.2832497662955689,-0.2974419988102328,-0.16052425332615528,1.2832497662955689,-0.2974419988102328,-0.16052425332615528,1.2832497662955689,-0.2974419988102328,-1.5231582219459083,-0.4719247181168229,-0.19988843321548933,1.2832497662955689,-0.2974419988102328,0.039796795180502276,0.949349098971064,-0.7503837189471785,-0.3930372649039615,0.856354377080426,-0.8449742524680559,0.1889998755342126,0.6160164271047264,-1.0894364590463113,0.17713458844916818,0.18045888115493236,-1.5324682764744635,0.18045888115493236,-1.5324682764744635,-0.9705477332202506,,
2020-05-22,NVDA,7,2020,0.40830486763450136,-0.1547822374039276,-0.12275832621690963,0.40830486763450136,-0.1547822374039276,-0.12275832621690963,0.40830486763450136,-0.1547822374039276,-0.12275832621690963,0.40830486763450136,-0.1547822374039276,0.08512223020242793,-0.5320139387651968,-0.20949045006600775,0.40830486763450136,-0.1547822374039276,-0.12275832621690963,-0.8280630292635927,-0.8468217386643717,0.08434053088643978,-0.8280630292635927,-0.8468217386643717,0.07305384374968193,-1.0555436183927736,-1.0743446497636366,0.19961572377507064,,,,,,,
2020-06-12,ADBE,9,2020,-0.5909457735662427,-0.3332205243016695,-0.21346939838076118,-0.5909457735662427,-0.3332205243016695,-0.21346939838076118,-0.5909457735662427,-0.3332205243016695,-0.21346939838076118,-0.5909457735662427,-0.3332205243016695,-0.5909457735662427,-0.3332205243016695,-0.21346939838076118,-0.5909457735662427,-0.3332205243016695,-0.21346939838076118,-0.5909457735662427,-0.3332205243016695,-0.21346939838076118,-0.2993084941686486,-0.9572711322117899,0.06696400406374092,-0.7576730448182856,-1.4126107615256234,-0.7020192287947147,-1.1132437619961633,-1.7658349328214973,,,,,
2020-07-17,NFLX,10,2020,-1.009597111364502,-0.1852907639680712,-0.09343722285570788,-1.009597111364502,-0.1852907639680712,-0.09343722285570788,-1.009597111364502,-0.1852907639680712,-0.09343722285570788,-1.009597111364502,-0.1852907639680712,0.5367191563815155,0.5367191563815155,0.1923007204955418,0.6747798086940149,0.6747798086940149,0.09050857023509273,,,,-0.11041157677128544,-0.11041157677128544,-0.4100065828267496,,,,,,,,,,
2020-07-23,MSFT,2,2020,2.485818383065075,-0.07840243508738798,-0.002305953973169572,2.485818383065075,-0.07840243508738798,-0.002305953973169572,2.485818383065075,-0.07840243508738798,-0.002305953973169572,2.485818383065075,-0.07840243508738798,2.174516517072267,-0.49967613583787873,-0.29553128641790494,2.395790056778835,-0.27235378294787616,0.10729869291232763,-2.8174840281288804,-0.666452176311072,0.06472769421315139,-2.8174840281288804,-0.666452176311072,0.17929189373697696,-3.1469011955476134,-1.0031606431221696,0.10746821992995148,,,-3.1469011955476134,-1.0031606431221696,0.10700101261844619,,
2020-07-31,AAPL,1,2020,0.07346357813540205,-0.09642094630271103,-0.036983489569297756,0.016060939794426687,-0.15372613803230628,-0.012190453795668521,0.016060939794426687,-0.15372613803230628,0.008923455195897212,,,-0.2950594693504116,-0.46431838975297124,-0.23792518630203485,-0.24486246510138088,-0.4142065998443911,0.10876550685050557,-0.38457995578482507,-0.38457995578482507,-0.41756830142349877,-0.38457995578482507,-0.38457995578482507,-0.41756830142349877,,,,,,,,,,
2020-08-20,NVDA,7,2020,1.3022557718624483,-0.12360393766830402,-0.038258361659238016,1.3022557718624483,-0.12360393766830402,-0.038258361659238016,1.3022557718624483,-0.12360393766830402,-0.038258361659238016,1.3022557718624483,-0.12360393766830402,-1.6973188566363762,-0.4320850875249249,0.185953781199788,-1.5825236271884258,-0.318718045195987,0.1263139191471252,-2.211433534507723,-0.9398035765984414,-0.4963269333048137,-2.0727693265723657,-0.8028645138332902,-0.4091342006354859,,,,,,,,,,
2020-09-16,ADBE,9,2020,-1.9590732579955472,-0.08290065011562486,-0.04799511322483019,-1.9590732579955472,-0.08290065011562486,-0.04799511322483019,-1.9590732579955472,-0.08290065011562486,-0.04799511322483019,-1.9590732579955472,-0.08290065011562486,1.6565638882202305,-0.34575573888877553,0.1776123316548528,1.7533120545669134,-0.2470377333741336,0.11995669484731186,-2.040282500653934,-0.7018920568488962,0.16782783973274817,-2.20016974603382,-0.8639637875127892,0.09706109233955651,-2.5374105400130076,-1.205812188245503,-0.6452732703378872,,,,,,,
2020-10-21,NFLX,10,2020,-0.3420996365191331,-0.17318794098781787,-0.09977906065140596,-0.3420996365191331,-0.17318794098781787,-0.09977906065140596,-0.3420996365191331,-0.17318794098781787,-0.09977906065140596,-0.3420996365191331,-0.17318794098781787,-0.46553344153070775,-0.3651661399162842,0.19647842194860932,0.15209614189927168,-0.26134830016495414,-0.16288918678275532,0.09645268459972378,-0.6966027221090965,0.15317352187171895,0.09645268459972378,-0.6966027221090965,0.18073781150963475,-0.21285287351380244,-1.0083636129087692,0.12110445964251815,-0.4287776604684268,-1.2260024563142347,-0.21285287351380244,-1.0083636129087692,0.17029324530056789,,
2020-10-22,TSLA,6,2020,0.19269060312159247,-0.08564026805404357,-0.027119418217114166,0.19269060312159247,-0.08564026805404357,-0.027119418217114166,0.19269060312159247,-0.08564026805404357,-0.027119418217114166,0.19269060312159247,-0.08564026805404357,-0.3336059575567152,-0.7403899961258675,-0.16913116716035237,0.08359053497942748,-0.195044581618653,-0.1274037409158435,-0.3336059575567152,-0.7403899961258675,-0.10390434088844991,-0.3336059575567152,-0.7403899961258675,0.03201166650865783,,,,,,-0.3336059575567152,-0.7403899961258675,0.042493013786404354,,
2020-10-28,MSFT,2,2020,3.533844354943483,-0.12125936512061841,-0.06640393804222544,3.533844354943483,-0.12125936512061841,-0.06640393804222544,3.533844354943483,-0.12125936512061841,-0.06640393804222544,3.533844354943483,-0.12125936512061841,3.3098209441128623,-0.3537710255018922,-0.21867943053508476,3.3098209441128623,-0.3537710255018922,0.05319195195466753,3.0130186789741775,3.0130186789741775,0.10858747626618648,3.0130186789741775,3.0130186789741775,0.17032020754896848,2.708014850404017,2.708014850404017,0.10325659813043009,2.2683397683397666,2.2683397683397666,2.708014850404017,2.708014850404017,0.058777915434460315,,
2020-10-30,AAPL,1,2020,1.4507933678017504,-0.10474237832056588,-0.012628513698209609,1.4507933678017504,-0.10474237832056588,-0.012628513698209609,1.4507933678017504,-0.10474237832056588,-0.012628513698209609,1.4507933678017504,-0.10474237832056588,1.2461198329574152,-0.31264655307174927,-0.20498945150075887,1.2461198329574152,-0.31264655307174927,-0.20498945150075887,0.669377119881398,-0.9726184325793419,-0.05803125573229373,0.669377119881398,-0.9726184325793419,-0.016031642278835356,0.669377119881398,-0.9726184325793419,0.18520785800743012,0.3447965024563904,-1.3025645648352624,0.669377119881398,-0.9726184325793419,0.1144126063444939,,
2020-11-19,NVDA,7,2020,0.8246902152188929,-0.13464330044390405,-0.07503558930987975,0.8246902152188929,-0.13464330044390405,-0.07503558930987975,0.8246902152188929,-0.13464330044390405,-0.07503558930987975,0.8246902152188929,-0.13464330044390405,-1.242157297674118,-0.5281281027526008,-0.3539681219267399,-0.9733897983692508,-0.26125613635885614,-0.1528039744783216,-1.242157297674118,-0.5281281027526008,-0.3539681219267399,-1.3599255530645893,-0.6979400194577323,-0.43206313062897905,,,,,,,,,,
2022-01-26,MSFT,2,2022,1.0084243592489495,1.0084243592489495,-0.3129387687108909,1.0084243592489495,1.0084243592489495,-0.3129387687108909,1.0084243592489495,1.0084243592489495,-0.3129387687108909,1.0084243592489495,1.0084243592489495,1.0084243592489495,1.0084243592489495,0.08580947621428248,1.0084243592489495,1.0084243592489495,-0.11356464624829865,1.0084243592489495,1.0084243592489495,-0.01387758501701919,0.43479804074679773,0.43479804074679773,-0.1245867479323759,0.43479804074679773,0.43479804074679773,0.07397272175364566,-1.156230896864907,-1.156230896864907,1.0084243592489495,1.0084243592489495,0.08580947621428248,0.43479804074679773,0.43479804074679773
2022-01-28,AAPL,1,2022,-2.0125452778513964,-0.24560473540065075,-0.1307536001413645,-2.0125452778513964,-0.24560473540065075,-0.1307536001413645,-2.0125452778513964,-0.24560473540065075,-0.1307536001413645,-2.0125452778513964,-0.24560473540065075,-2.1913055791560554,-0.4212687623902589,-0.27252052900283985,-2.0125452778513964,-0.24560473540065075,-0.1307536001413645,-2.1913055791560554,-0.4212687623902589,-0.27252052900283985,-2.537962880738842,-0.7619216765828885,-0.4283600849968927,-2.8759800427655025,-1.0940841054882355,0.16145244912099121,-3.397388828196357,-1.6064616652040842,-3.397388828196357,-1.6064616652040842,0.16954227120563603,,
2022-02-02,GOOGL,3,2022,0.023152359060019112,-0.10418561577005825,-0.040241005032859434,0.023152359060019112,-0.10418561577005825,-0.040241005032859434,0.023152359060019112,-0.10418561577005825,-0.04024100503283723,0.023152359060019112,-0.10418561577005825,-0.3395921597072249,-0.4022353736337969,0.17960502024401137,-0.270542239231919,-0.3332288556393226,0.12816318328556786,-0.7258157216283201,-0.7882161682841504,0.18593756844287324,-0.7258157216283201,-0.7882161682841504,0.16951108298068895,,,,,,,,,,
2022-02-03,META,6,2022,-2.359752916028479,-0.11445306582734682,-0.05554339959268351,-2.359752916028479,-0.11445306582734682,-0.05554339959268351,-2.359752916028479,-0.11445306582734682,-0.05554339959268351,-2.359752916028479,-0.11445306582734682,1.9322446495587786,-0.5240558542110474,0.08275681737486273,2.218214303774002,-0.23092352554485718,-0.13146746153671618,1.9322446495587786,-0.5240558542110474,0.14178455182843885,1.4842489598369757,1.4842489598369757,0.08543765247585045,1.346870057650118,1.346870057650118,-0.6164453612624854,,,,,,,
2022-02-04,AMZN,4,2022,0.5049221437164353,-0.115217133465495,-0.028239493496440282,0.5049221437164353,-0.115217133465495,-0.028239493496440282,0.5049221437164353,-0.115217133465495,-0.028239493496440282,0.5049221437164353,-0.115217133465495,0.23954333865652266,-0.49097889979952125,0.09740224848767687,-0.6748985115020312,-0.28755074424898774,-0.15055294715308198,0.05276416122004246,0.05276416122004246,0.1629730423740927,0.05276416122004246,0.05276416122004246,0.1323327339910585,-0.21674574188483842,-0.21674574188483842,0.11494204095915395,-0.4653629660045455,-0.4653629660045455,-0.4653629660045455,-0.4653629660045455,0.09968166902485365,,
2022-02-10,PEP,7,2022,-2.3364718776465954,-0.024909081851243187,-0.010569061813259228,-2.3364718776465954,-0.024909081851243187,-0.010569061813259228,-2.3364718776465954,-0.024909081851243187,-0.010569061813259228,2.28941684665227,2.28941684665227,1.9375062527095088,1.9375062527095088,-0.21470976740203263,2.0453031312458347,2.0453031312458347,0.1118555714277214,0.9548830394583985,0.9548830394583985,-0.4794058576087279,0.9548830394583985,0.9548830394583985,-0.4612671880890984,0.9548830394583985,0.9548830394583985,-0.259131841634197,0.9548830394583985,0.9548830394583985,0.9548830394583985,0.9548830394583985,-0.2995475956132365,0.9548830394583985,0.9548830394583985
2022-02-17,NVDA,5,2022,-3.0090888862263188,-0.14891395512041106,-0.08786493903657489,-3.0090888862263188,-0.14891395512041106,-0.08786493903657489,-3.0090888862263188,-0.14891395512041106,-0.08786493903657489,-3.0090888862263188,-0.14891395512041106,2.7994579480933868,2.7994579480933868,0.1994466900717473,2.866105559079146,2.866105559079146,-0.1513776962619895,2.421174080005506,2.421174080005506,0.09053850869517044,2.421174080005506,2.421174080005506,0.1623885659605806,1.9450068352108496,1.9450068352108496,-0.030993113788846394,1.9450068352108496,1.9450068352108496,1.9450068352108496,1.9450068352108496,-0.8376946711581068,,
2022-03-04,AVGO,8,2022,1.6056758775205404,-0.07112628471852567,-0.011854380786413543,1.6056758775205404,-0.07112628471852567,-0.011854380786413543,1.6056758775205404,-0.07112628471852567,-0.011854380786413543,1.6056758775205404,-0.07112628471852567,1.4075723830734965,1.4075723830734965,-0.27904164135788,1.4075723830734965,1.4075723830734965,-0.27904164135788,0.941622956982513,0.941622956982513,0.12246519725653826,0.941622956982513,0.941622956982513,0.050376703418786306,0.6856076242439446,0.6856076242439446,0.14001692321683468,0.016261925411964473,0.016261925411964473,0.016261925411964473,0.016261925411964473,-0.027816939253488826,0.016261925411964473,0.016261925411964473
2022-04-26,PEP,7,2022,3.6958895489793253,-0.1554605518849561,-0.0882176941251922,3.6958895489793253,-0.1554605518849561,-0.0882176941251922,3.6958895489793253,-0.1554605518849561,-0.0882176941251922,3.6958895489793253,-0.1554605518849561,-4.077569679988202,-0.40001474708745155,0.14460477704862917,-4.077569679988202,-0.40001474708745155,0.045340907737068115,3.433173737148798,3.433173737148798,0.09971689565979602,3.433173737148798,3.433173737148798,0.11373842181877647,3.21404657391563,3.21404657391563,-0.6328305796746481,,,,,,,
2022-04-27,MSFT,2,2022,0.7594691465659276,-0.19374212922600442,-0.10526655687946862,0.7594691465659276,-0.19374212922600442,-0.10526655687946862,0.7594691465659276,-0.19374212922600442,-0.10526655687946862,0.7594691465659276,-0.19374212922600442,0.3279510774157446,0.3279510774157446,-0.06937724195824613,0.7594691465659276,-0.19374212922600442,-0.10526655687946862,0.3279510774157446,0.3279510774157446,-0.002591581006816668,0.3279510774157446,0.3279510774157446,0.12968774361554747,-0.44411263615307117,-0.44411263615307117,0.18516892975855015,-1.033301617507132,-1.033301617507132,0.3279510774157446,0.3279510774157446,0.14291055073485381,,
2022-04-28,META,6,2022,-2.135568789591469,-0.1118992527405771,-0.04678273843390368,-2.135568789591469,-0.1118992527405771,-0.04678273843390368,-2.135568789591469,-0.1118992527405771,-0.04678273843390368,-2.135568789591469,-0.1118992527405771,-2.4698405449632865,-0.4395478935951491,-0.21020682743284613,-2.2461030207522548,-0.2202434069376702,0.11333566582638621,1.7400011335512167,-0.7557008180461344,0.13650080857776636,1.7400011335512167,-0.7557008180461344,0.18008189305867006,1.4505858859877208,-1.0380166534795232,0.18532003098072902,1.2198560231565958,-1.2630866680450326,1.2198560231565958,-1.2630866680450326,0.22638137811190617,,
2022-04-29,AAPL,1,2022,-2.7995160863483415,-0.36104495104154477,-0.18209771527226692,-2.7995160863483415,-0.36104495104154477,-0.18209771527226692,-2.7995160863483415,-0.36104495104154477,-0.18209771527226692,-2.7995160863483415,-0.36104495104154477,-2.9572733449082844,-0.5227598701592839,0.14926361074076855,-2.7995160863483415,-0.36104495104154477,-0.18209771527226692,-3.4601231601081417,-1.0382246920997318,0.19132782733031206,-3.4601231601081417,-1.0382246920997318,0.13311702946556814,-3.6356140252244096,-1.2181181012349884,0.19585130268917617,,,,,,,
2022-05-19,CSCO,10,2022,0.19538636077146565,-0.09874364469095731,-0.05112259618751391,0.19538636077146565,-0.09874364469095731,-0.05112259618751391,0.19538636077146565,-0.09874364469095731,-0.05112259618751391,0.19538636077146565,-0.09874364469095731,-0.0063155235568990165,-0.4252452528314521,0.18421407521885813,0.08202927814234817,-0.3365303718660506,-0.16547254724377236,-0.32099339007032324,-0.7412413152281694,-0.0156788152216647,-0.32099339007032324,-0.7412413152281694,0.104734165231124,-0.7358242503922918,-1.3910683235082155,0.005167580620046852,-1.0723176102636067,-1.729750430841892,-0.32099339007032324,-0.7412413152281694,0.13486968493472418,,
2022-05-26,NVDA,5,2022,3.0711421793983673,-0.1826311480571774,-0.04828179776223962,3.0711421793983673,-0.1826311480571774,-0.04828179776223962,3.0711421793983673,-0.1826311480571774,-0.04828179776223962,3.0711421793983673,-0.1826311480571774,2.5523204812231137,-0.6850745645181511,-0.11312232031545078,2.9026511579167913,-0.34580320653881946,0.09629236395631846,2.5523204812231137,-0.6850745645181511,-0.07039477580819131,2.5523204812231137,-0.6850745645181511,0.085855523667977,2.2597105071331836,2.2597105071331836,0.08468851162710678,,,2.5523204812231137,-0.6850745645181511,0.06840218004173781,,
2022-07-12,PEP,7,2022,-0.9794236953277746,-0.052544189663505936,-0.027280303141030693,-0.9794236953277746,-0.052544189663505936,-0.027280303141030693,-0.9794236953277746,-0.052544189663505936,-0.027280303141030693,,,0.6976646151252042,-0.40679537981620495,0.16071345797281644,0.7604162278299742,-0.3433458314024529,0.07790345208105176,0.5089327195168303,-0.5976263884782673,0.0997441770798968,0.33002602128244796,-0.7785229219996248,0.09060213723468546,-0.9919092150887932,-1.1600294210360462,0.17904513254958232,-1.379469145105916,-1.5469312568031524,,,,,
2022-07-27,MSFT,2,2022,3.06781045751634,3.06781045751634,-0.3356481481481488,3.06781045751634,3.06781045751634,-0.3356481481481488,3.06781045751634,3.06781045751634,-0.3356481481481488,3.06781045751634,3.06781045751634,3.06781045751634,3.06781045751634,0.06300925925926126,3.06781045751634,3.06781045751634,-0.13631944444444377,3.06781045751634,3.06781045751634,-0.03665509259260791,2.6130101470199563,2.6130101470199563,0.06506675428539221,,,,,,3.06781045751634,3.06781045751634,0.06300925925926126,,
2022-07-28,META,6,2022,1.2578991296053443,-0.08346250149040557,-0.02782083383013889,1.2578991296053443,-0.08346250149040557,-0.02782083383013889,1.2578991296053443,-0.08346250149040557,-0.02782083383013889,1.2578991296053443,-0.08346250149040557,-1.5889788269069838,-0.428645480282297,0.19260993511222013,-1.4756840721711129,-0.3166447604253886,-0.17862637331418352,-1.7736233447180672,-0.6111810174366239,0.11839594926453811,-1.8468549499310427,-0.6835761827666875,0.19846590646918072,,,,,,,,,,
2022-07-29,AAPL,1,2022,-0.6771571043287627,-0.2755195094976681,-0.14746114592831816,-0.6771571043287627,-0.2755195094976681,-0.14746114592831816,-0.6771571043287627,-0.2755195094976681,-0.14746114592831816,-0.6771571043287627,-0.2755195094976681,0.4219082639829619,-0.36191213470099237,-0.20410689644769775,-0.6771571043287627,-0.2755195094976681,0.0528337763635256,-1.217228464419473,-0.9675405742821441,0.06553990729758485,-1.217228464419473,-0.9675405742821441,0.03175902366870931,-1.3556276126108546,-1.105598312302214,0.19948756254895006,,,,,,,
2022-08-18,CSCO,10,2022,-0.31699540263976367,-0.1260566513421324,-0.07909436946957893,-0.31699540263976367,-0.1260566513421324,-0.07909436946957893,-0.31699540263976367,-0.1260566513421324,-0.07909436946957893,-0.31699540263976367,-0.1260566513421324,-0.7202948183442581,-0.5285884455032752,-0.2420421085057578,-0.531312118003302,-0.33996544613499324,0.12374427175640967,0.09618408153451163,0.09618408153451163,0.149801328575494,0.09618408153451163,0.09618408153451163,0.18218608631479505,,,,,,,,,,
2022-08-25,NVDA,5,2022,1.6138996138996164,-0.06177606177606432,-0.023809523809525945,1.6138996138996164,-0.06177606177606432,-0.023809523809525945,1.6138996138996164,-0.06177606177606432,-0.023809523809525945,1.6138996138996164,-0.06177606177606432,1.31464977960849,1.31464977960849,0.18690681306119394,1.4142036915725686,1.4142036915725686,0.12349422638677776,0.7079171928213279,0.7079171928213279,-0.2669258246157602,0.7079171928213279,0.7079171928213279,-0.18442618592966475,0.7079171928213279,0.7079171928213279,0.014014318670874104,,,0.7079171928213279,0.7079171928213279,-0.1082359431793134,0.7079171928213279,0.7079171928213279
2022-09-02,AVGO,8,2022,-1.6066785830354258,-0.1035911602209949,-0.04536344924710445,-1.6066785830354258,-0.1035911602209949,-0.04536344924710445,-1.6066785830354258,-0.1035911602209949,-0.04536344924710445,-1.6066785830354258,-0.1035911602209949,1.2315220715669262,-0.4832296870221242,-0.24891713543861993,1.3461773451183268,-0.36658384587184845,-0.18296323459670027,-2.1532308562425495,-1.1654917486416116,-0.16393464198062313,-2.1532308562425495,-1.1654917486416116,-0.15040131560530856,-2.1532308562425495,-1.1654917486416116,0.04810683287261863,,,-2.1532308562425495,-1.1654917486416116,0.013879105100111921,,
2022-10-12,PEP,7,2022,-0.3265043342300711,-0.09427237819319423,-0.026719020814347516,-0.3265043342300711,-0.09427237819319423,-0.012755127536290267,-0.3265043342300711,-0.09427237819319423,0.0012087657417669817,-0.6212746446584094,-0.6327372764786787,-0.6212746446584094,-0.6327372764786787,-0.0029594576578251264,0.14512116465493774,-0.22804754445775455,-0.15002653725013637,-0.6212746446584094,-0.6327372764786787,-0.4013540414918415,-0.6212746446584094,-0.6327372764786787,-0.4013540414918415,-1.101934659609416,-1.113341850702687,0.15079556151764706,,,,,,,
2022-10-26,MSFT,2,2022,0.20694011806478008,-0.40516696800052543,-0.33691303432301645,0.20694011806478008,-0.40516696800052543,-0.33691303432301645,0.20694011806478008,-0.40516696800052543,-0.33691303432301645,0.20694011806478008,-0.40516696800052543,0.20694011806478008,-0.40516696800052543,-0.33691303432301645,0.20694011806478008,-0.40516696800052543,-0.33691303432301645,0.20694011806478008,-0.40516696800052543,-0.33691303432301645,-0.7130317938492836,-0.8582388764872939,0.1878397545723054,,,,,,0.20694011806478008,-0.40516696800052543,-0.33691303432301645,,
2022-10-27,META,6,2022,1.5977237907638386,-0.14664040271394896,-0.04523236302618194,1.5977237907638386,-0.14664040271394896,-0.04523236302618194,1.5977237907638386,-0.14664040271394896,-0.04523236302618194,1.5977237907638386,-0.14664040271394896,-1.8597747315113988,-0.3230594604033854,0.17563542539971166,-1.8597747315113988,-0.3230594604033854,0.026229938120336804,-2.1289564195219657,-0.5964560929949014,0.13186816427035453,-2.403021685805462,-0.8748127727006283,0.14645010700344852,1.3342696629213502,1.3342696629213502,0.13409996933317903,,,,,,,
2022-10-28,AAPL,1,2022,-4.036820835204313,-0.12572968118544914,-0.0007483909594485638,-4.036820835204313,-0.12572968118544914,-0.0007483909594485638,-4.036820835204313,-0.12572968118544914,-0.0007483909594485638,-4.036820835204313,-0.12572968118544914,3.734049697783748,-0.40071636445041525,-0.2661159390563439,3.734049697783748,-0.40071636445041525,-0.2661159390563439,3.734049697783748,-0.40071636445041525,-0.2661159390563439,-4.303786071219551,-0.749561067843163,0.1894055531419081,-4.694984184365114,-1.127428829643029,-0.6180421604361497,,,,,,,
2022-11-17,NVDA,5,2022,-0.5371321812237317,-0.09553734448642937,-0.018399784864053803,-0.5371321812237317,-0.09553734448642937,-0.018399784864053803,-0.5371321812237317,-0.09553734448642937,-0.018399784864053803,-0.5371321812237317,-0.09553734448642937,0.3127925780917473,-0.3617329134394387,-0.22243801490851034,0.4039201513637569,-0.26998873275367874,0.10882031381633794,-0.33624603786515106,-0.33624603786515106,-0.060738911538482654,0.1577051765658588,0.1577051765658588,0.19071903873136842,-0.33624603786515106,-0.33624603786515106,-0.004042262858172663,-0.33624603786515106,-0.33624603786515106,-0.33624603786515106,-0.33624603786515106,0.16371892938973343,,
2022-12-09,AVGO,8,2022,-0.6845052893590498,-0.10943501491320617,-0.050068307476636154,-0.6845052893590498,-0.10943501491320617,-0.050068307476636154,-0.6845052893590498,-0.10943501491320617,-0.050068307476636154,-0.6845052893590498,-0.10943501491320617,-0.8844251236696188,-0.42829303809666097,0.15310627426985413,-0.8844251236696188,-0.42829303809666097,0.0936413929433888,0.3552283149260482,0.3552283149260482,0.18588237597826351,-1.224977591873322,-0.7704127363523883,-0.40413166243321585,0.3552283149260482,0.3552283149260482,0.19955683729163676,,,,,,,
2024-01-25,TSLA,8,2024,0.09789594654030509,-0.04114467318360182,-0.01986294567484226,0.09789594654030509,-0.04114467318360182,-0.01986294567484226,0.09789594654030509,-0.04114467318360182,-0.01986294567484226,0.09789594654030509,-0.04114467318360182,-0.11184890487180299,-0.3879316447452208,-0.20434747505909678,-0.012754921273794295,-0.2891115488726115,-0.15734710655069817,-0.27844916535922914,-0.55407143563867,0.12293831419274426,-0.40654997176736707,-0.6818181818181834,0.19175231991741537,,,,,,,,,,
2024-01-31,MSFT,1,2024,-1.1893673425521278,-0.20778104177114898,-0.0917102529196856,-1.1893673425521278,-0.20778104177114898,-0.0917102529196856,-1.1893673425521278,-0.20778104177114898,-0.0917102529196856,-1.1893673425521278,-0.20778104177114898,0.784172661870508,-0.5395683453237377,0.002777243015650299,-1.2700094499012105,-0.2892242490192154,-0.13158309960862313,0.784172661870508,-0.5395683453237377,0.023803640491992795,0.6827118351121264,-0.642382865949398,0.1263710522663941,,,,,,,,,,
2024-02-01,QCOM,10,2024,-0.9711969894340644,-0.04921117383123175,-0.006754474839598679,-0.9711969894340644,-0.04921117383123175,-0.006754474839598679,-0.9711969894340644,-0.04921117383123175,-0.006754474839598679,-0.9711969894340644,-0.04921117383123175,0.5897450686353611,0.5897450686353611,-0.2149373850056202,-0.9799664176944001,-0.319900411093732,-0.17240572875862892,,,,,,,,,,,,,,,,
2024-02-02,AAPL,2,2024,0.7200477191387833,-0.1391808214508905,-0.05018084038704851,0.7200477191387833,-0.1391808214508905,-0.05018084038704851,0.7200477191387833,-0.1391808214508905,-0.05018084038704851,0.7200477191387833,-0.1391808214508905,-1.1582295633816964,-0.6646982469653562,-0.05753591298653937,0.5943262411347572,-0.2638297872340378,-0.16886167734746493,-1.1582295633816964,-0.6646982469653562,0.026344331611383165,-1.1582295633816964,-0.6646982469653562,0.1433828338267107,,,,,,,,,,
2024-02-22,NVDA,3,2024,-1.9923978012971855,-0.0932611736777389,-0.02826096172052761,-1.9923978012971855,-0.0932611736777389,-0.02826096172052761,-1.9923978012971855,-0.0932611736777389,-0.02826096172052761,-1.9923978012971855,-0.0932611736777389,1.7379415329969339,1.7379415329969339,0.19956474176470174,1.76519520069931,1.76519520069931,0.06870718942346699,0.9595344998811095,0.9595344998811095,0.1981874606065137,1.0429207380239003,1.0429207380239003,0.11203242806487879,0.8734661933644583,0.8734661933644583,0.19297733784615634,,,,,,,
2024-03-08,AVGO,7,2024,1.2183102447571592,-0.14783989486941707,-0.09627845005384383,1.2183102447571592,-0.14783989486941707,-0.09627845005384383,1.2183102447571592,-0.14783989486941707,-0.09627845005384383,1.2183102447571592,-0.14783989486941707,-1.5793780687397674,-0.4459901800327293,0.1267257976360403,-1.3991747055447812,-0.26371163883802673,0.11834392815341932,-1.6839695904520613,-0.5517861522112311,-0.34547240376665567,,,,,,,,,,,,,
2024-04-24,TSLA,8,2024,0.11737089201877549,-0.10747214208948197,-0.02686803552236494,0.11737089201877549,-0.10747214208948197,-0.02686803552236494,0.11737089201877549,-0.10747214208948197,-0.02686803552236494,0.11737089201877549,-0.10747214208948197,-0.4804576323724219,-0.44664243244004753,-0.23555319556580745,-0.2527820143478521,-0.21888945376490332,0.10483100546616608,,,,,,,,,,,,,,,,
2024-04-25,META,6,2024,0.5926562164483506,-0.1503113592441485,-0.06251043828884306,0.5926562164483506,-0.1503113592441485,-0.06251043828884306,0.5926562164483506,-0.1503113592441485,-0.06251043828884306,0.5926562164483506,-0.1503113592441485,-0.8235884927182635,-0.4060549537269642,-0.2521885221398623,-0.7108767001562155,-0.293809926475852,0.1274931997804596,-1.0744800207128646,-0.831391501970602,0.14334332104302128,-1.0744800207128646,-0.831391501970602,0.12840955009499888,-1.3500064904158116,-1.1062553185351875,0.11895448531452635,,,,,,,
2024-04-26,MSFT,1,2024,-0.336061194071835,-0.26716161871818134,-0.07686755345577279,-0.336061194071835,-0.26716161871818134,-0.07686755345577279,-0.336061194071835,-0.26716161871818134,-0.07686755345577279,-0.336061194071835,-0.26716161871818134,-0.6516679596586528,-0.5825516609069714,-0.22416357356054295,-0.5495511998534486,-0.4805050234616193,-0.15016334920954222,,,,,,,,,,,,,,,,
2024-05-01,AMZN,5,2024,-0.37434988855232776,-0.2471852317540102,-0.10954258825323082,-0.37434988855232776,-0.2471852317540102,-0.10954258825323082,-0.37434988855232776,-0.2471852317540102,-0.10954258825323082,-0.37434988855232776,-0.2471852317540102,0.1589415352893142,-0.4009336025316168,0.1697588043576559,-0.37434988855232776,-0.2471852317540102,-0.10954258825323082,0.0014341646707882738,-0.5593242216071159,-0.3569376352380971,,,,,,,,,,,,,
2024-05-02,QCOM,10,2024,0.8572285800008572,-0.06429214350006651,-0.003809904800011754,0.8572285800008572,-0.06429214350006651,-0.003809904800011754,0.8572285800008572,-0.06429214350006651,-0.003809904800011754,0.8572285800008572,-0.06429214350006651,0.4039312179095145,-0.5134477805117443,0.15512610779144786,0.7133379938082163,-0.20686801820438694,0.11064365590953695,,,,,,,,,,,,,,,,
2024-05-03,AAPL,2,2024,-1.5198511166253148,-0.07331378299120228,-0.022558087074209254,-1.5198511166253148,-0.07331378299120228,-0.022558087074209254,-1.5198511166253148,-0.07331378299120228,-0.022558087074209254,-1.5198511166253148,-0.07331378299120228,0.5165000837567657,0.5165000837567657,-0.4232692929399984,1.3170113972140074,-0.25186435908259863,0.09772976091315666,0.5165000837567657,0.5165000837567657,-0.24518900156341727,0.5165000837567657,0.5165000837567657,-0.22490927161118446,0.5165000837567657,0.5165000837567657,-0.026549250282392745,0.5165000837567657,0.5165000837567657,0.5165000837567657,0.5165000837567657,-0.06937540824534238,0.5165000837567657,0.5165000837567657
2024-05-23,NVDA,3,2024,0.8879229229892482,-0.04903454947851049,-0.007951548564077981,0.8879229229892482,-0.04903454947851049,-0.007951548564077981,0.8879229229892482,-0.04903454947851049,-0.007951548564077981,0.8879229229892482,-0.04903454947851049,-1.1473134624281234,-0.37274469631881635,0.19856791074581714,-1.0950208292005548,-0.32004231964557484,0.08594398694237171,-1.3077674259019734,-0.5344559106864821,0.13872522855240543,-1.6801419838296194,-0.9097482416354441,-0.4057127871537003,,,,,,,,,,
2024-06-13,AVGO,7,2024,-0.0012760147507284714,-0.053592619530684615,-0.0051040590029138855,-0.0012760147507284714,-0.053592619530684615,-0.0051040590029138855,-0.0012760147507284714,-0.053592619530684615,-0.0051040590029138855,-0.0012760147507284714,-0.053592619530684615,-0.3636086248982928,-0.41573433685923034,-0.21679792678066523,-0.2913523072812674,-0.3435158208119682,-0.16319892303029437,,,,,,,,,,,,,,,,
2024-07-24,GOOGL,4,2024,3.184825760917509,3.184825760917509,-0.02940744008232965,3.184825760917509,3.184825760917509,-0.02940744008232965,3.184825760917509,3.184825760917509,-0.02940744008232965,3.184825760917509,3.184825760917509,2.8554808032778545,2.8554808032778545,0.14933907013034986,3.0394062555221812,3.0394062555221812,0.07124851366736573,2.7090694935217874,2.7090694935217874,0.09507615477851727,2.6609898882384297,2.6609898882384297,0.1997597224311809,2.1102530774524064,2.1102530774524064,0.16103136605262192,,,,,,,
2024-07-31,MSFT,1,2024,2.8499835146719388,2.8499835146719388,-0.41455104956588107,2.8499835146719388,2.8499835146719388,-0.41455104956588107,2.8499835146719388,2.8499835146719388,-0.41455104956588107,2.8499835146719388,2.8499835146719388,2.8499835146719388,2.8499835146719388,-0.41455104956588107,2.8499835146719388,2.8499835146719388,-0.41455104956588107,2.8499835146719388,2.8499835146719388,-0.41455104956588107,2.8499835146719388,2.8499835146719388,-0.41455104956588107,1.6051280715011496,1.6051280715011496,0.052659689511402874,1.5138695442771022,1.5138695442771022,2.8499835146719388,2.8499835146719388,-0.41455104956588107,2.8499835146719388,2.8499835146719388
2024-08-01,META,6,2024,-3.0606786223762006,-0.23308538822091052,-0.1940255417430814,-3.0606786223762006,-0.23308538822091052,-0.1940255417430814,-3.0606786223762006,-0.23308538822091052,-0.1940255417430814,-3.0606786223762006,-0.23308538822091052,-3.2971640577353134,-0.47646879447041934,0.1889528604159585,-3.0606786223762006,-0.23308538822091052,0.005586407173430175,2.716210343328984,2.716210343328984,0.08251042628916183,2.716210343328984,2.716210343328984,0.1422806410415589,2.558029369966841,2.558029369966841,-0.6075941025437626,,,2.558029369966841,2.558029369966841,-0.6075941025437626,,
2024-08-02,AAPL,2,2024,2.0979758686622274,2.0979758686622274,-0.034284960770092354,2.0979758686622274,2.0979758686622274,-0.034284960770092354,2.0979758686622274,2.0979758686622274,-0.034284960770092354,2.0979758686622274,2.0979758686622274,1.8896847001612205,1.8896847001612205,0.17517057171794193,1.8896847001612205,1.8896847001612205,0.007133237380974045,1.3263868584035499,1.3263868584035499,0.03319186930519358,1.3263868584035499,1.3263868584035499,0.09201896134417575,0.7605630037560318,0.7605630037560318,-0.25819716377808444,0.7605630037560318,0.7605630037560318,0.7605630037560318,0.7605630037560318,-0.2922558127039343,0.7605630037560318,0.7605630037560318
2024-08-29,NVDA,3,2024,0.7428378483675724,-0.3272642269032011,-0.2320286053176135,0.7428378483675724,-0.3272642269032011,-0.2320286053176135,0.7428378483675724,-0.3272642269032011,-0.2320286053176135,0.7428378483675724,-0.3272642269032011,0.7428378483675724,-0.3272642269032011,-0.2320286053176135,0.7428378483675724,-0.3272642269032011,-0.03249266252824956,0.7428378483675724,-0.3272642269032011,0.0672753088664324,0.38173371808640777,0.38173371808640777,0.13781657466385155,0.09031791907514464,0.09031791907514464,0.1741790884808303,-0.35324795437321477,-0.35324795437321477,,,,,
2024-09-06,AVGO,7,2024,-2.485636927953505,-0.06471637060028179,-0.00880494838099155,-2.485636927953505,-0.06471637060028179,-0.00880494838099155,-2.485636927953505,-0.06471637060028179,-0.00880494838099155,-2.485636927953505,-0.06471637060028179,2.086040898602237,-0.43630480333129995,0.13558784039517935,2.2338453389830537,-0.2846927966101642,0.09896645201845633,1.8073731248005154,-0.7221512926907092,-0.4550834003681281,1.8073731248005154,-0.7221512926907092,-0.4550834003681281,1.490326884589721,-1.0473649099399518,0.14922801999095459,,,1.490326884589721,-1.0473649099399518,0.18117868913742896,,
2024-10-24,TSLA,8,2024,-0.44480587488757717,-0.04312522332705626,-0.017250089330822505,-0.44480587488757717,-0.04312522332705626,-0.017250089330822505,-0.44480587488757717,-0.04312522332705626,-0.017250089330822505,-0.44480587488757717,-0.04312522332705626,0.0724272964977013,-0.4775291243662605,0.16968515128541473,0.27553631174965787,-0.27553631174965787,0.058215911324333014,,,,,,,,,,,,,,,,
2024-10-30,GOOGL,4,2024,0.9215700465610044,-0.055487201756299065,-0.0036187305493262656,0.9215700465610044,-0.055487201756299065,-0.0036187305493262656,0.9215700465610044,-0.055487201756299065,-0.0036187305493262656,0.9215700465610044,-0.055487201756299065,0.8342488741865717,0.8342488741865717,-0.20117245590007826,-1.2051960548472462,-0.3175366851094541,-0.1631503312042093,0.5677484958901746,0.5677484958901746,0.12294092987649163,,,,,,,,,,,,,
2024-10-31,MSFT,1,2024,2.1586339245333708,-0.20412902910367237,-0.16256982557358857,2.1586339245333708,-0.20412902910367237,-0.16256982557358857,2.1586339245333708,-0.20412902910367237,-0.16256982557358857,2.1586339245333708,-0.20412902910367237,1.8563248691131573,1.8563248691131573,0.16316038609086592,2.1586339245333708,-0.20412902910367237,-0.16256982557358857,1.6138548145234632,1.6138548145234632,0.12887659352553982,1.6138548145234632,1.6138548145234632,0.1804042188636612,,,,,,,,,,
2024-11-01,AAPL,2,2024,-0.33116705261322377,-0.05228953462315111,-0.0037349667588060242,-0.33116705261322377,-0.05228953462315111,-0.0037349667588060242,-0.33116705261322377,-0.05228953462315111,-0.0037349667588060242,-0.33116705261322377,-0.05228953462315111,-0.5904012981339246,-0.418148910940519,-0.23444833405512622,0.22261189667822645,-0.19027720777524681,-0.12434959440539295,,,,,,,,,,,,,,,,
2024-11-07,QCOM,10,2024,-1.4824201704783269,-0.05618850646167406,-0.009165501054031466,-1.4824201704783269,-0.05618850646167406,-0.009165501054031466,-1.4824201704783269,-0.05618850646167406,-0.009165501054031466,-1.4824201704783269,-0.05618850646167406,1.301971454484696,1.301971454484696,0.1993303575441363,-1.7207702723754048,-0.29118884135601597,-0.15951645852811946,,,,,,,,,,,,,,,,
2024-11-21,NVDA,3,2024,0.45224312590448346,-0.042209358417755194,-0.012461810580477461,0.45224312590448346,-0.042209358417755194,-0.012461810580477461,0.45224312590448346,-0.042209358417755194,-0.012461810580477461,0.45224312590448346,-0.042209358417755194,-0.7767413161046788,-0.4791114660084972,0.11856992443619596,0.3493765435817142,-0.30721040901150465,-0.15607846941193548,0.2732700919728437,-0.8270332739442332,0.15932146652506418,0.32157826275474033,-0.7792551910199008,0.19585683532479248,0.09012256669069796,-1.0081711127132853,0.1827571559926744,,,,,,,
2024-12-13,AVGO,7,2024,-0.31293863181389714,-0.06903058054719136,-0.013806116109438271,-0.31293863181389714,-0.06903058054719136,-0.013806116109438271,-0.31293863181389714,-0.06903058054719136,-0.013806116109438271,-0.31293863181389714,-0.06903058054719136,0.06656567047698125,-0.3902125510719334,0.19846863469059617,-0.44352283854616203,-0.31219399804158776,-0.166458375934031,,,,,,,,,,,,,,,,
2026-01-29,MSFT,4,2026,1.0582614819467429,-0.0942157254610887,-0.05551431634911452,1.0582614819467429,-0.0942157254610887,-0.05551431634911452,1.0582614819467429,-0.0942157254610887,-0.05551431634911452,1.0582614819467429,-0.0942157254610887,0.6583536381443822,0.6583536381443822,0.008478467936978706,0.9253170950189182,0.9253170950189182,0.058450925211084304,0.6583536381443822,0.6583536381443822,0.030712173225999617,,,,,,,,,,,,,
2026-01-30,AAPL,2,2026,1.0701935210426394,-0.2205889435812569,-0.18526902539495183,1.0701935210426394,-0.2205889435812569,-0.18526902539495183,1.0701935210426394,-0.2205889435812569,-0.18526902539492962,1.0701935210426394,-0.2205889435812569,0.8974062065771227,-0.3956306932221709,-0.25141522597667,1.0701935210426394,-0.2205889435812569,0.015101512655812943,0.641416340153822,0.641416340153822,0.13365059082088848,0.5731213816872249,0.5731213816872249,0.15665288290075408,0.06616716940741618,0.06616716940741618,-0.6325141996928352,,,,,,,
2026-02-05,GOOGL,3,2026,-1.8631004540747287,-0.20313869194614753,-0.14704320348390976,-1.8631004540747287,-0.20313869194614753,-0.14704320348390976,-1.8631004540747287,-0.20313869194614753,-0.14704320348390976,-1.8631004540747287,-0.20313869194614753,-2.0523166828996797,-0.4919596891212352,-0.2594784244080883,-1.8631004540747287,-0.20313869194614753,-0.14704320348390976,1.2959828537662643,1.2959828537662643,0.15219718595560483,1.2959828537662643,1.2959828537662643,0.12965556043323945,0.829165702325485,0.829165702325485,0.029399663325491154,0.6031204929854428,0.6031204929854428,0.829165702325485,0.829165702325485,0.14058640510271614,,
2026-02-06,AMZN,5,2026,2.8538999550083766,-0.17894392408687176,-0.06816911393786595,2.8538999550083766,-0.17894392408687176,-0.06816911393786595,2.8538999550083766,-0.17894392408687176,-0.06816911393786595,2.8538999550083766,-0.17894392408687176,-3.1767360754949125,-0.4164529695353414,-0.23778858638987543,-3.1767360754949125,-0.4164529695353414,-0.23778858638987543,2.7288975131491533,2.7288975131491533,0.19059236142395797,2.7288975131491533,2.7288975131491533,0.1346258991010707,2.539349208938191,2.539349208938191,0.17696248080254495,1.823132832587615,1.823132832587615,2.3661232215912653,2.3661232215912653,0.21491367781529824,,
2026-02-26,NVDA,1,2026,1.1760418410866058,-0.1250898775695175,-0.07715517382895776,1.1760418410866058,-0.1250898775695175,-0.07715517382895776,1.1760418410866058,-0.1250898775695175,-0.07715517382895776,1.1760418410866058,-0.1250898775695175,0.9565457740222327,0.9565457740222327,0.17766935905194625,0.9565457740222327,0.9565457740222327,0.053221394340385864,,,,,,,,,,,,,,,,
2026-03-05,AVGO,6,2026,0.4055706319148311,-0.08548792731537525,-0.01656742777429443,0.4055706319148311,-0.08548792731537525,-0.01656742777429443,0.4055706319148311,-0.08548792731537525,-0.01656742777429443,0.4055706319148311,-0.08548792731537525,-0.7174354654907567,-0.3517812020016886,-0.2172608109084151,-0.7174354654907567,-0.3517812020016886,-0.2172608109084151,0.15247548433389158,0.15247548433389158,0.11681186211601746,0.07978378594010183,0.07978378594010183,0.19103092902863494,,,,,,,,,,
2026-03-19,MU,9,2026,0.12192767656651338,-0.09652607728183327,-0.04165862282690114,0.12192767656651338,-0.09652607728183327,-0.04165862282690114,0.12192767656651338,-0.09652607728183327,-0.04165862282690114,0.12192767656651338,-0.09652607728183327,-0.36994243087651313,-0.4206194762020554,0.19000482293720644,-0.32953439325114076,-0.38023199221285386,-0.18925644375709094,-0.2754286996704991,-0.2754286996704991,-0.4386179641213017,-0.2754286996704991,-0.2754286996704991,-0.4386179641213017,-0.6234005527689712,-0.6234005527689712,0.18066631949011924,,,,,,,
2026-04-23,TSLA,8,2026,0.5659262541775179,-0.03692830369836919,-0.006154717283068933,0.5659262541775179,-0.03692830369836919,-0.006154717283068933,0.5659262541775179,-0.03692830369836919,-0.006154717283068933,0.5659262541775179,-0.03692830369836919,0.044546323536232,-0.599519270925164,-0.11797707810521363,0.43632195383491723,-0.2052192240494799,0.0703984528272028,0.044546323536232,-0.599519270925164,-0.09839705035457058,0.044546323536232,-0.599519270925164,0.08306303650946756,,,,,,0.044546323536232,-0.599519270925164,0.03531816589636971,,
2026-04-30,GOOGL,3,2026,1.0035343454135814,-0.3534345413591655,-0.2646180892559524,1.0035343454135814,-0.3534345413591655,-0.2646180892559524,1.0035343454135814,-0.3534345413591655,-0.2646180892559524,1.0035343454135814,-0.3534345413591655,1.0035343454135814,-0.3534345413591655,0.13432343838701843,1.0035343454135814,-0.3534345413591655,-0.065147325434467,1.0035343454135814,-0.3534345413591655,0.03458805647627017,0.5203254995944873,-0.8301515413845606,0.1280809887211687,-0.9859657795721066,-0.9859657795721066,0.19651717246534917,-1.3440884911848805,-1.3440884911848805,,,,,
2026-05-01,AAPL,2,2026,-0.8258101904253135,-0.12224164003005189,-0.06398821650959174,-0.8258101904253135,-0.12224164003005189,-0.06398821650959174,-0.8258101904253135,-0.12224164003005189,-0.06398821650959174,-0.8258101904253135,-0.12224164003005189,-0.9986575720194457,-0.40817066976270855,-0.20225216508638066,-0.9382308682488238,-0.2465688851823078,-0.16077365992501758,,,,,,,,,,,,,,,,
2026-05-21,NVDA,1,2026,-0.7708497313575924,-0.19677629102357042,-0.1565654837274666,-0.7708497313575924,-0.19677629102357042,-0.1565654837274666,-0.7708497313575924,-0.19677629102357042,-0.1565654837274666,-0.7708497313575924,-0.19677629102357042,-1.0396918668988508,-0.4640868811817578,0.07460936157072107,-0.7708497313575924,-0.19677629102357042,-0.1565654837274666,-1.0396918668988508,-0.4640868811817578,0.09252660887154596,0.377528932522031,0.377528932522031,0.19013589660255015,,,,,,,,,,
2026-06-04,AVGO,6,2026,0.04430296665791644,-0.13126804935679193,-0.03965388990986307,0.04430296665791644,-0.13126804935679193,-0.03965388990986307,0.04430296665791644,-0.13126804935679193,-0.03965388990986307,0.04430296665791644,-0.13126804935679193,-0.02213677245858081,-0.40584082840722235,-0.2012157457459085,-0.02213677245858081,-0.40584082840722235,0.1042851011826551,-0.5939515929451744,-0.7886357261883248,0.1279478214373797,-0.5939515929451744,-0.7886357261883248,0.14344542951054695,-0.9194660310681835,-1.1147801474787,0.17765764368409265,,,,,,,
